{"textures":{"0":"modelengine:entity/capybara"},"elements":[{"from":[5.55,1.0,5.5],"to":[10.45,8.0,10.5],"faces":{"east":{"uv":[8.625,10.375,8.0,11.25],"tintindex":0,"rotation":0,"texture":"#0"},"south":{"uv":[7.875,10.375,7.25,11.25],"tintindex":0,"rotation":0,"texture":"#0"},"north":{"uv":[4.375,10.25,3.75,11.125],"tintindex":0,"rotation":0,"texture":"#0"},"west":{"uv":[7.125,10.375,6.5,11.25],"tintindex":0,"rotation":0,"texture":"#0"},"up":{"uv":[11.125,4.375,11.75,3.75],"tintindex":0,"rotation":0,"texture":"#0"},"down":{"uv":[4.5,11.125,5.125,11.75],"tintindex":0,"rotation":0,"texture":"#0"}}}],"display":{"gui":{"rotation":[30,225,0]}}}