{
	"credit": "Made by Nog's Menagerie",
	"texture_size": [64, 64],
	"textures": {
		"0": "nogs_menagerie/plushies/nm_plushie_slasher_texture",
		"particle": "nogs_menagerie/plushies/nm_plushie_slasher_texture"
	},
	"elements": [
		{
			"name": "torso",
			"from": [5.5, 0, 7.25],
			"to": [10.5, 8, 11.25],
			"rotation": {"angle": 0, "axis": "y", "origin": [8, 2.0045, 8.85355]},
			"faces": {
				"north": {"uv": [6.25, 0, 7.5, 2], "texture": "#0"},
				"east": {"uv": [0, 6.75, 1, 8.75], "texture": "#0"},
				"south": {"uv": [6.25, 2.25, 7.5, 4.25], "texture": "#0"},
				"west": {"uv": [7.75, 0, 8.75, 2], "texture": "#0"},
				"up": {"uv": [7.5, 5.5, 6.25, 4.5], "texture": "#0"},
				"down": {"uv": [9, 2.25, 7.75, 3.25], "texture": "#0"}
			}
		},
		{
			"name": "head",
			"from": [4.5, 5.575, 4.85],
			"to": [11.5, 12.575, 11.85],
			"rotation": {"angle": -22.5, "axis": "x", "origin": [8, 7.725, 8.25]},
			"faces": {
				"north": {"uv": [2.25, 0, 4, 1.75], "texture": "#0"},
				"east": {"uv": [2.25, 2, 4, 3.75], "texture": "#0"},
				"south": {"uv": [2.25, 4, 4, 5.75], "texture": "#0"},
				"west": {"uv": [4.25, 0, 6, 1.75], "texture": "#0"},
				"up": {"uv": [6, 3.75, 4.25, 2], "texture": "#0"},
				"down": {"uv": [6, 4, 4.25, 5.75], "texture": "#0"}
			}
		},
		{
			"name": "head",
			"from": [7, 6.65112, 3.23268],
			"to": [9, 8.65112, 5.23268],
			"rotation": {"angle": -22.5, "axis": "x", "origin": [8, 6.80112, 8.63268]},
			"faces": {
				"north": {"uv": [0, 0, 0.5, 0.5], "texture": "#0"},
				"east": {"uv": [0, 0.5, 0.5, 1], "texture": "#0"},
				"south": {"uv": [0.5, 0, 1, 0.5], "texture": "#0"},
				"west": {"uv": [0.5, 0.5, 1, 1], "texture": "#0"},
				"up": {"uv": [0.5, 1.5, 0, 1], "texture": "#0"},
				"down": {"uv": [1.5, 0, 1, 0.5], "texture": "#0"}
			}
		},
		{
			"name": "head",
			"from": [12, 4.75642, 5.62269],
			"to": [12, 12.75642, 11.62269],
			"rotation": {"angle": -22.5, "axis": "x", "origin": [8, 9.40642, 7.02269]},
			"faces": {
				"north": {"uv": [4.75, 8.5, 4.75, 10.5], "texture": "#0"},
				"east": {"uv": [0, 4.5, 1.5, 6.5], "texture": "#0"},
				"south": {"uv": [1, 9, 1, 11], "texture": "#0"},
				"west": {"uv": [1.5, 4.5, 0, 6.5], "texture": "#0"},
				"up": {"uv": [2.5, 10.5, 2.5, 9], "texture": "#0"},
				"down": {"uv": [2.75, 9, 2.75, 10.5], "texture": "#0"}
			}
		},
		{
			"name": "head",
			"from": [4, 4.75642, 5.62269],
			"to": [4, 12.75642, 11.62269],
			"rotation": {"angle": -22.5, "axis": "x", "origin": [8, 9.40642, 7.02269]},
			"faces": {
				"north": {"uv": [4.75, 8.5, 4.75, 10.5], "texture": "#0"},
				"east": {"uv": [0, 4.5, 1.5, 6.5], "texture": "#0"},
				"south": {"uv": [1, 9, 1, 11], "texture": "#0"},
				"west": {"uv": [1.5, 4.5, 0, 6.5], "texture": "#0"},
				"up": {"uv": [2.5, 10.5, 2.5, 9], "texture": "#0"},
				"down": {"uv": [2.75, 9, 2.75, 10.5], "texture": "#0"}
			}
		},
		{
			"name": "head",
			"from": [4, 12.83254, 6.00538],
			"to": [12, 12.83254, 12.00538],
			"rotation": {"angle": -22.5, "axis": "x", "origin": [8, 8.48254, 7.40538]},
			"faces": {
				"north": {"uv": [9, 2, 11, 2], "texture": "#0"},
				"east": {"uv": [6.25, 5.75, 7.75, 5.75], "texture": "#0"},
				"south": {"uv": [5, 9, 7, 9], "texture": "#0"},
				"west": {"uv": [3, 9, 4.5, 9], "texture": "#0"},
				"up": {"uv": [5.5, 7.5, 3.5, 6], "texture": "#0"},
				"down": {"uv": [5.5, 6, 3.5, 7.5], "texture": "#0"}
			}
		},
		{
			"name": "head",
			"from": [4, 4.75642, 11.62269],
			"to": [12, 12.75642, 11.62269],
			"rotation": {"angle": -22.5, "axis": "x", "origin": [8, 9.40642, 7.02269]},
			"faces": {
				"north": {"uv": [2, 2.25, 0, 4.25], "texture": "#0"},
				"east": {"uv": [9, 7.5, 9, 9.5], "texture": "#0"},
				"south": {"uv": [0, 2.25, 2, 4.25], "texture": "#0"},
				"west": {"uv": [3, 9.25, 3, 11.25], "texture": "#0"},
				"up": {"uv": [11.25, 2.25, 9.25, 2.25], "texture": "#0"},
				"down": {"uv": [11.25, 2.5, 9.25, 2.5], "texture": "#0"}
			}
		},
		{
			"name": "right_arm",
			"from": [10.71576, 2.10686, 8.25],
			"to": [12.71576, 6.10686, 10.25],
			"rotation": {"angle": 45, "axis": "z", "origin": [11.71576, 2.85686, 6]},
			"faces": {
				"north": {"uv": [7.75, 4.25, 8.25, 5.25], "texture": "#0"},
				"east": {"uv": [5, 7.75, 5.5, 8.75], "texture": "#0"},
				"south": {"uv": [5.75, 7.75, 6.25, 8.75], "texture": "#0"},
				"west": {"uv": [6.5, 7.75, 7, 8.75], "texture": "#0"},
				"up": {"uv": [2.5, 8.75, 2, 8.25], "texture": "#0"},
				"down": {"uv": [3.25, 8.25, 2.75, 8.75], "texture": "#0"}
			}
		},
		{
			"name": "left_arm",
			"from": [3.28424, 2.10686, 8.25],
			"to": [5.28424, 6.10686, 10.25],
			"rotation": {"angle": -45, "axis": "z", "origin": [4.28424, 2.85686, 6]},
			"faces": {
				"north": {"uv": [8.25, 4.25, 7.75, 5.25], "texture": "#0"},
				"east": {"uv": [7, 7.75, 6.5, 8.75], "texture": "#0"},
				"south": {"uv": [6.25, 7.75, 5.75, 8.75], "texture": "#0"},
				"west": {"uv": [5.5, 7.75, 5, 8.75], "texture": "#0"},
				"up": {"uv": [2, 8.75, 2.5, 8.25], "texture": "#0"},
				"down": {"uv": [2.75, 8.25, 3.25, 8.75], "texture": "#0"}
			}
		},
		{
			"name": "right_arm",
			"from": [11.54076, 1.88186, 7.25],
			"to": [12.54076, 2.88186, 11.25],
			"rotation": {"angle": 0, "axis": "y", "origin": [11.71576, 2.85686, 7.25]},
			"faces": {
				"north": {"uv": [8.75, 7, 9, 7.25], "texture": "#0"},
				"east": {"uv": [3.5, 8.5, 4.5, 8.75], "texture": "#0"},
				"south": {"uv": [0, 9, 0.25, 9.25], "texture": "#0"},
				"west": {"uv": [8.5, 4.25, 9.5, 4.5], "texture": "#0"},
				"up": {"uv": [7.5, 9.5, 7.25, 8.5], "texture": "#0"},
				"down": {"uv": [8.75, 7.5, 8.5, 8.5], "texture": "#0"}
			}
		},
		{
			"name": "right_arm",
			"from": [11.54076, 1.38186, 2.25],
			"to": [12.54076, 3.38186, 7.25],
			"rotation": {"angle": 0, "axis": "y", "origin": [11.71576, 2.85686, 7.25]},
			"faces": {
				"north": {"uv": [8.75, 6.25, 9, 6.75], "texture": "#0"},
				"east": {"uv": [3.5, 7.75, 4.75, 8.25], "texture": "#0"},
				"south": {"uv": [8.5, 8.75, 8.75, 9.25], "texture": "#0"},
				"west": {"uv": [7.75, 3.5, 9, 4], "texture": "#0"},
				"up": {"uv": [2, 5.75, 1.75, 4.5], "texture": "#0"},
				"down": {"uv": [1.5, 6.75, 1.25, 8], "texture": "#0"}
			}
		},
		{
			"name": "right_arm",
			"from": [11.51576, 1.54264, 1.25],
			"to": [12.56576, 2.96764, 2.675],
			"rotation": {"angle": 45, "axis": "x", "origin": [12.04076, 1.96764, 2.25]},
			"faces": {
				"north": {"uv": [9, 0, 9.25, 0.25], "texture": "#0"},
				"east": {"uv": [0.5, 9, 0.75, 9.25], "texture": "#0"},
				"south": {"uv": [9, 0.5, 9.25, 0.75], "texture": "#0"},
				"west": {"uv": [9, 1, 9.25, 1.25], "texture": "#0"},
				"up": {"uv": [9.25, 1.75, 9, 1.5], "texture": "#0"},
				"down": {"uv": [2.25, 9, 2, 9.25], "texture": "#0"}
			}
		},
		{
			"name": "right_leg",
			"from": [9, 0.01, 4.25],
			"to": [11, 2.01, 8.25],
			"rotation": {"angle": -22.5, "axis": "y", "origin": [8, 0.01, 6.25]},
			"faces": {
				"north": {"uv": [8.5, 4.75, 9, 5.25], "texture": "#0"},
				"east": {"uv": [7.25, 7.75, 8.25, 8.25], "texture": "#0"},
				"south": {"uv": [7.75, 8.5, 8.25, 9], "texture": "#0"},
				"west": {"uv": [8, 5.5, 9, 6], "texture": "#0"},
				"up": {"uv": [8.5, 7.25, 8, 6.25], "texture": "#0"},
				"down": {"uv": [1.75, 8.25, 1.25, 9.25], "texture": "#0"}
			}
		},
		{
			"name": "left_leg",
			"from": [5, 0.01, 4.25],
			"to": [7, 2.01, 8.25],
			"rotation": {"angle": 22.5, "axis": "y", "origin": [8, 0.01, 6.25]},
			"faces": {
				"north": {"uv": [9, 4.75, 8.5, 5.25], "texture": "#0"},
				"east": {"uv": [9, 5.5, 8, 6], "texture": "#0"},
				"south": {"uv": [8.25, 8.5, 7.75, 9], "texture": "#0"},
				"west": {"uv": [8.25, 7.75, 7.25, 8.25], "texture": "#0"},
				"up": {"uv": [8, 7.25, 8.5, 6.25], "texture": "#0"},
				"down": {"uv": [1.25, 8.25, 1.75, 9.25], "texture": "#0"}
			}
		}
	],
	"gui_light": "front",
	"display": {
		"thirdperson_righthand": {
			"rotation": [24, 13, 0],
			"translation": [0, 1.25, -0.5],
			"scale": [0.6, 0.6, 0.6]
		},
		"thirdperson_lefthand": {
			"rotation": [24, 13, 0],
			"translation": [0, 0.75, -0.5],
			"scale": [0.6, 0.6, 0.6]
		},
		"firstperson_righthand": {
			"rotation": [0, 109, 5],
			"translation": [2, 5.25, 0],
			"scale": [0.71, 0.71, 0.71]
		},
		"firstperson_lefthand": {
			"rotation": [0, 109, 5],
			"translation": [2, 5.25, 0],
			"scale": [0.71, 0.71, 0.71]
		},
		"ground": {
			"translation": [0, 3.5, 0],
			"scale": [0.65, 0.65, 0.65]
		},
		"gui": {
			"rotation": [25, 151, 0],
			"translation": [0.25, 0.25, 0],
			"scale": [0.73, 0.73, 0.73]
		},
		"head": {
			"translation": [0, 14.4, 0]
		},
		"fixed": {
			"rotation": [-90, 0, 0],
			"translation": [0, 0, -13.5],
			"scale": [1.7, 1.7, 1.7]
		}
	},
	"groups": [
		{
			"name": "base",
			"origin": [8, 8, 8],
			"color": 0,
			"nbt": "{}",
			"children": [
				0,
				{
					"name": "group",
					"origin": [8, 7.5, 8.25],
					"color": 0,
					"nbt": "{}",
					"children": [
						1,
						2,
						{
							"name": "group",
							"origin": [8, 7.725, 8.25],
							"color": 0,
							"nbt": "{}",
							"children": [3, 4, 5, 6]
						}
					]
				},
				{
					"name": "group",
					"origin": [5.16813, 3.74074, 9.25],
					"color": 0,
					"nbt": "{}",
					"children": [
						7,
						8,
						{
							"name": "group",
							"origin": [11.71576, 2.85686, 6],
							"color": 0,
							"nbt": "{}",
							"children": [9, 10, 11]
						}
					]
				},
				{
					"name": "group",
					"origin": [8, 0.01, 6.25],
					"color": 0,
					"nbt": "{}",
					"children": [12, 13]
				}
			]
		}
	]
}