{
	"credit": "Made by Nog's Menagerie",
	"texture_size": [64, 64],
	"textures": {
		"0": "nogs_menagerie/plushies/nm_plushie_puppet_texture",
		"particle": "nogs_menagerie/plushies/nm_plushie_puppet_texture"
	},
	"elements": [
		{
			"name": "torso",
			"from": [5.5, 0, 7.25],
			"to": [10.5, 8, 11.25],
			"rotation": {"angle": 0, "axis": "y", "origin": [8, 2.0045, 8.85355]},
			"faces": {
				"north": {"uv": [6, 5.5, 7.25, 7.5], "texture": "#0"},
				"east": {"uv": [0, 7, 1, 9], "texture": "#0"},
				"south": {"uv": [6.5, 2, 7.75, 4], "texture": "#0"},
				"west": {"uv": [1.25, 7.5, 2.25, 9.5], "texture": "#0"},
				"up": {"uv": [6.25, 3, 5, 2], "texture": "#0"},
				"down": {"uv": [5.75, 7.5, 4.5, 8.5], "texture": "#0"}
			}
		},
		{
			"name": "head",
			"from": [4.5, 5.575, 4.85],
			"to": [11.5, 12.575, 11.85],
			"rotation": {"angle": -22.5, "axis": "x", "origin": [8, 7.725, 8.25]},
			"faces": {
				"north": {"uv": [2.5, 3.5, 4.25, 5.25], "texture": "#0"},
				"east": {"uv": [4.5, 3.5, 6.25, 5.25], "texture": "#0"},
				"south": {"uv": [0, 5, 1.75, 6.75], "texture": "#0"},
				"west": {"uv": [5, 0, 6.75, 1.75], "texture": "#0"},
				"up": {"uv": [3.75, 7.25, 2, 5.5], "texture": "#0"},
				"down": {"uv": [5.75, 5.5, 4, 7.25], "texture": "#0"}
			}
		},
		{
			"name": "head",
			"from": [3.5, 4.575, 9.85],
			"to": [12.5, 13.575, 12.85],
			"rotation": {"angle": -22.5, "axis": "x", "origin": [8, 7.725, 8.25]},
			"faces": {
				"north": {"uv": [0, 0, 2.25, 2.25], "texture": "#0"},
				"east": {"uv": [2.5, 7.5, 3.25, 9.75], "texture": "#0"},
				"south": {"uv": [0, 2.5, 2.25, 4.75], "texture": "#0"},
				"west": {"uv": [3.5, 7.5, 4.25, 9.75], "texture": "#0"},
				"up": {"uv": [8.75, 5, 6.5, 4.25], "texture": "#0"},
				"down": {"uv": [9.25, 0, 7, 0.75], "texture": "#0"}
			}
		},
		{
			"name": "head",
			"from": [3.5, 7.575, 6.85],
			"to": [12.5, 13.575, 9.85],
			"rotation": {"angle": -22.5, "axis": "x", "origin": [8, 7.725, 8.25]},
			"faces": {
				"north": {"uv": [2.5, 0, 4.75, 1.5], "texture": "#0"},
				"east": {"uv": [7.5, 6.25, 8.25, 7.75], "texture": "#0"},
				"south": {"uv": [2.5, 1.75, 4.75, 3.25], "texture": "#0"},
				"west": {"uv": [6, 7.75, 6.75, 9.25], "texture": "#0"},
				"up": {"uv": [9.25, 1.75, 7, 1], "texture": "#0"},
				"down": {"uv": [9.75, 5.25, 7.5, 6], "texture": "#0"}
			}
		},
		{
			"name": "nose",
			"from": [7, 7.575, 2.85],
			"to": [9, 9.575, 4.85],
			"rotation": {"angle": -22.5, "axis": "x", "origin": [8, 7.725, 8.25]},
			"faces": {
				"north": {"uv": [9, 4.5, 9.5, 5], "texture": "#0"},
				"east": {"uv": [0, 9.25, 0.5, 9.75], "texture": "#0"},
				"south": {"uv": [9.25, 6.25, 9.75, 6.75], "texture": "#0"},
				"west": {"uv": [7, 9.25, 7.5, 9.75], "texture": "#0"},
				"up": {"uv": [9.75, 7.5, 9.25, 7], "texture": "#0"},
				"down": {"uv": [8.25, 9.25, 7.75, 9.75], "texture": "#0"}
			}
		},
		{
			"name": "nose",
			"from": [9.5, 5.575, 3.85],
			"to": [12.5, 8.575, 4.85],
			"rotation": {"angle": -22.5, "axis": "x", "origin": [8, 7.725, 8.25]},
			"faces": {
				"north": {"uv": [8, 2, 8.75, 2.75], "texture": "#0"},
				"east": {"uv": [0.75, 9.25, 1, 10], "texture": "#0"},
				"south": {"uv": [8, 3, 8.75, 3.75], "texture": "#0"},
				"west": {"uv": [5.25, 9.5, 5.5, 10.25], "texture": "#0"},
				"up": {"uv": [10.25, 1.75, 9.5, 1.5], "texture": "#0"},
				"down": {"uv": [6.5, 9.5, 5.75, 9.75], "texture": "#0"}
			}
		},
		{
			"name": "nose",
			"from": [3.5, 5.575, 3.85],
			"to": [6.5, 8.575, 4.85],
			"rotation": {"angle": -22.5, "axis": "x", "origin": [8, 7.725, 8.25]},
			"faces": {
				"north": {"uv": [8.75, 2, 8, 2.75], "texture": "#0"},
				"east": {"uv": [5.5, 9.5, 5.25, 10.25], "texture": "#0"},
				"south": {"uv": [8.75, 3, 8, 3.75], "texture": "#0"},
				"west": {"uv": [1, 9.25, 0.75, 10], "texture": "#0"},
				"up": {"uv": [9.5, 1.75, 10.25, 1.5], "texture": "#0"},
				"down": {"uv": [5.75, 9.5, 6.5, 9.75], "texture": "#0"}
			}
		},
		{
			"name": "nose",
			"from": [11.5, 5.575, 4.85],
			"to": [12.5, 8.575, 5.85],
			"rotation": {"angle": -22.5, "axis": "x", "origin": [8, 7.725, 8.25]},
			"faces": {
				"north": {"uv": [8.5, 9.5, 8.75, 10.25], "texture": "#0"},
				"east": {"uv": [9, 9.5, 9.25, 10.25], "texture": "#0"},
				"south": {"uv": [9.5, 9.5, 9.75, 10.25], "texture": "#0"},
				"west": {"uv": [1.25, 9.75, 1.5, 10.5], "texture": "#0"},
				"up": {"uv": [2.25, 5.25, 2, 5], "texture": "#0"},
				"down": {"uv": [1.5, 7, 1.25, 7.25], "texture": "#0"}
			}
		},
		{
			"name": "nose",
			"from": [3.5, 5.575, 4.85],
			"to": [4.5, 8.575, 5.85],
			"rotation": {"angle": -22.5, "axis": "x", "origin": [8, 7.725, 8.25]},
			"faces": {
				"north": {"uv": [8.75, 9.5, 8.5, 10.25], "texture": "#0"},
				"east": {"uv": [1.5, 9.75, 1.25, 10.5], "texture": "#0"},
				"south": {"uv": [9.75, 9.5, 9.5, 10.25], "texture": "#0"},
				"west": {"uv": [9.25, 9.5, 9, 10.25], "texture": "#0"},
				"up": {"uv": [2, 5.25, 2.25, 5], "texture": "#0"},
				"down": {"uv": [1.25, 7, 1.5, 7.25], "texture": "#0"}
			}
		},
		{
			"name": "right_arm",
			"from": [9.83187, 1.74074, 8.25],
			"to": [11.83187, 5.74074, 10.25],
			"rotation": {"angle": 45, "axis": "z", "origin": [10.83187, 3.74074, 9.25]},
			"faces": {
				"north": {"uv": [7, 8, 7.5, 9], "texture": "#0"},
				"east": {"uv": [7.75, 8, 8.25, 9], "texture": "#0"},
				"south": {"uv": [8.5, 6.25, 9, 7.25], "texture": "#0"},
				"west": {"uv": [8.5, 7.5, 9, 8.5], "texture": "#0"},
				"up": {"uv": [9.75, 8.25, 9.25, 7.75], "texture": "#0"},
				"down": {"uv": [10, 0, 9.5, 0.5], "texture": "#0"}
			}
		},
		{
			"name": "left_arm",
			"from": [4.16813, 1.74074, 8.25],
			"to": [6.16813, 5.74074, 10.25],
			"rotation": {"angle": -45, "axis": "z", "origin": [5.16813, 3.74074, 9.25]},
			"faces": {
				"north": {"uv": [7.5, 8, 7, 9], "texture": "#0"},
				"east": {"uv": [9, 7.5, 8.5, 8.5], "texture": "#0"},
				"south": {"uv": [9, 6.25, 8.5, 7.25], "texture": "#0"},
				"west": {"uv": [8.25, 8, 7.75, 9], "texture": "#0"},
				"up": {"uv": [9.25, 8.25, 9.75, 7.75], "texture": "#0"},
				"down": {"uv": [9.5, 0, 10, 0.5], "texture": "#0"}
			}
		},
		{
			"name": "right_leg",
			"from": [9, 0.01, 4.25],
			"to": [11, 2.01, 8.25],
			"rotation": {"angle": -22.5, "axis": "y", "origin": [8, 0.01, 6.25]},
			"faces": {
				"north": {"uv": [9.5, 0.75, 10, 1.25], "texture": "#0"},
				"east": {"uv": [4.5, 8.75, 5.5, 9.25], "texture": "#0"},
				"south": {"uv": [4.5, 9.5, 5, 10], "texture": "#0"},
				"west": {"uv": [8.5, 8.75, 9.5, 9.25], "texture": "#0"},
				"up": {"uv": [9.5, 3, 9, 2], "texture": "#0"},
				"down": {"uv": [9.5, 3.25, 9, 4.25], "texture": "#0"}
			}
		},
		{
			"name": "left_leg",
			"from": [5, 0.01, 4.25],
			"to": [7, 2.01, 8.25],
			"rotation": {"angle": 22.5, "axis": "y", "origin": [8, 0.01, 6.25]},
			"faces": {
				"north": {"uv": [10, 0.75, 9.5, 1.25], "texture": "#0"},
				"east": {"uv": [9.5, 8.75, 8.5, 9.25], "texture": "#0"},
				"south": {"uv": [5, 9.5, 4.5, 10], "texture": "#0"},
				"west": {"uv": [5.5, 8.75, 4.5, 9.25], "texture": "#0"},
				"up": {"uv": [9, 3, 9.5, 2], "texture": "#0"},
				"down": {"uv": [9, 3.25, 9.5, 4.25], "texture": "#0"}
			}
		}
	],
	"gui_light": "front",
	"display": {
		"thirdperson_righthand": {
			"rotation": [24, 13, 0],
			"translation": [0, 1.25, -0.5],
			"scale": [0.6, 0.6, 0.6]
		},
		"thirdperson_lefthand": {
			"rotation": [24, 13, 0],
			"translation": [0, 0.75, -0.5],
			"scale": [0.6, 0.6, 0.6]
		},
		"firstperson_righthand": {
			"rotation": [0, 109, 5],
			"translation": [2, 5.25, 0],
			"scale": [0.71, 0.71, 0.71]
		},
		"firstperson_lefthand": {
			"rotation": [0, 109, 5],
			"translation": [2, 5.25, 0],
			"scale": [0.71, 0.71, 0.71]
		},
		"ground": {
			"translation": [0, 3.5, 0],
			"scale": [0.65, 0.65, 0.65]
		},
		"gui": {
			"rotation": [25, 151, 0],
			"translation": [0.25, 0.25, 0],
			"scale": [0.73, 0.73, 0.73]
		},
		"head": {
			"translation": [0, 14.4, 0]
		},
		"fixed": {
			"rotation": [-90, 0, 0],
			"translation": [0, 0, -13.5],
			"scale": [1.7, 1.7, 1.7]
		}
	},
	"groups": [
		{
			"name": "base",
			"origin": [8, 8, 8],
			"color": 0,
			"nbt": "{}",
			"children": [
				0,
				{
					"name": "group",
					"origin": [8, 7.5, 8.25],
					"color": 0,
					"nbt": "{}",
					"children": [
						1,
						2,
						3,
						4,
						5,
						6,
						7,
						8,
						{
							"name": "group",
							"origin": [8, 7.75, 8.25],
							"color": 0,
							"nbt": "{}",
							"children": []
						}
					]
				},
				{
					"name": "group",
					"origin": [5.16813, 3.74074, 9.25],
					"color": 0,
					"nbt": "{}",
					"children": [9, 10]
				},
				{
					"name": "group",
					"origin": [8, 0.01, 6.25],
					"color": 0,
					"nbt": "{}",
					"children": [11, 12]
				}
			]
		}
	]
}