{
	"credit": "Made by Nog's Menagerie",
	"texture_size": [32, 32],
	"textures": {
		"0": "nogs_menagerie/plushies/nm_plushie_ravager_texture",
		"1": "nogs_menagerie/plushies/nm_plushie_ravager_texture_2",
		"particle": "nogs_menagerie/plushies/nm_plushie_ravager_texture"
	},
	"elements": [
		{
			"name": "torso",
			"from": [2.5, 0.01, 4],
			"to": [13.5, 9.01, 21],
			"rotation": {"angle": 0, "axis": "y", "origin": [8, 2.0045, 5.60355]},
			"faces": {
				"north": {"uv": [8.75, 7.25, 11.5, 9.5], "texture": "#0"},
				"east": {"uv": [5.5, 0, 9.75, 2.25], "texture": "#0"},
				"south": {"uv": [8.75, 9.5, 11.5, 11.75], "texture": "#0"},
				"west": {"uv": [6.5, 2.25, 10.75, 4.5], "texture": "#0"},
				"up": {"uv": [2.75, 4.25, 0, 0], "texture": "#0"},
				"down": {"uv": [5.5, 0, 2.75, 4.25], "texture": "#0"}
			}
		},
		{
			"name": "torso",
			"from": [1.5, 0, 4],
			"to": [14.5, 10, 12],
			"rotation": {"angle": 0, "axis": "y", "origin": [8, 2.0045, 5.60355]},
			"faces": {
				"north": {"uv": [0, 0, 6.5, 5], "texture": "#1"},
				"east": {"uv": [6.5, 8, 10.5, 13], "texture": "#1"},
				"south": {"uv": [0, 5, 6.5, 10], "texture": "#1"},
				"west": {"uv": [0, 10, 4, 15], "texture": "#1"},
				"up": {"uv": [13, 4, 6.5, 0], "texture": "#1"},
				"down": {"uv": [13, 4, 6.5, 8], "texture": "#1"}
			}
		},
		{
			"name": "head",
			"from": [1.5, 0, -7],
			"to": [14.5, 12, 4],
			"rotation": {"angle": 0, "axis": "y", "origin": [7.5, 2.0045, 5.60355]},
			"faces": {
				"north": {"uv": [0, 4.25, 3.25, 7.25], "texture": "#0"},
				"east": {"uv": [3.25, 7.25, 6, 10.25], "texture": "#0"},
				"south": {"uv": [3.25, 4.25, 6.5, 7.25], "texture": "#0"},
				"west": {"uv": [6, 7.25, 8.75, 10.25], "texture": "#0"},
				"up": {"uv": [9.75, 7.25, 6.5, 4.5], "texture": "#0"},
				"down": {"uv": [3.25, 7.25, 0, 10], "texture": "#0"}
			}
		},
		{
			"name": "head",
			"from": [-0.5, 8.5, -10.75],
			"to": [1.5, 11.5, -3.75],
			"rotation": {"angle": 22.5, "axis": "x", "origin": [0.5, 9, -5.5]},
			"faces": {
				"north": {"uv": [13.75, 1.25, 14.25, 2], "texture": "#0"},
				"east": {"uv": [10.75, 3.75, 12.5, 4.5], "texture": "#0"},
				"south": {"uv": [1.5, 13.75, 2, 14.5], "texture": "#0"},
				"west": {"uv": [7, 13, 8.75, 13.75], "texture": "#0"},
				"up": {"uv": [13.75, 15, 13.25, 13.25], "texture": "#0"},
				"down": {"uv": [0.5, 13.75, 0, 15.5], "texture": "#0"}
			}
		},
		{
			"name": "head",
			"from": [14.5, 8.5, -10.75],
			"to": [16.5, 11.5, -3.75],
			"rotation": {"angle": 22.5, "axis": "x", "origin": [15.5, 9, -5.5]},
			"faces": {
				"north": {"uv": [2, 13.75, 2.5, 14.5], "texture": "#0"},
				"east": {"uv": [8.75, 13.25, 10.5, 14], "texture": "#0"},
				"south": {"uv": [13.75, 2, 14.25, 2.75], "texture": "#0"},
				"west": {"uv": [10.5, 13.25, 12.25, 14], "texture": "#0"},
				"up": {"uv": [1, 15.5, 0.5, 13.75], "texture": "#0"},
				"down": {"uv": [1.5, 13.75, 1, 15.5], "texture": "#0"}
			}
		},
		{
			"name": "head",
			"from": [6, 0, -11],
			"to": [10, 6, -7],
			"rotation": {"angle": 0, "axis": "y", "origin": [7.5, 2.0045, 5.60355]},
			"faces": {
				"north": {"uv": [5.5, 2.25, 6.5, 3.75], "texture": "#0"},
				"east": {"uv": [5, 12.75, 6, 14.25], "texture": "#0"},
				"south": {"uv": [12.75, 5, 13.75, 6.5], "texture": "#0"},
				"west": {"uv": [6, 13, 7, 14.5], "texture": "#0"},
				"up": {"uv": [10.75, 2.25, 9.75, 1.25], "texture": "#0"},
				"down": {"uv": [13.25, 13.25, 12.25, 14.25], "texture": "#0"}
			}
		},
		{
			"name": "right_leg",
			"from": [-9.41282, 0.009, 15.99603],
			"to": [2.58718, 5.009, 20.99603],
			"rotation": {"angle": 22.5, "axis": "y", "origin": [3.83718, 1.009, 12.74603]},
			"faces": {
				"north": {"uv": [9.75, 0, 12.75, 1.25], "texture": "#0"},
				"east": {"uv": [6, 10.25, 7.25, 11.5], "texture": "#0"},
				"south": {"uv": [9.75, 4.5, 12.75, 5.75], "texture": "#0"},
				"west": {"uv": [7.25, 10.25, 8.5, 11.5], "texture": "#0"},
				"up": {"uv": [12.75, 7, 9.75, 5.75], "texture": "#0"},
				"down": {"uv": [3, 10, 0, 11.25], "texture": "#0"}
			}
		},
		{
			"name": "right_arm",
			"from": [-7.15935, 0.009, 1.313],
			"to": [4.84065, 5.009, 6.313],
			"rotation": {"angle": -22.5, "axis": "y", "origin": [-1.15935, 2.009, 3.313]},
			"faces": {
				"north": {"uv": [3, 10.25, 6, 11.5], "texture": "#0"},
				"east": {"uv": [0, 12.5, 1.25, 13.75], "texture": "#0"},
				"south": {"uv": [10.75, 1.25, 13.75, 2.5], "texture": "#0"},
				"west": {"uv": [1.25, 12.5, 2.5, 13.75], "texture": "#0"},
				"up": {"uv": [13.75, 3.75, 10.75, 2.5], "texture": "#0"},
				"down": {"uv": [3, 11.25, 0, 12.5], "texture": "#0"}
			}
		},
		{
			"name": "left_leg",
			"from": [13.41282, 0.009, 15.99603],
			"to": [25.41282, 5.009, 20.99603],
			"rotation": {"angle": -22.5, "axis": "y", "origin": [12.16282, 1.009, 12.74603]},
			"faces": {
				"north": {"uv": [3, 11.5, 6, 12.75], "texture": "#0"},
				"east": {"uv": [12.75, 0, 14, 1.25], "texture": "#0"},
				"south": {"uv": [11.5, 7, 14.5, 8.25], "texture": "#0"},
				"west": {"uv": [2.5, 12.75, 3.75, 14], "texture": "#0"},
				"up": {"uv": [14.5, 9.5, 11.5, 8.25], "texture": "#0"},
				"down": {"uv": [14.5, 9.5, 11.5, 10.75], "texture": "#0"}
			}
		},
		{
			"name": "left_arm",
			"from": [11.15935, 0.009, 1.313],
			"to": [23.15935, 5.009, 6.313],
			"rotation": {"angle": 22.5, "axis": "y", "origin": [17.15935, 2.009, 3.313]},
			"faces": {
				"north": {"uv": [11.5, 10.75, 14.5, 12], "texture": "#0"},
				"east": {"uv": [3.75, 12.75, 5, 14], "texture": "#0"},
				"south": {"uv": [6, 11.75, 9, 13], "texture": "#0"},
				"west": {"uv": [12.75, 3.75, 14, 5], "texture": "#0"},
				"up": {"uv": [12, 13.25, 9, 12], "texture": "#0"},
				"down": {"uv": [15, 12, 12, 13.25], "texture": "#0"}
			}
		}
	],
	"display": {
		"thirdperson_righthand": {
			"rotation": [71, 0, 0],
			"translation": [0, -0.25, 0.75],
			"scale": [0.37, 0.37, 0.37]
		},
		"thirdperson_lefthand": {
			"rotation": [71, 0, 0],
			"translation": [0, -0.25, 0.75],
			"scale": [0.37, 0.37, 0.37]
		},
		"firstperson_righthand": {
			"rotation": [0, 109, 5],
			"translation": [2.75, 4.75, 0],
			"scale": [0.36, 0.36, 0.36]
		},
		"firstperson_lefthand": {
			"rotation": [0, 109, 5],
			"translation": [2.75, 4.75, 0],
			"scale": [0.36, 0.36, 0.36]
		},
		"ground": {
			"translation": [0, 0.75, 0],
			"scale": [0.28, 0.28, 0.28]
		},
		"gui": {
			"rotation": [25, 151, 0],
			"translation": [-0.5, 1, 0],
			"scale": [0.4, 0.4, 0.4]
		},
		"head": {
			"translation": [0, 14.4, 0]
		},
		"fixed": {
			"rotation": [-90, 0, 0],
			"translation": [0, -6.75, -15.75],
			"scale": [2, 2, 2]
		}
	},
	"groups": [
		{
			"name": "nm_plushie_ravager",
			"origin": [8, 8, 8],
			"color": 0,
			"children": [0, 1, 2, 3, 4, 5, 6, 7, 8, 9]
		}
	]
}