{
	"credit": "Made by Nog's Menagerie",
	"texture_size": [32, 32],
	"textures": {
		"1": "nogs_menagerie/plushies/nm_plushie_zombie_horse_texture"
	},
	"elements": [
		{
			"name": "torso",
			"from": [5, 0, 4],
			"to": [11, 5, 14],
			"rotation": {"angle": 0, "axis": "y", "origin": [8, 2.0045, 5.60355]},
			"faces": {
				"north": {"uv": [6, 0, 9, 2.5], "texture": "#1"},
				"east": {"uv": [0, 5, 5, 7.5], "texture": "#1"},
				"south": {"uv": [6, 2.5, 9, 5], "texture": "#1"},
				"west": {"uv": [5, 5, 10, 7.5], "texture": "#1"},
				"up": {"uv": [3, 5, 0, 0], "texture": "#1"},
				"down": {"uv": [6, 0, 3, 5], "texture": "#1"}
			}
		},
		{
			"name": "torso",
			"from": [8, 0.08726, 13.75503],
			"to": [8, 4.08726, 14.75503],
			"rotation": {"angle": -22.5, "axis": "x", "origin": [8, 2.23726, 14.50503]},
			"faces": {
				"north": {"uv": [0, 0, 0, 2], "texture": "#1"},
				"east": {"uv": [5, 12.5, 5.5, 14.5], "texture": "#1"},
				"south": {"uv": [0, 0, 0, 2], "texture": "#1"},
				"west": {"uv": [5.5, 12.5, 6, 14.5], "texture": "#1"},
				"up": {"uv": [0, 0.5, 0, 0], "texture": "#1"},
				"down": {"uv": [0, 0, 0, 0.5], "texture": "#1"}
			}
		},
		{
			"name": "head",
			"from": [6.5, 2.31453, 2.41582],
			"to": [9.5, 6.31453, 6.41582],
			"rotation": {"angle": -22.5, "axis": "x", "origin": [8, 6.06453, 4.41582]},
			"faces": {
				"north": {"uv": [6, 9.5, 7.5, 11.5], "texture": "#1"},
				"east": {"uv": [9, 0, 11, 2], "texture": "#1"},
				"south": {"uv": [7.5, 9.5, 9, 11.5], "texture": "#1"},
				"west": {"uv": [9, 2, 11, 4], "texture": "#1"},
				"up": {"uv": [10.5, 11.5, 9, 9.5], "texture": "#1"},
				"down": {"uv": [11.5, 4, 10, 6], "texture": "#1"}
			}
		},
		{
			"name": "head",
			"from": [8, 2.31453, 6.41582],
			"to": [8, 10.31453, 8.41582],
			"rotation": {"angle": -22.5, "axis": "x", "origin": [8, 6.06453, 4.41582]},
			"faces": {
				"north": {"uv": [0, 0, 0, 4], "texture": "#1"},
				"east": {"uv": [0, 9.5, 1, 13.5], "texture": "#1"},
				"south": {"uv": [0, 0, 0, 4], "texture": "#1"},
				"west": {"uv": [1, 9.5, 2, 13.5], "texture": "#1"},
				"up": {"uv": [0, 1, 0, 0], "texture": "#1"},
				"down": {"uv": [0, 0, 0, 1], "texture": "#1"}
			}
		},
		{
			"name": "head",
			"from": [6.5, 6.31453, -0.58418],
			"to": [9.5, 10.31453, 2.41582],
			"rotation": {"angle": -22.5, "axis": "x", "origin": [8, 6.06453, 4.41582]},
			"faces": {
				"north": {"uv": [10, 6, 11.5, 8], "texture": "#1"},
				"east": {"uv": [10.5, 8, 12, 10], "texture": "#1"},
				"south": {"uv": [10.5, 10, 12, 12], "texture": "#1"},
				"west": {"uv": [11, 0, 12.5, 2], "texture": "#1"},
				"up": {"uv": [3.5, 14, 2, 12.5], "texture": "#1"},
				"down": {"uv": [5, 12.5, 3.5, 14], "texture": "#1"}
			}
		},
		{
			"name": "head",
			"from": [8.5, 10.31453, 5.41582],
			"to": [10.5, 12.31453, 6.41582],
			"rotation": {"angle": -22.5, "axis": "x", "origin": [8, 6.06453, 4.41582]},
			"faces": {
				"north": {"uv": [9, 4, 10, 5], "texture": "#1"},
				"east": {"uv": [10, 8, 10.5, 9], "texture": "#1"},
				"south": {"uv": [12.5, 1, 13.5, 2], "texture": "#1"},
				"west": {"uv": [13.5, 1, 14, 2], "texture": "#1"},
				"up": {"uv": [10.5, 12, 9.5, 11.5], "texture": "#1"},
				"down": {"uv": [14.5, 2, 13.5, 2.5], "texture": "#1"}
			}
		},
		{
			"name": "head",
			"from": [5.5, 6.31453, 2.41582],
			"to": [10.5, 10.31453, 6.41582],
			"rotation": {"angle": -22.5, "axis": "x", "origin": [8, 6.06453, 4.41582]},
			"faces": {
				"north": {"uv": [0, 7.5, 2.5, 9.5], "texture": "#1"},
				"east": {"uv": [2, 9.5, 4, 11.5], "texture": "#1"},
				"south": {"uv": [2.5, 7.5, 5, 9.5], "texture": "#1"},
				"west": {"uv": [4, 9.5, 6, 11.5], "texture": "#1"},
				"up": {"uv": [7.5, 9.5, 5, 7.5], "texture": "#1"},
				"down": {"uv": [10, 7.5, 7.5, 9.5], "texture": "#1"}
			}
		},
		{
			"name": "head",
			"from": [5.5, 10.31453, 5.41582],
			"to": [7.5, 12.31453, 6.41582],
			"rotation": {"angle": -22.5, "axis": "x", "origin": [8, 6.06453, 4.41582]},
			"faces": {
				"north": {"uv": [6, 12.5, 7, 13.5], "texture": "#1"},
				"east": {"uv": [13.5, 2.5, 14, 3.5], "texture": "#1"},
				"south": {"uv": [7, 12.5, 8, 13.5], "texture": "#1"},
				"west": {"uv": [6, 13.5, 6.5, 14.5], "texture": "#1"},
				"up": {"uv": [14.5, 4, 13.5, 3.5], "texture": "#1"},
				"down": {"uv": [7.5, 13.5, 6.5, 14], "texture": "#1"}
			}
		},
		{
			"name": "left_leg",
			"from": [10.16282, 0.009, 11.99603],
			"to": [15.16282, 2.009, 13.99603],
			"rotation": {"angle": -22.5, "axis": "y", "origin": [10.66282, 1.009, 12.99603]},
			"faces": {
				"north": {"uv": [11, 2, 13.5, 3], "texture": "#1"},
				"east": {"uv": [8, 12.5, 9, 13.5], "texture": "#1"},
				"south": {"uv": [11, 3, 13.5, 4], "texture": "#1"},
				"west": {"uv": [9, 13, 10, 14], "texture": "#1"},
				"up": {"uv": [4.5, 12.5, 2, 11.5], "texture": "#1"},
				"down": {"uv": [14, 4, 11.5, 5], "texture": "#1"}
			}
		},
		{
			"name": "left_arm",
			"from": [10.54645, 0.009, 5.43436],
			"to": [15.54645, 2.009, 7.43436],
			"rotation": {"angle": 22.5, "axis": "y", "origin": [7, 2.0045, 5.85355]},
			"faces": {
				"north": {"uv": [4.5, 11.5, 7, 12.5], "texture": "#1"},
				"east": {"uv": [10, 13, 11, 14], "texture": "#1"},
				"south": {"uv": [11.5, 5, 14, 6], "texture": "#1"},
				"west": {"uv": [11, 13, 12, 14], "texture": "#1"},
				"up": {"uv": [14, 7, 11.5, 6], "texture": "#1"},
				"down": {"uv": [9.5, 11.5, 7, 12.5], "texture": "#1"}
			}
		},
		{
			"name": "left_arm",
			"from": [0.45355, 0.009, 5.43436],
			"to": [5.45355, 2.009, 7.43436],
			"rotation": {"angle": -22.5, "axis": "y", "origin": [9, 2.0045, 5.85355]},
			"faces": {
				"north": {"uv": [11.5, 7, 14, 8], "texture": "#1"},
				"east": {"uv": [12, 13, 13, 14], "texture": "#1"},
				"south": {"uv": [12, 8, 14.5, 9], "texture": "#1"},
				"west": {"uv": [13, 13, 14, 14], "texture": "#1"},
				"up": {"uv": [14.5, 10, 12, 9], "texture": "#1"},
				"down": {"uv": [12, 12, 9.5, 13], "texture": "#1"}
			}
		},
		{
			"name": "left_leg",
			"from": [0.83718, 0.009, 11.99603],
			"to": [5.83718, 2.009, 13.99603],
			"rotation": {"angle": 22.5, "axis": "y", "origin": [5.33718, 1.009, 12.99603]},
			"faces": {
				"north": {"uv": [12, 10, 14.5, 11], "texture": "#1"},
				"east": {"uv": [0, 13.5, 1, 14.5], "texture": "#1"},
				"south": {"uv": [12, 11, 14.5, 12], "texture": "#1"},
				"west": {"uv": [1, 13.5, 2, 14.5], "texture": "#1"},
				"up": {"uv": [14.5, 13, 12, 12], "texture": "#1"},
				"down": {"uv": [15, 0, 12.5, 1], "texture": "#1"}
			}
		}
	],
	"gui_light": "front",
	"display": {
		"thirdperson_righthand": {
			"rotation": [71, 43, 0],
			"translation": [0, 0.75, 2.25],
			"scale": [0.71, 0.71, 0.71]
		},
		"thirdperson_lefthand": {
			"rotation": [71, 43, 0],
			"translation": [0, 0.75, 2.25],
			"scale": [0.71, 0.71, 0.71]
		},
		"firstperson_righthand": {
			"rotation": [0, 109, 5],
			"translation": [3.25, 6.25, 0],
			"scale": [0.8, 0.8, 0.8]
		},
		"firstperson_lefthand": {
			"rotation": [0, 109, 5],
			"translation": [3.25, 6.25, 0],
			"scale": [0.8, 0.8, 0.8]
		},
		"ground": {
			"translation": [0, 3.5, 0],
			"scale": [0.65, 0.65, 0.65]
		},
		"gui": {
			"rotation": [25, 151, 0],
			"translation": [0, 3, 0],
			"scale": [0.8, 0.8, 0.8]
		},
		"head": {
			"translation": [0, 14.4, 0]
		},
		"fixed": {
			"rotation": [-90, 0, 0],
			"translation": [0, 0, -13.5],
			"scale": [1.7, 1.7, 1.7]
		}
	},
	"groups": [
		{
			"name": "base",
			"origin": [8, 8, 8],
			"color": 0,
			"nbt": "{}",
			"children": [
				0,
				1,
				{
					"name": "group",
					"origin": [8, 6.06453, 4.41582],
					"color": 0,
					"nbt": "{}",
					"children": [2, 3, 4, 5, 6, 7]
				},
				{
					"name": "group",
					"origin": [5.33718, 1.009, 12.99603],
					"color": 0,
					"nbt": "{}",
					"children": [8, 9, 10, 11]
				}
			]
		}
	]
}