{
	"credit": "Made by Nog's Menagerie",
	"texture_size": [32, 32],
	"textures": {
		"2": "nogs_menagerie/plushies/nm_plushie_princess_leah_texture",
		"particle": "nogs_menagerie/plushies/nm_plushie_princess_leah_texture"
	},
	"elements": [
		{
			"name": "torso",
			"from": [5.5, 0, 7.25],
			"to": [10.5, 7, 11.25],
			"rotation": {"angle": 0, "axis": "y", "origin": [8, 2.0045, 8.85355]},
			"faces": {
				"north": {"uv": [3.5, 7, 6, 10.5], "texture": "#2"},
				"east": {"uv": [6, 7, 8, 10.5], "texture": "#2"},
				"south": {"uv": [7, 3.5, 9.5, 7], "texture": "#2"},
				"west": {"uv": [8, 7, 10, 10.5], "texture": "#2"},
				"up": {"uv": [12, 5.5, 9.5, 3.5], "texture": "#2"},
				"down": {"uv": [12.5, 5.5, 10, 7.5], "texture": "#2"}
			}
		},
		{
			"name": "head",
			"from": [4.5, 5.6, 4.85],
			"to": [11.5, 12.6, 11.85],
			"rotation": {"angle": -22.5, "axis": "x", "origin": [8, 7.75, 8.25]},
			"faces": {
				"north": {"uv": [0, 0, 3.5, 3.5], "texture": "#2"},
				"east": {"uv": [0, 3.5, 3.5, 7], "texture": "#2"},
				"south": {"uv": [3.5, 0, 7, 3.5], "texture": "#2"},
				"west": {"uv": [3.5, 3.5, 7, 7], "texture": "#2"},
				"up": {"uv": [3.5, 10.5, 0, 7], "texture": "#2"},
				"down": {"uv": [10.5, 0, 7, 3.5], "texture": "#2"}
			}
		},
		{
			"name": "head",
			"from": [11.5, 7.6, 6.85],
			"to": [12.5, 11.6, 10.85],
			"rotation": {"angle": -22.5, "axis": "x", "origin": [8, 7.75, 8.25]},
			"faces": {
				"north": {"uv": [7, 12.5, 7.5, 14.5], "texture": "#2"},
				"east": {"uv": [10, 7.5, 12, 9.5], "texture": "#2"},
				"south": {"uv": [7.5, 12.5, 8, 14.5], "texture": "#2"},
				"west": {"uv": [10, 9.5, 12, 11.5], "texture": "#2"},
				"up": {"uv": [8.5, 14.5, 8, 12.5], "texture": "#2"},
				"down": {"uv": [9, 12.5, 8.5, 14.5], "texture": "#2"}
			}
		},
		{
			"name": "head",
			"from": [3.5, 7.6, 6.85],
			"to": [4.5, 11.6, 10.85],
			"rotation": {"angle": -22.5, "axis": "x", "origin": [8, 7.75, 8.25]},
			"faces": {
				"north": {"uv": [9, 12.5, 9.5, 14.5], "texture": "#2"},
				"east": {"uv": [0, 10.5, 2, 12.5], "texture": "#2"},
				"south": {"uv": [9.5, 12.5, 10, 14.5], "texture": "#2"},
				"west": {"uv": [10.5, 0, 12.5, 2], "texture": "#2"},
				"up": {"uv": [12.5, 14.5, 12, 12.5], "texture": "#2"},
				"down": {"uv": [13, 12.5, 12.5, 14.5], "texture": "#2"}
			}
		},
		{
			"name": "head",
			"from": [7, 6.65, 2.85],
			"to": [9, 8.65, 4.85],
			"rotation": {"angle": -22.5, "axis": "x", "origin": [8, 8.075, 8.25]},
			"faces": {
				"north": {"uv": [10.5, 2, 11.5, 3], "texture": "#2"},
				"east": {"uv": [13, 2, 14, 3], "texture": "#2"},
				"south": {"uv": [13, 3, 14, 4], "texture": "#2"},
				"west": {"uv": [13, 7, 14, 8], "texture": "#2"},
				"up": {"uv": [14, 9, 13, 8], "texture": "#2"},
				"down": {"uv": [14, 10.5, 13, 11.5], "texture": "#2"}
			}
		},
		{
			"name": "right_arm",
			"from": [9.83187, 1.74074, 8.25],
			"to": [11.83187, 5.74074, 10.25],
			"rotation": {"angle": 45, "axis": "z", "origin": [10.83187, 3.74074, 9.25]},
			"faces": {
				"north": {"uv": [6, 10.5, 7, 12.5], "texture": "#2"},
				"east": {"uv": [7, 10.5, 8, 12.5], "texture": "#2"},
				"south": {"uv": [8, 10.5, 9, 12.5], "texture": "#2"},
				"west": {"uv": [9, 10.5, 10, 12.5], "texture": "#2"},
				"up": {"uv": [14, 12.5, 13, 11.5], "texture": "#2"},
				"down": {"uv": [14, 12.5, 13, 13.5], "texture": "#2"}
			}
		},
		{
			"name": "left_arm",
			"from": [4.16813, 1.74074, 8.25],
			"to": [6.16813, 5.74074, 10.25],
			"rotation": {"angle": -45, "axis": "z", "origin": [5.16813, 3.74074, 9.25]},
			"faces": {
				"north": {"uv": [10, 11.5, 11, 13.5], "texture": "#2"},
				"east": {"uv": [11, 11.5, 12, 13.5], "texture": "#2"},
				"south": {"uv": [12, 2, 13, 4], "texture": "#2"},
				"west": {"uv": [12, 7.5, 13, 9.5], "texture": "#2"},
				"up": {"uv": [2, 14.5, 1, 13.5], "texture": "#2"},
				"down": {"uv": [3, 13.5, 2, 14.5], "texture": "#2"}
			}
		},
		{
			"name": "right_leg",
			"from": [9.075, 0.01, 4.25],
			"to": [11.075, 2.01, 8.25],
			"rotation": {"angle": -22.5, "axis": "y", "origin": [8, 0.01, 6.25]},
			"faces": {
				"north": {"uv": [5, 13.5, 6, 14.5], "texture": "#2"},
				"east": {"uv": [12, 4, 14, 5], "texture": "#2"},
				"south": {"uv": [6, 13.5, 7, 14.5], "texture": "#2"},
				"west": {"uv": [12, 9.5, 14, 10.5], "texture": "#2"},
				"up": {"uv": [13, 12.5, 12, 10.5], "texture": "#2"},
				"down": {"uv": [1, 12.5, 0, 14.5], "texture": "#2"}
			}
		},
		{
			"name": "left_leg",
			"from": [4.925, 0.01, 4.25],
			"to": [6.925, 2.01, 8.25],
			"rotation": {"angle": 22.5, "axis": "y", "origin": [8, 0.01, 6.25]},
			"faces": {
				"north": {"uv": [10, 13.5, 11, 14.5], "texture": "#2"},
				"east": {"uv": [12.5, 0, 14.5, 1], "texture": "#2"},
				"south": {"uv": [11, 13.5, 12, 14.5], "texture": "#2"},
				"west": {"uv": [1, 12.5, 3, 13.5], "texture": "#2"},
				"up": {"uv": [4, 14.5, 3, 12.5], "texture": "#2"},
				"down": {"uv": [5, 12.5, 4, 14.5], "texture": "#2"}
			}
		},
		{
			"name": "left_leg",
			"from": [6.25, 0.035, 4.81363],
			"to": [9.75, 1.985, 8.81363],
			"rotation": {"angle": 0, "axis": "y", "origin": [7, 1.035, 6.81363]},
			"faces": {
				"north": {"uv": [12.5, 1, 14.5, 2], "texture": "#2"},
				"east": {"uv": [5, 12.5, 7, 13.5], "texture": "#2"},
				"south": {"uv": [12.5, 5, 14.5, 6], "texture": "#2"},
				"west": {"uv": [12.5, 6, 14.5, 7], "texture": "#2"},
				"up": {"uv": [4, 12.5, 2, 10.5], "texture": "#2"},
				"down": {"uv": [6, 10.5, 4, 12.5], "texture": "#2"}
			}
		}
	],
	"gui_light": "front",
	"display": {
		"thirdperson_righthand": {
			"rotation": [24, 13, 0],
			"translation": [0, 1.25, -0.5],
			"scale": [0.6, 0.6, 0.6]
		},
		"thirdperson_lefthand": {
			"rotation": [24, 13, 0],
			"translation": [0, 0.75, -0.5],
			"scale": [0.6, 0.6, 0.6]
		},
		"firstperson_righthand": {
			"rotation": [0, 109, 5],
			"translation": [2, 5.25, 0],
			"scale": [0.71, 0.71, 0.71]
		},
		"firstperson_lefthand": {
			"rotation": [0, 109, 5],
			"translation": [2, 5.25, 0],
			"scale": [0.71, 0.71, 0.71]
		},
		"ground": {
			"translation": [0, 3.5, 0],
			"scale": [0.65, 0.65, 0.65]
		},
		"gui": {
			"rotation": [25, 151, 0],
			"translation": [0.5, 0.5, 0],
			"scale": [0.73, 0.73, 0.73]
		},
		"head": {
			"translation": [0, 14.4, 0]
		},
		"fixed": {
			"rotation": [-90, 0, 0],
			"translation": [0, 0, -13.5],
			"scale": [1.7, 1.7, 1.7]
		}
	},
	"groups": [
		{
			"name": "base",
			"origin": [8, 8, 8],
			"color": 0,
			"children": [
				0,
				{
					"name": "group",
					"origin": [8, 7.5, 8.25],
					"color": 0,
					"children": [1, 2, 3, 4]
				},
				{
					"name": "group",
					"origin": [8, 0.01, 6.25],
					"color": 0,
					"children": [5, 6]
				},
				{
					"name": "group",
					"origin": [2.69325, 1.97297, 9.25],
					"color": 0,
					"children": [7, 8, 9]
				}
			]
		}
	]
}