{
	"credit": "Made by Nog's Menagerie",
	"texture_size": [32, 32],
	"textures": {
		"0": "nogs_menagerie/plushies/nm_plushie_puppy_patchy_texture",
		"particle": "nogs_menagerie/plushies/nm_plushie_puppy_patchy_texture"
	},
	"elements": [
		{
			"name": "torso",
			"from": [5.5, 0.5, 5.25],
			"to": [10.5, 7.5, 9.25],
			"rotation": {"angle": -22.5, "axis": "x", "origin": [8, 4, 7.25]},
			"faces": {
				"north": {"uv": [0, 0, 2.5, 3.5], "texture": "#0"},
				"east": {"uv": [6, 2.5, 8, 6], "texture": "#0"},
				"south": {"uv": [2.5, 0, 5, 3.5], "texture": "#0"},
				"west": {"uv": [3, 6, 5, 9.5], "texture": "#0"},
				"up": {"uv": [10.5, 5.5, 8, 3.5], "texture": "#0"},
				"down": {"uv": [7.5, 8.5, 5, 10.5], "texture": "#0"}
			}
		},
		{
			"name": "tail",
			"from": [6.5, 0.00105, 6.74163],
			"to": [9.5, 2.00105, 13.74163],
			"rotation": {"angle": 0, "axis": "y", "origin": [8, 2.00105, 10.24163]},
			"faces": {
				"north": {"uv": [1.5, 8.5, 3, 9.5], "texture": "#0"},
				"east": {"uv": [9.5, 2, 13, 3], "texture": "#0"},
				"south": {"uv": [1, 12.5, 2.5, 13.5], "texture": "#0"},
				"west": {"uv": [10, 7.5, 13.5, 8.5], "texture": "#0"},
				"up": {"uv": [9.5, 3.5, 8, 0], "texture": "#0"},
				"down": {"uv": [1.5, 8.5, 0, 12], "texture": "#0"}
			}
		},
		{
			"name": "head",
			"from": [5, 6.35, 3.1],
			"to": [11, 11.35, 8.1],
			"rotation": {"angle": -22.5, "axis": "x", "origin": [8, 7.5, 6.25]},
			"faces": {
				"north": {"uv": [0, 3.5, 3, 6], "texture": "#0"},
				"east": {"uv": [5, 6, 7.5, 8.5], "texture": "#0"},
				"south": {"uv": [3, 3.5, 6, 6], "texture": "#0"},
				"west": {"uv": [7.5, 6, 10, 8.5], "texture": "#0"},
				"up": {"uv": [8, 2.5, 5, 0], "texture": "#0"},
				"down": {"uv": [3, 6, 0, 8.5], "texture": "#0"}
			}
		},
		{
			"name": "head",
			"from": [6, 6.35, 1.1],
			"to": [10, 8.35, 3.1],
			"rotation": {"angle": -22.5, "axis": "x", "origin": [8, 7.5, 6.25]},
			"faces": {
				"north": {"uv": [11, 8.5, 13, 9.5], "texture": "#0"},
				"east": {"uv": [5, 2.5, 6, 3.5], "texture": "#0"},
				"south": {"uv": [11, 9.5, 13, 10.5], "texture": "#0"},
				"west": {"uv": [2.5, 12.5, 3.5, 13.5], "texture": "#0"},
				"up": {"uv": [12, 12, 10, 11], "texture": "#0"},
				"down": {"uv": [3.5, 11.5, 1.5, 12.5], "texture": "#0"}
			}
		},
		{
			"name": "rose",
			"from": [5, 5.81134, 2.16464],
			"to": [11, 5.81134, 3.16464],
			"rotation": {"angle": -22.5, "axis": "x", "origin": [8, 5.31134, 2.66464]},
			"faces": {
				"north": {"uv": [0, 0, 3, 0], "texture": "#0"},
				"east": {"uv": [0, 0, 0.5, 0], "texture": "#0"},
				"south": {"uv": [0, 0, 3, 0], "texture": "#0"},
				"west": {"uv": [0, 0, 0.5, 0], "texture": "#0"},
				"up": {"uv": [14.5, 5.5, 11.5, 5], "texture": "#0"},
				"down": {"uv": [15.5, 5.5, 12.5, 6], "texture": "#0"}
			}
		},
		{
			"name": "rose",
			"from": [0, 5.81134, 0.66464],
			"to": [5, 5.81134, 4.66464],
			"rotation": {"angle": -22.5, "axis": "x", "origin": [2.5, 5.31134, 2.66464]},
			"faces": {
				"north": {"uv": [0, 0, 2.5, 0], "texture": "#0"},
				"east": {"uv": [0, 0, 2, 0], "texture": "#0"},
				"south": {"uv": [0, 0, 2.5, 0], "texture": "#0"},
				"west": {"uv": [0, 0, 2, 0], "texture": "#0"},
				"up": {"uv": [10, 10.5, 7.5, 8.5], "texture": "#0"},
				"down": {"uv": [12, 0, 9.5, 2], "texture": "#0"}
			}
		},
		{
			"name": "rose",
			"from": [0, 3.81134, 2.66464],
			"to": [5, 7.81134, 2.66464],
			"rotation": {"angle": -22.5, "axis": "x", "origin": [2.5, 5.31134, 2.66464]},
			"faces": {
				"north": {"uv": [1.5, 9.5, 4, 11.5], "texture": "#0"},
				"east": {"uv": [0, 0, 0, 2], "texture": "#0"},
				"south": {"uv": [10, 5.5, 12.5, 7.5], "texture": "#0"},
				"west": {"uv": [0, 0, 0, 2], "texture": "#0"},
				"up": {"uv": [2.5, 0, 0, 0], "texture": "#0"},
				"down": {"uv": [2.5, 0, 0, 0], "texture": "#0"}
			}
		},
		{
			"name": "ears",
			"from": [9, 11.35, 4.1],
			"to": [11, 13.35, 5.1],
			"rotation": {"angle": -22.5, "axis": "x", "origin": [8, 7.5, 6.25]},
			"faces": {
				"north": {"uv": [12.5, 6, 13.5, 7], "texture": "#0"},
				"east": {"uv": [4.5, 12, 5, 13], "texture": "#0"},
				"south": {"uv": [13, 0, 14, 1], "texture": "#0"},
				"west": {"uv": [10.5, 13, 11, 14], "texture": "#0"},
				"up": {"uv": [9, 6, 8, 5.5], "texture": "#0"},
				"down": {"uv": [10, 5.5, 9, 6], "texture": "#0"}
			}
		},
		{
			"name": "ears",
			"from": [5, 11.35, 4.1],
			"to": [7, 13.35, 5.1],
			"rotation": {"angle": -22.5, "axis": "x", "origin": [8, 7.5, 6.25]},
			"faces": {
				"north": {"uv": [13, 1, 14, 2], "texture": "#0"},
				"east": {"uv": [11, 13, 11.5, 14], "texture": "#0"},
				"south": {"uv": [13, 2, 14, 3], "texture": "#0"},
				"west": {"uv": [11.5, 13, 12, 14], "texture": "#0"},
				"up": {"uv": [10.5, 3.5, 9.5, 3], "texture": "#0"},
				"down": {"uv": [12, 10.5, 11, 11], "texture": "#0"}
			}
		},
		{
			"name": "ears",
			"from": [5, 12.35, 3.1],
			"to": [7, 13.35, 4.1],
			"rotation": {"angle": -22.5, "axis": "x", "origin": [8, 7.5, 6.25]},
			"faces": {
				"north": {"uv": [12.5, 7, 13.5, 7.5], "texture": "#0"},
				"east": {"uv": [3.5, 11.5, 4, 12], "texture": "#0"},
				"south": {"uv": [13, 11.5, 14, 12], "texture": "#0"},
				"west": {"uv": [1, 12, 1.5, 12.5], "texture": "#0"},
				"up": {"uv": [14, 12.5, 13, 12], "texture": "#0"},
				"down": {"uv": [14, 12.5, 13, 13], "texture": "#0"}
			}
		},
		{
			"name": "ears",
			"from": [9, 12.35, 3.1],
			"to": [11, 13.35, 4.1],
			"rotation": {"angle": -22.5, "axis": "x", "origin": [8, 7.5, 6.25]},
			"faces": {
				"north": {"uv": [13, 13, 14, 13.5], "texture": "#0"},
				"east": {"uv": [3, 13.5, 3.5, 14], "texture": "#0"},
				"south": {"uv": [1, 13.5, 2, 14], "texture": "#0"},
				"west": {"uv": [13.5, 3.5, 14, 4], "texture": "#0"},
				"up": {"uv": [3, 14, 2, 13.5], "texture": "#0"},
				"down": {"uv": [14.5, 3, 13.5, 3.5], "texture": "#0"}
			}
		},
		{
			"name": "leg_leg",
			"from": [4.055, 0.01, 3.73335],
			"to": [6.055, 1.86, 7.73335],
			"rotation": {"angle": 45, "axis": "y", "origin": [5.555, 1.01, 5.53335]},
			"faces": {
				"north": {"uv": [4.5, 13, 5.5, 14], "texture": "#0"},
				"east": {"uv": [11.5, 3, 13.5, 4], "texture": "#0"},
				"south": {"uv": [5.5, 13, 6.5, 14], "texture": "#0"},
				"west": {"uv": [11.5, 4, 13.5, 5], "texture": "#0"},
				"up": {"uv": [1, 14, 0, 12], "texture": "#0"},
				"down": {"uv": [13, 0, 12, 2], "texture": "#0"}
			}
		},
		{
			"name": "left_arm",
			"from": [5.13544, 0.1795, 3.66201],
			"to": [6.88544, 5.1795, 5.66201],
			"rotation": {"angle": 22.5, "axis": "x", "origin": [8, 3.0295, 4.48701]},
			"faces": {
				"north": {"uv": [7, 10.5, 6, 13], "texture": "#0"},
				"east": {"uv": [10, 10.5, 9, 13], "texture": "#0"},
				"south": {"uv": [9, 10.5, 8, 13], "texture": "#0"},
				"west": {"uv": [8, 10.5, 7, 13], "texture": "#0"},
				"up": {"uv": [8.5, 14, 9.5, 13], "texture": "#0"},
				"down": {"uv": [13, 8.5, 14, 9.5], "texture": "#0"}
			}
		},
		{
			"name": "left_arm",
			"from": [9.11456, 0.1795, 3.66201],
			"to": [10.86456, 5.1795, 5.66201],
			"rotation": {"angle": 22.5, "axis": "x", "origin": [8, 3.0295, 4.48701]},
			"faces": {
				"north": {"uv": [6, 10.5, 7, 13], "texture": "#0"},
				"east": {"uv": [7, 10.5, 8, 13], "texture": "#0"},
				"south": {"uv": [8, 10.5, 9, 13], "texture": "#0"},
				"west": {"uv": [9, 10.5, 10, 13], "texture": "#0"},
				"up": {"uv": [9.5, 14, 8.5, 13], "texture": "#0"},
				"down": {"uv": [14, 8.5, 13, 9.5], "texture": "#0"}
			}
		},
		{
			"name": "leg_leg",
			"from": [9.945, 0.01, 3.73335],
			"to": [11.945, 1.86, 7.73335],
			"rotation": {"angle": -45, "axis": "y", "origin": [10.445, 1.01, 5.53335]},
			"faces": {
				"north": {"uv": [9.5, 13, 10.5, 14], "texture": "#0"},
				"east": {"uv": [10, 12, 12, 13], "texture": "#0"},
				"south": {"uv": [13, 9.5, 14, 10.5], "texture": "#0"},
				"west": {"uv": [12, 10.5, 14, 11.5], "texture": "#0"},
				"up": {"uv": [4.5, 14, 3.5, 12], "texture": "#0"},
				"down": {"uv": [13, 11.5, 12, 13.5], "texture": "#0"}
			}
		}
	],
	"display": {
		"thirdperson_righthand": {
			"rotation": [71, 26, 0],
			"translation": [0, 0.75, 3.25],
			"scale": [0.84, 0.84, 0.84]
		},
		"thirdperson_lefthand": {
			"rotation": [71, 26, 0],
			"translation": [0, 0.75, 3.25],
			"scale": [0.84, 0.84, 0.84]
		},
		"firstperson_righthand": {
			"rotation": [0, 109, 5],
			"translation": [4.25, 6.75, 0],
			"scale": [0.8, 0.8, 0.8]
		},
		"firstperson_lefthand": {
			"rotation": [0, 109, 5],
			"translation": [4.25, 6.75, 0],
			"scale": [0.8, 0.8, 0.8]
		},
		"ground": {
			"translation": [0, 3.5, 0],
			"scale": [0.65, 0.65, 0.65]
		},
		"gui": {
			"rotation": [25, 151, 0],
			"translation": [1.25, 2.25, 0],
			"scale": [0.89, 0.89, 0.89]
		},
		"head": {
			"translation": [0, 14.4, 0]
		},
		"fixed": {
			"rotation": [-90, 0, 0],
			"translation": [0, 0, -13.5],
			"scale": [1.7, 1.7, 1.7]
		}
	},
	"groups": [
		{
			"name": "nm_plushie_puppy_patchy",
			"origin": [8, 8, 8],
			"color": 0,
			"children": [
				0,
				1,
				{
					"name": "group",
					"origin": [8, 7.5, 6.25],
					"color": 0,
					"children": [
						2,
						3,
						{
							"name": "group",
							"origin": [8, 7.5, 6.25],
							"color": 0,
							"children": [4, 5, 6]
						},
						{
							"name": "group",
							"origin": [8, 7.5, 6.25],
							"color": 3,
							"children": [7, 8, 9, 10]
						}
					]
				},
				{
					"name": "group",
					"origin": [10.445, 1.01, 5.53335],
					"color": 7,
					"children": [11, 12, 13, 14]
				}
			]
		}
	]
}