{
	"credit": "Made by Nog's Menagerie",
	"texture_size": [64, 64],
	"textures": {
		"1": "nogs_menagerie/plushies/nm_plushie_pizza_bear_texture"
	},
	"elements": [
		{
			"name": "torso",
			"from": [5.5, 0, 7.25],
			"to": [10.5, 8, 11.25],
			"rotation": {"angle": 0, "axis": "y", "origin": [8, 2.0045, 8.85355]},
			"faces": {
				"north": {"uv": [2, 3, 3.25, 5], "texture": "#1"},
				"east": {"uv": [0, 4, 1, 6], "texture": "#1"},
				"south": {"uv": [3.5, 3, 4.75, 5], "texture": "#1"},
				"west": {"uv": [4.5, 0, 5.5, 2], "texture": "#1"},
				"up": {"uv": [3.25, 7.75, 2, 6.75], "texture": "#1"},
				"down": {"uv": [8.25, 2, 7, 3], "texture": "#1"}
			}
		},
		{
			"name": "head",
			"from": [4.5, 8.575, 4.85],
			"to": [11.5, 12.575, 11.85],
			"rotation": {"angle": -22.5, "axis": "x", "origin": [8, 7.725, 8.25]},
			"faces": {
				"north": {"uv": [5, 2.25, 6.75, 3.25], "texture": "#1"},
				"east": {"uv": [5, 3.5, 6.75, 4.5], "texture": "#1"},
				"south": {"uv": [5, 4.75, 6.75, 5.75], "texture": "#1"},
				"west": {"uv": [1.25, 5.25, 3, 6.25], "texture": "#1"},
				"up": {"uv": [1.75, 1.75, 0, 0], "texture": "#1"},
				"down": {"uv": [1.75, 2, 0, 3.75], "texture": "#1"}
			}
		},
		{
			"name": "head",
			"from": [3.5, 5.575, 4.85],
			"to": [12.5, 8.575, 9.85],
			"rotation": {"angle": -22.5, "axis": "x", "origin": [8, 7.725, 8.25]},
			"faces": {
				"north": {"uv": [5.75, 0, 8, 0.75], "texture": "#1"},
				"east": {"uv": [7, 4.5, 8.25, 5.25], "texture": "#1"},
				"south": {"uv": [5.75, 1, 8, 1.75], "texture": "#1"},
				"west": {"uv": [6.25, 7, 7.5, 7.75], "texture": "#1"},
				"up": {"uv": [4.25, 1.25, 2, 0], "texture": "#1"},
				"down": {"uv": [4.25, 1.5, 2, 2.75], "texture": "#1"}
			}
		},
		{
			"name": "head",
			"from": [4.5, 5.575, 9.85],
			"to": [11.5, 8.575, 11.85],
			"rotation": {"angle": -22.5, "axis": "x", "origin": [8, 7.725, 8.25]},
			"faces": {
				"north": {"uv": [6.25, 6, 8, 6.75], "texture": "#1"},
				"east": {"uv": [1.75, 9, 2.25, 9.75], "texture": "#1"},
				"south": {"uv": [0, 6.5, 1.75, 7.25], "texture": "#1"},
				"west": {"uv": [2.5, 9, 3, 9.75], "texture": "#1"},
				"up": {"uv": [9.5, 7.5, 7.75, 7], "texture": "#1"},
				"down": {"uv": [9.5, 7.75, 7.75, 8.25], "texture": "#1"}
			}
		},
		{
			"name": "head",
			"from": [5.5, 12.575, 5.85],
			"to": [10.5, 13.575, 10.85],
			"rotation": {"angle": -22.5, "axis": "x", "origin": [8, 7.725, 8.25]},
			"faces": {
				"north": {"uv": [8.25, 6.5, 9.5, 6.75], "texture": "#1"},
				"east": {"uv": [9.25, 1.75, 10.5, 2], "texture": "#1"},
				"south": {"uv": [9.25, 2.25, 10.5, 2.5], "texture": "#1"},
				"west": {"uv": [9.25, 2.75, 10.5, 3], "texture": "#1"},
				"up": {"uv": [4.5, 6.5, 3.25, 5.25], "texture": "#1"},
				"down": {"uv": [6, 6, 4.75, 7.25], "texture": "#1"}
			}
		},
		{
			"name": "head",
			"from": [6, 13.575, 6.35],
			"to": [10, 16.575, 10.35],
			"rotation": {"angle": -22.5, "axis": "x", "origin": [8, 7.725, 8.25]},
			"faces": {
				"north": {"uv": [1.5, 8, 2.5, 8.75], "texture": "#1"},
				"east": {"uv": [2.75, 8, 3.75, 8.75], "texture": "#1"},
				"south": {"uv": [6.25, 8, 7.25, 8.75], "texture": "#1"},
				"west": {"uv": [8.25, 0, 9.25, 0.75], "texture": "#1"},
				"up": {"uv": [4.5, 7.75, 3.5, 6.75], "texture": "#1"},
				"down": {"uv": [8, 3.25, 7, 4.25], "texture": "#1"}
			}
		},
		{
			"name": "head",
			"from": [11.5, 8.575, 7.85],
			"to": [14.5, 11.575, 8.85],
			"rotation": {"angle": -22.5, "axis": "x", "origin": [8, 7.725, 8.25]},
			"faces": {
				"north": {"uv": [8.25, 5.5, 9, 6.25], "texture": "#1"},
				"east": {"uv": [9.25, 4.75, 9.5, 5.5], "texture": "#1"},
				"south": {"uv": [0, 8.5, 0.75, 9.25], "texture": "#1"},
				"west": {"uv": [5.5, 9.25, 5.75, 10], "texture": "#1"},
				"up": {"uv": [7.75, 5.75, 7, 5.5], "texture": "#1"},
				"down": {"uv": [10, 5.75, 9.25, 6], "texture": "#1"}
			}
		},
		{
			"name": "head",
			"from": [1.5, 8.575, 7.85],
			"to": [4.5, 11.575, 8.85],
			"rotation": {"angle": -22.5, "axis": "x", "origin": [8, 7.725, 8.25]},
			"faces": {
				"north": {"uv": [9, 5.5, 8.25, 6.25], "texture": "#1"},
				"east": {"uv": [5.75, 9.25, 5.5, 10], "texture": "#1"},
				"south": {"uv": [0.75, 8.5, 0, 9.25], "texture": "#1"},
				"west": {"uv": [9.5, 4.75, 9.25, 5.5], "texture": "#1"},
				"up": {"uv": [7, 5.75, 7.75, 5.5], "texture": "#1"},
				"down": {"uv": [9.25, 5.75, 10, 6], "texture": "#1"}
			}
		},
		{
			"name": "head",
			"from": [5.5, 5.21732, 2.8018],
			"to": [10.5, 8.21732, 4.8018],
			"rotation": {"angle": -22.5, "axis": "x", "origin": [10, 7.66732, 7.3268]},
			"faces": {
				"north": {"uv": [0, 7.5, 1.25, 8.25], "texture": "#1"},
				"east": {"uv": [3.25, 9, 3.75, 9.75], "texture": "#1"},
				"south": {"uv": [4.75, 7.5, 6, 8.25], "texture": "#1"},
				"west": {"uv": [6, 9, 6.5, 9.75], "texture": "#1"},
				"up": {"uv": [9.5, 1.5, 8.25, 1], "texture": "#1"},
				"down": {"uv": [9.5, 3.25, 8.25, 3.75], "texture": "#1"}
			}
		},
		{
			"name": "head",
			"from": [6.5, 8.6, 2.72568],
			"to": [9.5, 9.6, 3.72568],
			"rotation": {"angle": -22.5, "axis": "x", "origin": [8, 8.05, 8.25068]},
			"faces": {
				"north": {"uv": [7.5, 9.25, 8.25, 9.5], "texture": "#1"},
				"east": {"uv": [4.5, 2.25, 4.75, 2.5], "texture": "#1"},
				"south": {"uv": [0, 9.5, 0.75, 9.75], "texture": "#1"},
				"west": {"uv": [1.5, 7.5, 1.75, 7.75], "texture": "#1"},
				"up": {"uv": [10.25, 0.25, 9.5, 0], "texture": "#1"},
				"down": {"uv": [10.25, 0.5, 9.5, 0.75], "texture": "#1"}
			}
		},
		{
			"name": "right_arm",
			"from": [10.71576, 2.30686, 8.25],
			"to": [12.71576, 6.30686, 10.25],
			"rotation": {"angle": 45, "axis": "z", "origin": [11.71576, 3.05686, 6]},
			"faces": {
				"north": {"uv": [1.25, 4, 1.75, 5], "texture": "#1"},
				"east": {"uv": [4, 8, 4.5, 9], "texture": "#1"},
				"south": {"uv": [8.5, 1.75, 9, 2.75], "texture": "#1"},
				"west": {"uv": [8.5, 4, 9, 5], "texture": "#1"},
				"up": {"uv": [7.25, 9.5, 6.75, 9], "texture": "#1"},
				"down": {"uv": [4.5, 9.25, 4, 9.75], "texture": "#1"}
			}
		},
		{
			"name": "left_arm",
			"from": [3.28424, 2.30686, 8.25],
			"to": [5.28424, 6.30686, 10.25],
			"rotation": {"angle": -45, "axis": "z", "origin": [4.28424, 3.05686, 6]},
			"faces": {
				"north": {"uv": [1.75, 4, 1.25, 5], "texture": "#1"},
				"east": {"uv": [9, 4, 8.5, 5], "texture": "#1"},
				"south": {"uv": [9, 1.75, 8.5, 2.75], "texture": "#1"},
				"west": {"uv": [4.5, 8, 4, 9], "texture": "#1"},
				"up": {"uv": [6.75, 9.5, 7.25, 9], "texture": "#1"},
				"down": {"uv": [4, 9.25, 4.5, 9.75], "texture": "#1"}
			}
		},
		{
			"name": "right_arm",
			"from": [11.21576, 2.28186, 8.75],
			"to": [12.21576, 2.28186, 9.75],
			"rotation": {"angle": 45, "axis": "z", "origin": [11.71576, 3.05686, 6]},
			"faces": {
				"north": {"uv": [4.5, 2.75, 4.75, 2.75], "texture": "#1"},
				"east": {"uv": [5.75, 2, 6, 2], "texture": "#1"},
				"south": {"uv": [0, 6.25, 0.25, 6.25], "texture": "#1"},
				"west": {"uv": [0.5, 6.25, 0.75, 6.25], "texture": "#1"},
				"up": {"uv": [1.25, 8.75, 1, 8.5], "texture": "#1"},
				"down": {"uv": [9.75, 8.5, 9.5, 8.75], "texture": "#1"}
			}
		},
		{
			"name": "left_arm",
			"from": [3.78424, 2.28186, 8.75],
			"to": [4.78424, 2.28186, 9.75],
			"rotation": {"angle": -45, "axis": "z", "origin": [4.28424, 3.05686, 6]},
			"faces": {
				"north": {"uv": [4.75, 2.75, 4.5, 2.75], "texture": "#1"},
				"east": {"uv": [0.75, 6.25, 0.5, 6.25], "texture": "#1"},
				"south": {"uv": [0.25, 6.25, 0, 6.25], "texture": "#1"},
				"west": {"uv": [6, 2, 5.75, 2], "texture": "#1"},
				"up": {"uv": [1, 8.75, 1.25, 8.5], "texture": "#1"},
				"down": {"uv": [9.5, 8.5, 9.75, 8.75], "texture": "#1"}
			}
		},
		{
			"name": "right_leg",
			"from": [9, 0.01, 4.25],
			"to": [11, 2.01, 8.25],
			"rotation": {"angle": -22.5, "axis": "y", "origin": [8, 0.01, 6.25]},
			"faces": {
				"north": {"uv": [9.25, 4, 9.75, 4.5], "texture": "#1"},
				"east": {"uv": [4.75, 8.5, 5.75, 9], "texture": "#1"},
				"south": {"uv": [4.75, 9.25, 5.25, 9.75], "texture": "#1"},
				"west": {"uv": [7.5, 8.5, 8.5, 9], "texture": "#1"},
				"up": {"uv": [9.25, 9.5, 8.75, 8.5], "texture": "#1"},
				"down": {"uv": [1.5, 9, 1, 10], "texture": "#1"}
			}
		},
		{
			"name": "left_leg",
			"from": [5, 0.01, 4.25],
			"to": [7, 2.01, 8.25],
			"rotation": {"angle": 22.5, "axis": "y", "origin": [8, 0.01, 6.25]},
			"faces": {
				"north": {"uv": [9.75, 4, 9.25, 4.5], "texture": "#1"},
				"east": {"uv": [8.5, 8.5, 7.5, 9], "texture": "#1"},
				"south": {"uv": [5.25, 9.25, 4.75, 9.75], "texture": "#1"},
				"west": {"uv": [5.75, 8.5, 4.75, 9], "texture": "#1"},
				"up": {"uv": [8.75, 9.5, 9.25, 8.5], "texture": "#1"},
				"down": {"uv": [1, 9, 1.5, 10], "texture": "#1"}
			}
		},
		{
			"name": "right_leg",
			"from": [9.5, 0.51, 4.225],
			"to": [10.5, 1.51, 4.225],
			"rotation": {"angle": -22.5, "axis": "y", "origin": [8, 0.01, 6.25]},
			"faces": {
				"north": {"uv": [9.5, 9, 9.75, 9.25], "texture": "#1"},
				"east": {"uv": [4.75, 5.25, 4.75, 5.5], "texture": "#1"},
				"south": {"uv": [9.5, 9.5, 9.75, 9.75], "texture": "#1"},
				"west": {"uv": [8, 5.5, 8, 5.75], "texture": "#1"},
				"up": {"uv": [6.5, 2, 6.25, 2], "texture": "#1"},
				"down": {"uv": [2.25, 6.5, 2, 6.5], "texture": "#1"}
			}
		},
		{
			"name": "left_leg",
			"from": [5.5, 0.51, 4.225],
			"to": [6.5, 1.51, 4.225],
			"rotation": {"angle": 22.5, "axis": "y", "origin": [8, 0.01, 6.25]},
			"faces": {
				"north": {"uv": [9.75, 9, 9.5, 9.25], "texture": "#1"},
				"east": {"uv": [8, 5.5, 8, 5.75], "texture": "#1"},
				"south": {"uv": [9.75, 9.5, 9.5, 9.75], "texture": "#1"},
				"west": {"uv": [4.75, 5.25, 4.75, 5.5], "texture": "#1"},
				"up": {"uv": [6.25, 2, 6.5, 2], "texture": "#1"},
				"down": {"uv": [2, 6.5, 2.25, 6.5], "texture": "#1"}
			}
		}
	],
	"gui_light": "front",
	"display": {
		"thirdperson_righthand": {
			"rotation": [24, 13, 0],
			"translation": [0, 1.25, -0.5],
			"scale": [0.6, 0.6, 0.6]
		},
		"thirdperson_lefthand": {
			"rotation": [24, 13, 0],
			"translation": [0, 0.75, -0.5],
			"scale": [0.6, 0.6, 0.6]
		},
		"firstperson_righthand": {
			"rotation": [0, 109, 5],
			"translation": [2, 5.25, 0],
			"scale": [0.71, 0.71, 0.71]
		},
		"firstperson_lefthand": {
			"rotation": [0, 109, 5],
			"translation": [2, 5.25, 0],
			"scale": [0.71, 0.71, 0.71]
		},
		"ground": {
			"translation": [0, 3.5, 0],
			"scale": [0.65, 0.65, 0.65]
		},
		"gui": {
			"rotation": [25, 151, 0],
			"translation": [0.25, 0.25, 0],
			"scale": [0.73, 0.73, 0.73]
		},
		"head": {
			"translation": [0, 14.4, 0]
		},
		"fixed": {
			"rotation": [-90, 0, 0],
			"translation": [0, 0, -13.5],
			"scale": [1.7, 1.7, 1.7]
		}
	},
	"groups": [
		{
			"name": "base",
			"origin": [8, 8, 8],
			"color": 0,
			"nbt": "{}",
			"children": [
				0,
				{
					"name": "group",
					"origin": [8, 7.5, 8.25],
					"color": 0,
					"nbt": "{}",
					"children": [1, 2, 3, 4, 5, 6, 7, 8, 9]
				},
				{
					"name": "group",
					"origin": [5.16813, 3.74074, 9.25],
					"color": 0,
					"nbt": "{}",
					"children": [10, 11, 12, 13]
				},
				{
					"name": "group",
					"origin": [8, 0.01, 6.25],
					"color": 0,
					"nbt": "{}",
					"children": [14, 15, 16, 17]
				}
			]
		}
	]
}