{"textures":{"0":"modelengine:entity/bluestone_golem"},"elements":[{"from":[2.4336,1.6441994,2.9643998],"to":[13.566401,8.0058,7.7356],"faces":{"east":{"uv":[5.265,7.015,5.985,7.985],"tintindex":0,"rotation":0,"texture":"#0"},"south":{"uv":[7.515,3.515,9.235,4.485],"tintindex":0,"rotation":0,"texture":"#0"},"north":{"uv":[3.265,7.015,4.985,7.985],"tintindex":0,"rotation":0,"texture":"#0"},"west":{"uv":[1.265,12.015,1.985,12.985],"tintindex":0,"rotation":0,"texture":"#0"},"up":{"uv":[11.235,4.235,9.515,3.515],"tintindex":0,"rotation":0,"texture":"#0"},"down":{"uv":[11.485,1.515,9.765,2.235],"tintindex":0,"rotation":0,"texture":"#0"}}}],"display":{"gui":{"rotation":[30,225,0]}}}