{"textures":{"0":"modelengine:entity/bluestone_golem"},"elements":[{"from":[3.2317677,-7.8937225,4.803758],"to":[9.593369,3.2390776,11.165358],"faces":{"east":{"uv":[8.015,4.765,8.985,6.485],"tintindex":0,"rotation":0,"texture":"#0"},"south":{"uv":[0.015,8.265,0.985,9.985],"tintindex":0,"rotation":0,"texture":"#0"},"north":{"uv":[7.765,6.765,8.735,8.485],"tintindex":0,"rotation":0,"texture":"#0"},"west":{"uv":[8.265,0.015,9.235,1.735],"tintindex":0,"rotation":0,"texture":"#0"},"up":{"uv":[12.485,3.485,11.515,2.515],"tintindex":0,"rotation":0,"texture":"#0"},"down":{"uv":[4.735,11.515,3.765,12.485],"tintindex":0,"rotation":0,"texture":"#0"}},"rotation":{"origin":[13.506824,2.0833101,7.5641737],"angle":-45.0,"axis":"z"}},{"from":[-0.4820223,-2.5126324,5.598958],"to":[2.6987772,2.2585678,10.370158],"faces":{"east":{"uv":[11.515,14.015,12.235,14.735],"tintindex":0,"rotation":0,"texture":"#0"},"south":{"uv":[9.765,14.265,10.235,14.985],"tintindex":0,"rotation":0,"texture":"#0"},"north":{"uv":[9.265,11.515,9.735,12.235],"tintindex":0,"rotation":0,"texture":"#0"},"west":{"uv":[12.515,14.015,13.235,14.735],"tintindex":0,"rotation":0,"texture":"#0"},"up":{"uv":[14.985,11.485,14.515,10.765],"tintindex":0,"rotation":0,"texture":"#0"},"down":{"uv":[14.985,11.765,14.515,12.485],"tintindex":0,"rotation":0,"texture":"#0"}},"rotation":{"origin":[13.506824,2.0833101,7.5641737],"angle":-22.5,"axis":"z"}}],"display":{"gui":{"rotation":[30,225,0]}}}