{"textures":{"0":"modelengine:entity/bluestone_golem"},"elements":[{"from":[9.010321,-3.6919603,2.5833201],"to":[11.39592,1.0792398,4.9689198],"faces":{"east":{"uv":[13.515,14.765,13.875,15.485],"tintindex":0,"rotation":0,"texture":"#0"},"south":{"uv":[14.265,14.765,14.625,15.485],"tintindex":0,"rotation":0,"texture":"#0"},"north":{"uv":[14.765,3.015,15.125,3.735],"tintindex":0,"rotation":0,"texture":"#0"},"west":{"uv":[1.015,15.015,1.375,15.735],"tintindex":0,"rotation":0,"texture":"#0"},"up":{"uv":[11.875,4.125,11.515,3.765],"tintindex":0,"rotation":0,"texture":"#0"},"down":{"uv":[15.625,6.515,15.265,6.875],"tintindex":0,"rotation":0,"texture":"#0"}}},{"from":[2.6487198,-2.89676,4.1737204],"to":[4.2391205,1.8744397,5.76412],"faces":{"east":{"uv":[5.515,14.015,5.735,14.735],"tintindex":0,"rotation":0,"texture":"#0"},"south":{"uv":[4.765,15.015,4.985,15.735],"tintindex":0,"rotation":0,"texture":"#0"},"north":{"uv":[6.265,11.765,6.485,12.485],"tintindex":0,"rotation":0,"texture":"#0"},"west":{"uv":[5.265,15.015,5.485,15.735],"tintindex":0,"rotation":0,"texture":"#0"},"up":{"uv":[7.735,4.985,7.515,4.765],"tintindex":0,"rotation":0,"texture":"#0"},"down":{"uv":[10.735,7.765,10.515,7.985],"tintindex":0,"rotation":0,"texture":"#0"}}},{"from":[4.2391205,-1.3063602,4.1737204],"to":[12.19112,8.23604,12.12572],"faces":{"east":{"uv":[3.265,5.265,4.485,6.735],"tintindex":0,"rotation":0,"texture":"#0"},"south":{"uv":[4.765,5.265,5.985,6.735],"tintindex":0,"rotation":0,"texture":"#0"},"north":{"uv":[1.765,5.015,2.985,6.485],"tintindex":0,"rotation":0,"texture":"#0"},"west":{"uv":[6.015,3.515,7.235,4.985],"tintindex":0,"rotation":0,"texture":"#0"},"up":{"uv":[9.485,3.235,8.265,2.015],"tintindex":0,"rotation":0,"texture":"#0"},"down":{"uv":[8.235,8.765,7.015,9.985],"tintindex":0,"rotation":0,"texture":"#0"}}},{"from":[2.6487198,-2.89676,7.35452],"to":[4.2391205,1.8744397,8.94492],"faces":{"east":{"uv":[15.015,8.265,15.235,8.985],"tintindex":0,"rotation":0,"texture":"#0"},"south":{"uv":[8.765,15.015,8.985,15.735],"tintindex":0,"rotation":0,"texture":"#0"},"north":{"uv":[15.015,7.265,15.235,7.985],"tintindex":0,"rotation":0,"texture":"#0"},"west":{"uv":[9.265,15.015,9.485,15.735],"tintindex":0,"rotation":0,"texture":"#0"},"up":{"uv":[13.235,6.735,13.015,6.515],"tintindex":0,"rotation":0,"texture":"#0"},"down":{"uv":[13.735,7.265,13.515,7.485],"tintindex":0,"rotation":0,"texture":"#0"}}},{"from":[2.6487198,-2.89676,10.53532],"to":[4.2391205,1.8744397,12.12572],"faces":{"east":{"uv":[6.265,15.015,6.485,15.735],"tintindex":0,"rotation":0,"texture":"#0"},"south":{"uv":[6.765,15.015,6.985,15.735],"tintindex":0,"rotation":0,"texture":"#0"},"north":{"uv":[5.765,15.015,5.985,15.735],"tintindex":0,"rotation":0,"texture":"#0"},"west":{"uv":[7.265,15.015,7.485,15.735],"tintindex":0,"rotation":0,"texture":"#0"},"up":{"uv":[12.985,9.985,12.765,9.765],"tintindex":0,"rotation":0,"texture":"#0"},"down":{"uv":[13.235,2.015,13.015,2.235],"tintindex":0,"rotation":0,"texture":"#0"}}}],"display":{"gui":{"rotation":[30,225,0]}}}