{"textures":{"0":"modelengine:entity/bluestone_golem"},"elements":[{"from":[5.6144,2.6144,5.6144],"to":[10.3856,5.7952003,7.2048],"faces":{"east":{"uv":[8.765,12.765,8.985,13.235],"tintindex":0,"rotation":0,"texture":"#0"},"south":{"uv":[8.765,14.265,9.485,14.735],"tintindex":0,"rotation":0,"texture":"#0"},"north":{"uv":[14.265,5.515,14.985,5.985],"tintindex":0,"rotation":0,"texture":"#0"},"west":{"uv":[1.765,13.265,1.985,13.735],"tintindex":0,"rotation":0,"texture":"#0"},"up":{"uv":[9.735,8.485,9.015,8.265],"tintindex":0,"rotation":0,"texture":"#0"},"down":{"uv":[9.985,6.265,9.265,6.485],"tintindex":0,"rotation":0,"texture":"#0"}}},{"from":[5.6144,2.6144,7.2048],"to":[10.3856,8.976,11.976],"faces":{"east":{"uv":[12.515,11.515,13.235,12.485],"tintindex":0,"rotation":0,"texture":"#0"},"south":{"uv":[12.765,2.515,13.485,3.485],"tintindex":0,"rotation":0,"texture":"#0"},"north":{"uv":[12.515,10.265,13.235,11.235],"tintindex":0,"rotation":0,"texture":"#0"},"west":{"uv":[3.765,12.765,4.485,13.735],"tintindex":0,"rotation":0,"texture":"#0"},"up":{"uv":[14.485,0.735,13.765,0.015],"tintindex":0,"rotation":0,"texture":"#0"},"down":{"uv":[3.235,14.015,2.515,14.735],"tintindex":0,"rotation":0,"texture":"#0"}}}],"display":{"gui":{"rotation":[30,225,0]}}}