{"textures":{"0":"modelengine:entity/bluestone_golem"},"elements":[{"from":[5.6144,2.6144,7.2048],"to":[10.3856,8.976,11.976],"faces":{"east":{"uv":[4.485,12.765,3.765,13.735],"tintindex":0,"rotation":0,"texture":"#0"},"south":{"uv":[13.485,2.515,12.765,3.485],"tintindex":0,"rotation":0,"texture":"#0"},"north":{"uv":[13.235,10.265,12.515,11.235],"tintindex":0,"rotation":0,"texture":"#0"},"west":{"uv":[13.235,11.515,12.515,12.485],"tintindex":0,"rotation":0,"texture":"#0"},"up":{"uv":[13.765,0.735,14.485,0.015],"tintindex":0,"rotation":0,"texture":"#0"},"down":{"uv":[2.515,14.015,3.235,14.735],"tintindex":0,"rotation":0,"texture":"#0"}}},{"from":[5.6144,2.6144,5.6144],"to":[10.3856,5.7952003,7.2048],"faces":{"east":{"uv":[1.985,13.265,1.765,13.735],"tintindex":0,"rotation":0,"texture":"#0"},"south":{"uv":[9.485,14.265,8.765,14.735],"tintindex":0,"rotation":0,"texture":"#0"},"north":{"uv":[14.985,5.515,14.265,5.985],"tintindex":0,"rotation":0,"texture":"#0"},"west":{"uv":[8.985,12.765,8.765,13.235],"tintindex":0,"rotation":0,"texture":"#0"},"up":{"uv":[9.015,8.485,9.735,8.265],"tintindex":0,"rotation":0,"texture":"#0"},"down":{"uv":[9.265,6.265,9.985,6.485],"tintindex":0,"rotation":0,"texture":"#0"}}}],"display":{"gui":{"rotation":[30,225,0]}}}