{"textures":{"0":"modelengine:entity/bluestone_golem"},"elements":[{"from":[6.406632,-7.8937225,4.803758],"to":[12.768232,3.2390776,11.165358],"faces":{"east":{"uv":[9.235,0.015,8.265,1.735],"tintindex":0,"rotation":0,"texture":"#0"},"south":{"uv":[0.985,8.265,0.015,9.985],"tintindex":0,"rotation":0,"texture":"#0"},"north":{"uv":[8.735,6.765,7.765,8.485],"tintindex":0,"rotation":0,"texture":"#0"},"west":{"uv":[8.985,4.765,8.015,6.485],"tintindex":0,"rotation":0,"texture":"#0"},"up":{"uv":[11.515,3.485,12.485,2.515],"tintindex":0,"rotation":0,"texture":"#0"},"down":{"uv":[3.765,11.515,4.735,12.485],"tintindex":0,"rotation":0,"texture":"#0"}},"rotation":{"origin":[2.4931765,2.0833101,7.5641737],"angle":45.0,"axis":"z"}},{"from":[13.301223,-2.5126324,5.598958],"to":[16.482021,2.2585678,10.370158],"faces":{"east":{"uv":[13.235,14.015,12.515,14.735],"tintindex":0,"rotation":0,"texture":"#0"},"south":{"uv":[10.235,14.265,9.765,14.985],"tintindex":0,"rotation":0,"texture":"#0"},"north":{"uv":[9.735,11.515,9.265,12.235],"tintindex":0,"rotation":0,"texture":"#0"},"west":{"uv":[12.235,14.015,11.515,14.735],"tintindex":0,"rotation":0,"texture":"#0"},"up":{"uv":[14.515,11.485,14.985,10.765],"tintindex":0,"rotation":0,"texture":"#0"},"down":{"uv":[14.515,11.765,14.985,12.485],"tintindex":0,"rotation":0,"texture":"#0"}},"rotation":{"origin":[2.4931765,2.0833101,7.5641737],"angle":22.5,"axis":"z"}}],"display":{"gui":{"rotation":[30,225,0]}}}