{"textures":{"0":"modelengine:entity/bluestone_golem"},"elements":[{"from":[4.6040797,-3.6919603,2.5833201],"to":[6.9896793,1.0792398,4.9689198],"faces":{"east":{"uv":[1.375,15.015,1.015,15.735],"tintindex":0,"rotation":0,"texture":"#0"},"south":{"uv":[14.625,14.765,14.265,15.485],"tintindex":0,"rotation":0,"texture":"#0"},"north":{"uv":[15.125,3.015,14.765,3.735],"tintindex":0,"rotation":0,"texture":"#0"},"west":{"uv":[13.875,14.765,13.515,15.485],"tintindex":0,"rotation":0,"texture":"#0"},"up":{"uv":[11.515,4.125,11.875,3.765],"tintindex":0,"rotation":0,"texture":"#0"},"down":{"uv":[15.265,6.515,15.625,6.875],"tintindex":0,"rotation":0,"texture":"#0"}}},{"from":[3.8088799,-1.3063602,4.1737204],"to":[11.7608795,8.23604,12.12572],"faces":{"east":{"uv":[7.235,3.515,6.015,4.985],"tintindex":0,"rotation":0,"texture":"#0"},"south":{"uv":[5.985,5.265,4.765,6.735],"tintindex":0,"rotation":0,"texture":"#0"},"north":{"uv":[2.985,5.015,1.765,6.485],"tintindex":0,"rotation":0,"texture":"#0"},"west":{"uv":[4.485,5.265,3.265,6.735],"tintindex":0,"rotation":0,"texture":"#0"},"up":{"uv":[8.265,3.235,9.485,2.015],"tintindex":0,"rotation":0,"texture":"#0"},"down":{"uv":[7.015,8.765,8.235,9.985],"tintindex":0,"rotation":0,"texture":"#0"}}},{"from":[11.7608795,-2.89676,4.1737204],"to":[13.35128,1.8744397,5.76412],"faces":{"east":{"uv":[5.485,15.015,5.265,15.735],"tintindex":0,"rotation":0,"texture":"#0"},"south":{"uv":[4.985,15.015,4.765,15.735],"tintindex":0,"rotation":0,"texture":"#0"},"north":{"uv":[6.485,11.765,6.265,12.485],"tintindex":0,"rotation":0,"texture":"#0"},"west":{"uv":[5.735,14.015,5.515,14.735],"tintindex":0,"rotation":0,"texture":"#0"},"up":{"uv":[7.515,4.985,7.735,4.765],"tintindex":0,"rotation":0,"texture":"#0"},"down":{"uv":[10.515,7.765,10.735,7.985],"tintindex":0,"rotation":0,"texture":"#0"}}},{"from":[11.7608795,-2.89676,10.53532],"to":[13.35128,1.8744397,12.12572],"faces":{"east":{"uv":[7.485,15.015,7.265,15.735],"tintindex":0,"rotation":0,"texture":"#0"},"south":{"uv":[6.985,15.015,6.765,15.735],"tintindex":0,"rotation":0,"texture":"#0"},"north":{"uv":[5.985,15.015,5.765,15.735],"tintindex":0,"rotation":0,"texture":"#0"},"west":{"uv":[6.485,15.015,6.265,15.735],"tintindex":0,"rotation":0,"texture":"#0"},"up":{"uv":[12.765,9.985,12.985,9.765],"tintindex":0,"rotation":0,"texture":"#0"},"down":{"uv":[13.015,2.015,13.235,2.235],"tintindex":0,"rotation":0,"texture":"#0"}}},{"from":[11.7608795,-2.89676,7.35452],"to":[13.35128,1.8744397,8.94492],"faces":{"east":{"uv":[9.485,15.015,9.265,15.735],"tintindex":0,"rotation":0,"texture":"#0"},"south":{"uv":[8.985,15.015,8.765,15.735],"tintindex":0,"rotation":0,"texture":"#0"},"north":{"uv":[15.235,7.265,15.015,7.985],"tintindex":0,"rotation":0,"texture":"#0"},"west":{"uv":[15.235,8.265,15.015,8.985],"tintindex":0,"rotation":0,"texture":"#0"},"up":{"uv":[13.015,6.735,13.235,6.515],"tintindex":0,"rotation":0,"texture":"#0"},"down":{"uv":[13.515,7.265,13.735,7.485],"tintindex":0,"rotation":0,"texture":"#0"}}}],"display":{"gui":{"rotation":[30,225,0]}}}