{"textures":{"0":"modelengine:entity/bluestone_golem"},"elements":[{"from":[3.0553126,12.291428,0.010553837],"to":[12.597713,20.243427,3.1913538],"faces":{"east":{"uv":[8.015,13.765,8.485,14.985],"tintindex":0,"rotation":0,"texture":"#0"},"south":{"uv":[0.015,6.765,1.485,7.985],"tintindex":0,"rotation":0,"texture":"#0"},"north":{"uv":[6.265,5.265,7.735,6.485],"tintindex":0,"rotation":0,"texture":"#0"},"west":{"uv":[1.765,14.015,2.235,15.235],"tintindex":0,"rotation":0,"texture":"#0"},"up":{"uv":[13.235,7.485,11.765,7.015],"tintindex":0,"rotation":0,"texture":"#0"},"down":{"uv":[13.735,4.765,12.265,5.235],"tintindex":0,"rotation":0,"texture":"#0"}}},{"from":[3.8505125,14.191495,11.575598],"to":[11.802513,20.553097,19.527597],"faces":{"east":{"uv":[11.015,0.015,12.235,0.985],"tintindex":0,"rotation":0,"texture":"#0"},"south":{"uv":[11.265,7.765,12.485,8.735],"tintindex":0,"rotation":0,"texture":"#0"},"north":{"uv":[10.765,4.515,11.985,5.485],"tintindex":0,"rotation":0,"texture":"#0"},"west":{"uv":[11.265,9.015,12.485,9.985],"tintindex":0,"rotation":0,"texture":"#0"},"up":{"uv":[10.485,5.985,9.265,4.765],"tintindex":0,"rotation":0,"texture":"#0"},"down":{"uv":[10.735,0.015,9.515,1.235],"tintindex":0,"rotation":0,"texture":"#0"}},"rotation":{"origin":[7.826513,11.526493,7.542169],"angle":-22.5,"axis":"x"}},{"from":[4.042827,9.611515,12.1754055],"to":[8.814027,15.973115,18.537006],"faces":{"east":{"uv":[11.765,1.265,12.735,2.235],"tintindex":0,"rotation":0,"texture":"#0"},"south":{"uv":[13.515,11.015,14.235,11.985],"tintindex":0,"rotation":0,"texture":"#0"},"north":{"uv":[13.515,9.765,14.235,10.735],"tintindex":0,"rotation":0,"texture":"#0"},"west":{"uv":[2.515,11.765,3.485,12.735],"tintindex":0,"rotation":0,"texture":"#0"},"up":{"uv":[14.235,13.235,13.515,12.265],"tintindex":0,"rotation":0,"texture":"#0"},"down":{"uv":[14.235,13.515,13.515,14.485],"tintindex":0,"rotation":0,"texture":"#0"}},"rotation":{"origin":[7.826513,11.526493,7.542169],"angle":-22.5,"axis":"y"}},{"from":[4.645713,18.212551,0.9313569],"to":[11.007313,26.16455,7.2929573],"faces":{"east":{"uv":[10.015,9.765,10.985,10.985],"tintindex":0,"rotation":0,"texture":"#0"},"south":{"uv":[0.015,10.265,0.985,11.485],"tintindex":0,"rotation":0,"texture":"#0"},"north":{"uv":[10.015,8.265,10.985,9.485],"tintindex":0,"rotation":0,"texture":"#0"},"west":{"uv":[2.515,10.265,3.485,11.485],"tintindex":0,"rotation":0,"texture":"#0"},"up":{"uv":[10.985,12.235,10.015,11.265],"tintindex":0,"rotation":0,"texture":"#0"},"down":{"uv":[12.235,10.265,11.265,11.235],"tintindex":0,"rotation":0,"texture":"#0"}},"rotation":{"origin":[7.826513,11.526493,7.542169],"angle":22.5,"axis":"x"}},{"from":[4.645713,13.470095,7.9684978],"to":[11.007313,19.831696,15.920498],"faces":{"east":{"uv":[8.515,10.265,9.735,11.235],"tintindex":0,"rotation":0,"texture":"#0"},"south":{"uv":[0.015,11.765,0.985,12.735],"tintindex":0,"rotation":0,"texture":"#0"},"north":{"uv":[11.265,11.515,12.235,12.485],"tintindex":0,"rotation":0,"texture":"#0"},"west":{"uv":[5.265,10.515,6.485,11.485],"tintindex":0,"rotation":0,"texture":"#0"},"up":{"uv":[2.235,11.735,1.265,10.515],"tintindex":0,"rotation":0,"texture":"#0"},"down":{"uv":[11.485,6.265,10.515,7.485],"tintindex":0,"rotation":0,"texture":"#0"}},"rotation":{"origin":[7.826513,11.526493,7.542169],"angle":45.0,"axis":"x"}},{"from":[0.669713,7.5202274,3.1913538],"to":[14.983313,21.833828,12.733753],"faces":{"east":{"uv":[2.515,0.015,3.985,2.235],"tintindex":0,"rotation":0,"texture":"#0"},"south":{"uv":[0.015,2.515,2.235,4.735],"tintindex":0,"rotation":0,"texture":"#0"},"north":{"uv":[0.015,0.015,2.235,2.235],"tintindex":0,"rotation":0,"texture":"#0"},"west":{"uv":[2.515,2.515,3.985,4.735],"tintindex":0,"rotation":0,"texture":"#0"},"up":{"uv":[6.485,1.485,4.265,0.015],"tintindex":0,"rotation":0,"texture":"#0"},"down":{"uv":[6.485,1.765,4.265,3.235],"tintindex":0,"rotation":0,"texture":"#0"}}},{"from":[1.8556571,20.791176,5.576954],"to":[8.217257,25.562374,10.348154],"faces":{"east":{"uv":[5.235,14.015,4.515,14.735],"tintindex":0,"rotation":0,"texture":"#0"},"south":{"uv":[8.485,12.765,7.515,13.485],"tintindex":0,"rotation":0,"texture":"#0"},"north":{"uv":[7.235,12.765,6.265,13.485],"tintindex":0,"rotation":0,"texture":"#0"},"west":{"uv":[4.235,14.015,3.515,14.735],"tintindex":0,"rotation":0,"texture":"#0"},"up":{"uv":[12.765,8.485,13.735,7.765],"tintindex":0,"rotation":0,"texture":"#0"},"down":{"uv":[12.765,8.765,13.735,9.485],"tintindex":0,"rotation":0,"texture":"#0"}},"rotation":{"origin":[7.826513,11.526493,7.542169],"angle":-45.0,"axis":"z"}},{"from":[3.0553126,11.201915,12.688185],"to":[12.597713,20.744316,15.868984],"faces":{"east":{"uv":[2.515,8.515,2.985,9.985],"tintindex":0,"rotation":0,"texture":"#0"},"south":{"uv":[0.015,5.015,1.485,6.485],"tintindex":0,"rotation":0,"texture":"#0"},"north":{"uv":[4.265,3.515,5.735,4.985],"tintindex":0,"rotation":0,"texture":"#0"},"west":{"uv":[1.015,13.265,1.485,14.735],"tintindex":0,"rotation":0,"texture":"#0"},"up":{"uv":[14.985,6.985,13.515,6.515],"tintindex":0,"rotation":0,"texture":"#0"},"down":{"uv":[10.235,13.515,8.765,13.985],"tintindex":0,"rotation":0,"texture":"#0"}}},{"from":[6.838998,9.611515,12.1754055],"to":[11.610198,15.973115,18.537006],"faces":{"east":{"uv":[5.015,11.765,5.985,12.735],"tintindex":0,"rotation":0,"texture":"#0"},"south":{"uv":[13.765,3.265,14.485,4.235],"tintindex":0,"rotation":0,"texture":"#0"},"north":{"uv":[13.765,2.015,14.485,2.985],"tintindex":0,"rotation":0,"texture":"#0"},"west":{"uv":[11.765,5.765,12.735,6.735],"tintindex":0,"rotation":0,"texture":"#0"},"up":{"uv":[6.735,14.735,6.015,13.765],"tintindex":0,"rotation":0,"texture":"#0"},"down":{"uv":[7.735,13.765,7.015,14.735],"tintindex":0,"rotation":0,"texture":"#0"}},"rotation":{"origin":[7.826513,11.526493,7.542169],"angle":22.5,"axis":"y"}},{"from":[7.435768,20.791176,5.576954],"to":[13.797369,25.562374,10.348154],"faces":{"east":{"uv":[3.515,14.015,4.235,14.735],"tintindex":0,"rotation":0,"texture":"#0"},"south":{"uv":[7.515,12.765,8.485,13.485],"tintindex":0,"rotation":0,"texture":"#0"},"north":{"uv":[6.265,12.765,7.235,13.485],"tintindex":0,"rotation":0,"texture":"#0"},"west":{"uv":[4.515,14.015,5.235,14.735],"tintindex":0,"rotation":0,"texture":"#0"},"up":{"uv":[13.735,8.485,12.765,7.765],"tintindex":0,"rotation":0,"texture":"#0"},"down":{"uv":[13.735,8.765,12.765,9.485],"tintindex":0,"rotation":0,"texture":"#0"}},"rotation":{"origin":[7.826513,11.526493,7.542169],"angle":45.0,"axis":"z"}}],"display":{"gui":{"rotation":[30,225,0]}}}