{"textures":{"0":"modelengine:entity/bluestone_golem"},"elements":[{"from":[4.0005126,7.8397074,4.666074],"to":[11.952513,12.610908,11.027674],"faces":{"east":{"uv":[12.515,0.015,13.485,0.735],"tintindex":0,"rotation":0,"texture":"#0"},"south":{"uv":[12.265,3.765,13.485,4.485],"tintindex":0,"rotation":0,"texture":"#0"},"north":{"uv":[9.765,2.515,10.985,3.235],"tintindex":0,"rotation":0,"texture":"#0"},"west":{"uv":[9.265,12.515,10.235,13.235],"tintindex":0,"rotation":0,"texture":"#0"},"up":{"uv":[4.985,11.235,3.765,10.265],"tintindex":0,"rotation":0,"texture":"#0"},"down":{"uv":[8.235,10.265,7.015,11.235],"tintindex":0,"rotation":0,"texture":"#0"}}}],"display":{"gui":{"rotation":[30,225,0]}}}