{"textures":{"0":"modelengine:entity/horse_glacial"},"elements":[{"from":[7.0,20.046196,10.591032],"to":[9.0,23.046196,20.591032],"faces":{"east":{"uv":[6.875,1.875,7.5,2.0625],"tintindex":0,"rotation":0,"texture":"#0"},"south":{"uv":[3.8125,6.25,3.9375,6.4375],"tintindex":0,"rotation":0,"texture":"#0"},"north":{"uv":[4.8125,5.25,4.9375,5.4375],"tintindex":0,"rotation":0,"texture":"#0"},"west":{"uv":[6.875,2.125,7.5,2.3125],"tintindex":0,"rotation":0,"texture":"#0"},"up":{"uv":[2.125,7.375,2.0,6.75],"tintindex":0,"rotation":0,"texture":"#0"},"down":{"uv":[5.8125,6.8125,5.6875,7.4375],"tintindex":0,"rotation":0,"texture":"#0"}},"rotation":{"origin":[8.0,-2.2888718,20.732483],"angle":-22.5,"axis":"x"}},{"from":[12.0,20.046196,6.591031],"to":[12.0,28.046196,17.591032],"faces":{"east":{"uv":[5.0625,4.6875,4.375,5.1875],"tintindex":0,"rotation":0,"texture":"#0"},"west":{"uv":[4.375,4.6875,5.0625,5.1875],"tintindex":0,"rotation":0,"texture":"#0"}},"rotation":{"origin":[8.0,-2.2888718,20.732483],"angle":-22.5,"axis":"x"}},{"from":[5.0,19.046196,-0.40896893],"to":[5.0,24.046196,6.591031],"faces":{"east":{"uv":[1.1875,6.625,0.75,6.9375],"tintindex":0,"rotation":0,"texture":"#0"},"west":{"uv":[0.75,6.625,1.1875,6.9375],"tintindex":0,"rotation":0,"texture":"#0"}},"rotation":{"origin":[8.0,-2.2888718,20.732483],"angle":-22.5,"axis":"x"}},{"from":[10.967876,14.444565,6.7078333],"to":[13.967876,19.444565,7.7078342],"faces":{"east":{"uv":[0.9375,3.0625,1.0,3.375],"tintindex":0,"rotation":0,"texture":"#0"},"south":{"uv":[7.0625,6.0,7.25,6.3125],"tintindex":0,"rotation":0,"texture":"#0"},"north":{"uv":[1.625,6.375,1.8125,6.6875],"tintindex":0,"rotation":0,"texture":"#0"},"west":{"uv":[3.625,4.0,3.6875,4.3125],"tintindex":0,"rotation":0,"texture":"#0"},"up":{"uv":[2.5625,3.9375,2.375,3.875],"tintindex":0,"rotation":0,"texture":"#0"},"down":{"uv":[2.8125,3.875,2.625,3.9375],"tintindex":0,"rotation":0,"texture":"#0"}},"rotation":{"origin":[8.0,-2.2888718,20.732483],"angle":22.5,"axis":"z"}},{"from":[11.0,19.046196,-0.40896893],"to":[11.0,24.046196,6.591031],"faces":{"east":{"uv":[1.1875,6.625,0.75,6.9375],"tintindex":0,"rotation":0,"texture":"#0"},"west":{"uv":[0.75,6.625,1.1875,6.9375],"tintindex":0,"rotation":0,"texture":"#0"}},"rotation":{"origin":[8.0,-2.2888718,20.732483],"angle":-22.5,"axis":"x"}},{"from":[4.0,20.046196,6.591031],"to":[4.0,28.046196,17.591032],"faces":{"east":{"uv":[5.0625,4.6875,4.375,5.1875],"tintindex":0,"rotation":0,"texture":"#0"},"west":{"uv":[4.375,4.6875,5.0625,5.1875],"tintindex":0,"rotation":0,"texture":"#0"}},"rotation":{"origin":[8.0,-2.2888718,20.732483],"angle":-22.5,"axis":"x"}},{"from":[5.0,12.046196,-0.40896893],"to":[11.0,14.046196,6.591031],"faces":{"east":{"uv":[2.0,2.8125,2.4375,2.9375],"tintindex":0,"rotation":0,"texture":"#0"},"south":{"uv":[7.125,5.25,7.5,5.375],"tintindex":0,"rotation":0,"texture":"#0"},"north":{"uv":[7.125,5.0625,7.5,5.1875],"tintindex":0,"rotation":0,"texture":"#0"},"west":{"uv":[7.0,1.0,7.4375,1.125],"tintindex":0,"rotation":0,"texture":"#0"},"up":{"uv":[6.25,5.625,5.875,5.1875],"tintindex":0,"rotation":0,"texture":"#0"},"down":{"uv":[6.25,5.6875,5.875,6.125],"tintindex":0,"rotation":0,"texture":"#0"}},"rotation":{"origin":[8.0,-2.2888718,20.732483],"angle":-22.5,"axis":"x"}},{"from":[4.0,12.046196,6.591031],"to":[12.0,20.046196,17.591032],"faces":{"east":{"uv":[3.625,4.4375,4.3125,4.9375],"tintindex":0,"rotation":0,"texture":"#0"},"south":{"uv":[4.8125,5.5,5.3125,6.0],"tintindex":0,"rotation":0,"texture":"#0"},"north":{"uv":[2.0,5.5,2.5,6.0],"tintindex":0,"rotation":0,"texture":"#0"},"west":{"uv":[0.625,4.5,1.3125,5.0],"tintindex":0,"rotation":0,"texture":"#0"},"up":{"uv":[5.0625,3.5625,4.5625,2.875],"tintindex":0,"rotation":0,"texture":"#0"},"down":{"uv":[0.5,4.625,0.0,5.3125],"tintindex":0,"rotation":0,"texture":"#0"}},"rotation":{"origin":[8.0,-2.2888718,20.732483],"angle":-22.5,"axis":"x"}},{"from":[6.975,12.046196,17.591032],"to":[9.025,20.046196,20.591032],"faces":{"east":{"uv":[3.3125,6.9375,3.5,7.4375],"tintindex":0,"rotation":0,"texture":"#0"},"south":{"uv":[1.0625,7.0,1.1875,7.5],"tintindex":0,"rotation":0,"texture":"#0"},"north":{"uv":[0.875,7.0,1.0,7.5],"tintindex":0,"rotation":0,"texture":"#0"},"west":{"uv":[6.9375,3.375,7.125,3.875],"tintindex":0,"rotation":0,"texture":"#0"},"up":{"uv":[6.1875,7.375,6.0625,7.1875],"tintindex":0,"rotation":0,"texture":"#0"},"down":{"uv":[7.375,0.0,7.25,0.1875],"tintindex":0,"rotation":0,"texture":"#0"}},"rotation":{"origin":[8.025,-2.2888718,20.732483],"angle":-22.5,"axis":"x"}},{"from":[5.0,14.046196,-0.40896893],"to":[11.0,19.046196,6.591031],"faces":{"east":{"uv":[6.5625,1.5,7.0,1.8125],"tintindex":0,"rotation":0,"texture":"#0"},"south":{"uv":[5.0,6.8125,5.375,7.125],"tintindex":0,"rotation":0,"texture":"#0"},"north":{"uv":[6.5625,6.75,6.9375,7.0625],"tintindex":0,"rotation":0,"texture":"#0"},"west":{"uv":[6.5625,6.0,7.0,6.3125],"tintindex":0,"rotation":0,"texture":"#0"},"up":{"uv":[1.375,6.3125,1.0,5.875],"tintindex":0,"rotation":0,"texture":"#0"},"down":{"uv":[1.8125,5.875,1.4375,6.3125],"tintindex":0,"rotation":0,"texture":"#0"}},"rotation":{"origin":[8.0,-2.2888718,20.732483],"angle":-22.5,"axis":"x"}},{"from":[2.032124,14.444565,6.7078333],"to":[5.032124,19.444565,7.7078342],"faces":{"east":{"uv":[5.125,3.0625,5.1875,3.375],"tintindex":0,"rotation":0,"texture":"#0"},"south":{"uv":[7.0,7.0625,7.1875,7.375],"tintindex":0,"rotation":0,"texture":"#0"},"north":{"uv":[7.0625,6.375,7.25,6.6875],"tintindex":0,"rotation":0,"texture":"#0"},"west":{"uv":[0.4375,5.375,0.5,5.6875],"tintindex":0,"rotation":0,"texture":"#0"},"up":{"uv":[4.5,1.5625,4.3125,1.5],"tintindex":0,"rotation":0,"texture":"#0"},"down":{"uv":[1.5625,4.5,1.375,4.5625],"tintindex":0,"rotation":0,"texture":"#0"}},"rotation":{"origin":[8.0,-2.2888718,20.732483],"angle":-22.5,"axis":"z"}}],"display":{"gui":{"rotation":[30,225,0]}}}