{"textures":{"0":"modelengine:entity/horse_glacial"},"elements":[{"from":[5.6,-3.1000004,4.799999],"to":[11.6,8.9,10.799999],"faces":{"east":{"uv":[3.0625,4.75,3.4375,5.5],"tintindex":0,"rotation":0,"texture":"#0"},"south":{"uv":[3.5,5.0,3.875,5.75],"tintindex":0,"rotation":0,"texture":"#0"},"north":{"uv":[2.625,4.75,3.0,5.5],"tintindex":0,"rotation":0,"texture":"#0"},"west":{"uv":[3.9375,5.0,4.3125,5.75],"tintindex":0,"rotation":0,"texture":"#0"},"up":{"uv":[0.6875,6.6875,0.3125,6.3125],"tintindex":0,"rotation":0,"texture":"#0"},"down":{"uv":[6.6875,4.6875,6.3125,5.0625],"tintindex":0,"rotation":0,"texture":"#0"}}}],"display":{"gui":{"rotation":[30,225,0]}}}