{"textures":{"0":"modelengine:entity/horse_glacial"},"elements":[{"from":[5.0,-3.5,5.0000005],"to":[11.0,-1.5,11.0],"faces":{"east":{"uv":[7.5,4.875,7.125,5.0],"tintindex":0,"rotation":0,"texture":"#0"},"south":{"uv":[7.1875,3.375,7.5625,3.5],"tintindex":0,"rotation":0,"texture":"#0"},"north":{"uv":[3.3125,2.875,3.6875,3.0],"tintindex":0,"rotation":0,"texture":"#0"},"west":{"uv":[7.125,4.875,7.5,5.0],"tintindex":0,"rotation":0,"texture":"#0"},"up":{"uv":[6.9375,0.625,6.5625,0.25],"tintindex":0,"rotation":0,"texture":"#0"},"down":{"uv":[6.9375,0.6875,6.5625,1.0625],"tintindex":0,"rotation":0,"texture":"#0"}}},{"from":[6.0,-1.5,6.0],"to":[10.0,8.5,10.0],"faces":{"east":{"uv":[3.1875,6.25,3.4375,6.875],"tintindex":0,"rotation":0,"texture":"#0"},"south":{"uv":[3.5,6.25,3.75,6.875],"tintindex":0,"rotation":0,"texture":"#0"},"north":{"uv":[6.25,0.5625,6.5,1.1875],"tintindex":0,"rotation":0,"texture":"#0"},"west":{"uv":[6.25,6.1875,6.5,6.8125],"tintindex":0,"rotation":0,"texture":"#0"},"up":{"uv":[7.3125,1.75,7.0625,1.5],"tintindex":0,"rotation":0,"texture":"#0"},"down":{"uv":[2.4375,7.0625,2.1875,7.3125],"tintindex":0,"rotation":0,"texture":"#0"}}},{"from":[8.0,-1.5,10.0],"to":[8.0,8.5,17.0],"faces":{"east":{"uv":[1.4375,5.1875,1.0,5.8125],"tintindex":0,"rotation":0,"texture":"#0"},"west":{"uv":[1.0,5.1875,1.4375,5.8125],"tintindex":0,"rotation":0,"texture":"#0"}}}],"display":{"gui":{"rotation":[30,225,0]}}}