{"textures":{"0":"modelengine:entity/phoenix_flame"},"elements":[{"from":[8.0,13.230732,2.052473],"to":[8.0,21.230732,14.052473],"faces":{"east":{"uv":[2.8125,6.5,2.0625,7.0],"tintindex":0,"rotation":0,"texture":"#0"},"west":{"uv":[2.0625,6.5,2.8125,7.0],"tintindex":0,"rotation":0,"texture":"#0"}}},{"from":[21.737051,6.480732,3.3958359],"to":[21.737051,16.480732,13.395835],"faces":{"east":{"uv":[1.1875,6.1875,0.5625,6.8125],"tintindex":0,"rotation":0,"texture":"#0"},"west":{"uv":[0.5625,6.1875,1.1875,6.8125],"tintindex":0,"rotation":0,"texture":"#0"}},"rotation":{"origin":[30.209028,1.7666311,32.08172],"angle":22.5,"axis":"y"}},{"from":[-7.055277,6.230732,0.08130264],"to":[-7.055277,14.230732,9.081302],"faces":{"east":{"uv":[4.0625,6.5,3.5,7.0],"tintindex":0,"rotation":0,"texture":"#0"},"west":{"uv":[3.5,6.5,4.0625,7.0],"tintindex":0,"rotation":0,"texture":"#0"}},"rotation":{"origin":[-14.708103,4.516631,31.8321],"angle":-22.5,"axis":"y"}},{"from":[6.5,7.230732,-3.197527],"to":[9.5,11.230732,1.8024731],"faces":{"east":{"uv":[0.625,7.375,0.9375,7.625],"tintindex":0,"rotation":0,"texture":"#0"},"south":{"uv":[6.5,5.75,6.6875,6.0],"tintindex":0,"rotation":0,"texture":"#0"},"north":{"uv":[1.25,6.1875,1.4375,6.4375],"tintindex":0,"rotation":0,"texture":"#0"},"west":{"uv":[2.8125,7.375,3.125,7.625],"tintindex":0,"rotation":0,"texture":"#0"},"up":{"uv":[4.375,5.75,4.1875,5.4375],"tintindex":0,"rotation":0,"texture":"#0"},"down":{"uv":[7.625,1.9375,7.4375,2.25],"tintindex":0,"rotation":0,"texture":"#0"}}},{"from":[-5.737051,6.480732,3.3958359],"to":[-5.737051,16.480732,13.395835],"faces":{"east":{"uv":[1.1875,6.1875,0.5625,6.8125],"tintindex":0,"rotation":0,"texture":"#0"},"west":{"uv":[0.5625,6.1875,1.1875,6.8125],"tintindex":0,"rotation":0,"texture":"#0"}},"rotation":{"origin":[-14.209028,1.7666311,32.08172],"angle":-22.5,"axis":"y"}},{"from":[23.055277,6.230732,0.08130264],"to":[23.055277,14.230732,9.081302],"faces":{"east":{"uv":[4.0625,6.5,3.5,7.0],"tintindex":0,"rotation":0,"texture":"#0"},"west":{"uv":[3.5,6.5,4.0625,7.0],"tintindex":0,"rotation":0,"texture":"#0"}},"rotation":{"origin":[30.708103,4.516631,31.8321],"angle":22.5,"axis":"y"}},{"from":[7.0,-8.646492,-2.4174557],"to":[9.0,-4.646492,-0.41745567],"faces":{"east":{"uv":[7.6875,4.875,7.8125,5.125],"tintindex":0,"rotation":0,"texture":"#0"},"south":{"uv":[7.6875,7.0,7.8125,7.25],"tintindex":0,"rotation":0,"texture":"#0"},"north":{"uv":[3.0,7.6875,3.125,7.9375],"tintindex":0,"rotation":0,"texture":"#0"},"west":{"uv":[7.6875,7.3125,7.8125,7.5625],"tintindex":0,"rotation":0,"texture":"#0"},"up":{"uv":[5.4375,7.3125,5.3125,7.1875],"tintindex":0,"rotation":0,"texture":"#0"},"down":{"uv":[5.9375,7.75,5.8125,7.875],"tintindex":0,"rotation":0,"texture":"#0"}},"rotation":{"origin":[-14.708103,4.516631,33.8321],"angle":22.5,"axis":"x"}},{"from":[-8.970905,13.230732,-2.9763088],"to":[-8.970905,19.230732,5.023691],"faces":{"east":{"uv":[4.6875,7.0625,4.1875,7.4375],"tintindex":0,"rotation":0,"texture":"#0"},"west":{"uv":[4.1875,7.0625,4.6875,7.4375],"tintindex":0,"rotation":0,"texture":"#0"}},"rotation":{"origin":[-14.247732,3.5166311,33.27449],"angle":-22.5,"axis":"y"}},{"from":[4.5,6.230732,1.8024731],"to":[11.5,13.230732,8.802473],"faces":{"east":{"uv":[7.0,4.125,7.4375,4.5625],"tintindex":0,"rotation":0,"texture":"#0"},"south":{"uv":[7.0,4.625,7.4375,5.0625],"tintindex":0,"rotation":0,"texture":"#0"},"north":{"uv":[0.5,6.875,0.9375,7.3125],"tintindex":0,"rotation":0,"texture":"#0"},"west":{"uv":[7.0,5.125,7.4375,5.5625],"tintindex":0,"rotation":0,"texture":"#0"},"up":{"uv":[1.4375,7.5,1.0,7.0625],"tintindex":0,"rotation":0,"texture":"#0"},"down":{"uv":[1.9375,7.0625,1.5,7.5],"tintindex":0,"rotation":0,"texture":"#0"}}},{"from":[24.970905,13.230732,-2.9763088],"to":[24.970905,19.230732,5.023691],"faces":{"east":{"uv":[4.6875,7.0625,4.1875,7.4375],"tintindex":0,"rotation":0,"texture":"#0"},"west":{"uv":[4.1875,7.0625,4.6875,7.4375],"tintindex":0,"rotation":0,"texture":"#0"}},"rotation":{"origin":[30.247732,3.5166311,33.27449],"angle":22.5,"axis":"y"}},{"from":[6.5,6.230732,-3.197527],"to":[9.5,7.230732,1.8024731],"faces":{"east":{"uv":[5.4375,1.5,5.75,1.5625],"tintindex":0,"rotation":0,"texture":"#0"},"south":{"uv":[7.5,3.25,7.6875,3.3125],"tintindex":0,"rotation":0,"texture":"#0"},"north":{"uv":[7.0,5.625,7.1875,5.6875],"tintindex":0,"rotation":0,"texture":"#0"},"west":{"uv":[7.6875,2.1875,8.0,2.25],"tintindex":0,"rotation":0,"texture":"#0"},"up":{"uv":[4.9375,7.75,4.75,7.4375],"tintindex":0,"rotation":0,"texture":"#0"},"down":{"uv":[5.1875,7.4375,5.0,7.75],"tintindex":0,"rotation":0,"texture":"#0"}}}],"display":{"gui":{"rotation":[30,225,0]}}}