{"textures":{"0":"modelengine:entity/phoenix_flame"},"elements":[{"from":[5.0,-12.902571,7.0959845],"to":[11.0,-3.9025707,14.095984],"faces":{"east":{"uv":[0.0,6.625,0.4375,7.1875],"tintindex":0,"rotation":0,"texture":"#0"},"south":{"uv":[6.8125,5.75,7.1875,6.3125],"tintindex":0,"rotation":0,"texture":"#0"},"north":{"uv":[4.875,6.8125,5.25,7.375],"tintindex":0,"rotation":0,"texture":"#0"},"west":{"uv":[5.5,6.75,5.9375,7.3125],"tintindex":0,"rotation":0,"texture":"#0"},"up":{"uv":[7.0,7.5,6.625,7.0625],"tintindex":0,"rotation":0,"texture":"#0"},"down":{"uv":[7.4375,7.0625,7.0625,7.5],"tintindex":0,"rotation":0,"texture":"#0"}},"rotation":{"origin":[-13.708103,6.3465586,30.51186],"angle":45.0,"axis":"x"}}],"display":{"gui":{"rotation":[30,225,0]}}}