{"textures":{"0":"modelengine:entity/eternal_dragon"},"elements":[{"from":[5.0987797,19.548264,16.00301],"to":[6.75662,22.863943,17.660849],"faces":{"east":{"uv":[6.3825,8.7575,6.4925,8.9925],"tintindex":0,"rotation":0,"texture":"#0"},"south":{"uv":[8.7575,6.5075,8.8675,6.7425],"tintindex":0,"rotation":0,"texture":"#0"},"north":{"uv":[6.1325,8.7575,6.2425,8.9925],"tintindex":0,"rotation":0,"texture":"#0"},"west":{"uv":[6.6325,8.7575,6.7425,8.9925],"tintindex":0,"rotation":0,"texture":"#0"},"up":{"uv":[9.2425,1.8675,9.1325,1.7575],"tintindex":0,"rotation":0,"texture":"#0"},"down":{"uv":[2.1175,9.1325,2.0075,9.2425],"tintindex":0,"rotation":0,"texture":"#0"}},"rotation":{"origin":[8.0,7.965193,15.649685],"angle":-45.0,"axis":"x"}},{"from":[0.46512032,9.383819,8.04709],"to":[0.46512032,12.699499,14.67845],"faces":{"east":{"uv":[7.4925,3.0075,7.0075,3.2425],"tintindex":0,"rotation":0,"texture":"#0"},"west":{"uv":[7.0075,3.0075,7.4925,3.2425],"tintindex":0,"rotation":0,"texture":"#0"}},"rotation":{"origin":[8.0,7.965193,15.649685],"angle":-22.5,"axis":"y"}},{"from":[3.8554,4.4102983,-0.024570465],"to":[12.1446,12.699499,8.264629],"faces":{"east":{"uv":[5.7575,0.7575,6.3675,1.3675],"tintindex":0,"rotation":0,"texture":"#0"},"south":{"uv":[1.5075,5.7575,2.1175,6.3675],"tintindex":0,"rotation":0,"texture":"#0"},"north":{"uv":[0.7575,5.7575,1.3675,6.3675],"tintindex":0,"rotation":0,"texture":"#0"},"west":{"uv":[5.7575,1.5075,6.3675,2.1175],"tintindex":0,"rotation":0,"texture":"#0"},"up":{"uv":[2.8675,6.3675,2.2575,5.7575],"tintindex":0,"rotation":0,"texture":"#0"},"down":{"uv":[6.3675,2.2575,5.7575,2.8675],"tintindex":0,"rotation":0,"texture":"#0"}}},{"from":[10.445314,4.4370575,-2.85812],"to":[10.445314,6.0948973,-0.37136078],"faces":{"east":{"uv":[5.0625,8.9925,4.8825,8.8825],"tintindex":0,"rotation":0,"texture":"#0"},"west":{"uv":[4.8825,8.9925,5.0625,8.8825],"tintindex":0,"rotation":0,"texture":"#0"}}},{"from":[0.46512032,4.4102983,8.04709],"to":[0.46512032,7.725979,14.67845],"faces":{"east":{"uv":[4.4925,7.0075,4.0075,7.2425],"tintindex":0,"rotation":0,"texture":"#0"},"west":{"uv":[4.0075,7.0075,4.4925,7.2425],"tintindex":0,"rotation":0,"texture":"#0"}},"rotation":{"origin":[8.0,7.965193,15.649685],"angle":-22.5,"axis":"y"}},{"from":[9.24338,19.548264,16.00301],"to":[10.90122,22.863943,17.660849],"faces":{"east":{"uv":[7.8825,8.7575,7.9925,8.9925],"tintindex":0,"rotation":0,"texture":"#0"},"south":{"uv":[8.1325,8.7575,8.2425,8.9925],"tintindex":0,"rotation":0,"texture":"#0"},"north":{"uv":[7.6325,8.7575,7.7425,8.9925],"tintindex":0,"rotation":0,"texture":"#0"},"west":{"uv":[8.3825,8.7575,8.4925,8.9925],"tintindex":0,"rotation":0,"texture":"#0"},"up":{"uv":[9.2425,5.2425,9.1325,5.1325],"tintindex":0,"rotation":0,"texture":"#0"},"down":{"uv":[5.4925,9.1325,5.3825,9.2425],"tintindex":0,"rotation":0,"texture":"#0"}},"rotation":{"origin":[8.0,7.965193,15.649685],"angle":-45.0,"axis":"x"}},{"from":[7.58554,1.3610573,-4.184601],"to":[8.41446,4.676737,-3.3556805],"faces":{"east":{"uv":[2.5075,9.1325,2.5625,9.3675],"tintindex":0,"rotation":0,"texture":"#0"},"south":{"uv":[2.7575,9.1325,2.8125,9.3675],"tintindex":0,"rotation":0,"texture":"#0"},"north":{"uv":[9.1325,2.2575,9.1875,2.4925],"tintindex":0,"rotation":0,"texture":"#0"},"west":{"uv":[9.1325,4.2575,9.1875,4.4925],"tintindex":0,"rotation":0,"texture":"#0"},"up":{"uv":[3.0625,9.3125,3.0075,9.2575],"tintindex":0,"rotation":0,"texture":"#0"},"down":{"uv":[9.3125,3.5075,9.2575,3.5625],"tintindex":0,"rotation":0,"texture":"#0"}},"rotation":{"origin":[8.0,7.965193,15.649685],"angle":22.5,"axis":"x"}},{"from":[5.554686,4.4370575,-2.85812],"to":[5.554686,6.0948973,-0.37136078],"faces":{"east":{"uv":[5.0625,8.9925,4.8825,8.8825],"tintindex":0,"rotation":0,"texture":"#0"},"west":{"uv":[4.8825,8.9925,5.0625,8.8825],"tintindex":0,"rotation":0,"texture":"#0"}}},{"from":[10.445314,4.8515177,-4.93042],"to":[10.445314,6.5093575,-2.4436607],"faces":{"east":{"uv":[5.0625,8.9925,4.8825,8.8825],"tintindex":0,"rotation":0,"texture":"#0"},"west":{"uv":[4.8825,8.9925,5.0625,8.8825],"tintindex":0,"rotation":0,"texture":"#0"}}},{"from":[5.554686,4.8515177,-4.93042],"to":[5.554686,6.5093575,-2.4436607],"faces":{"east":{"uv":[5.0625,8.9925,4.8825,8.8825],"tintindex":0,"rotation":0,"texture":"#0"},"west":{"uv":[4.8825,8.9925,5.0625,8.8825],"tintindex":0,"rotation":0,"texture":"#0"}}},{"from":[15.53488,9.383819,8.04709],"to":[15.53488,12.699499,14.67845],"faces":{"east":{"uv":[7.4925,3.0075,7.0075,3.2425],"tintindex":0,"rotation":0,"texture":"#0"},"west":{"uv":[7.0075,3.0075,7.4925,3.2425],"tintindex":0,"rotation":0,"texture":"#0"}},"rotation":{"origin":[8.0,7.965193,15.649685],"angle":22.5,"axis":"y"}},{"from":[6.75662,16.484192,2.22714],"to":[9.24338,19.799873,4.713899],"faces":{"east":{"uv":[7.0075,8.3825,7.1875,8.6175],"tintindex":0,"rotation":0,"texture":"#0"},"south":{"uv":[7.3825,8.3825,7.5625,8.6175],"tintindex":0,"rotation":0,"texture":"#0"},"north":{"uv":[6.6325,8.3825,6.8125,8.6175],"tintindex":0,"rotation":0,"texture":"#0"},"west":{"uv":[8.3825,7.5075,8.5625,7.7425],"tintindex":0,"rotation":0,"texture":"#0"},"up":{"uv":[8.8125,4.0625,8.6325,3.8825],"tintindex":0,"rotation":0,"texture":"#0"},"down":{"uv":[4.3125,8.6325,4.1325,8.8125],"tintindex":0,"rotation":0,"texture":"#0"}},"rotation":{"origin":[8.0,7.965193,15.649685],"angle":-22.5,"axis":"x"}},{"from":[8.41446,15.655228,11.143101],"to":[11.73014,18.970907,16.11662],"faces":{"east":{"uv":[7.6325,3.0075,7.9925,3.2425],"tintindex":0,"rotation":0,"texture":"#0"},"south":{"uv":[8.2575,0.8825,8.4925,1.1175],"tintindex":0,"rotation":0,"texture":"#0"},"north":{"uv":[8.2575,0.0075,8.4925,0.2425],"tintindex":0,"rotation":0,"texture":"#0"},"west":{"uv":[7.6325,7.1325,7.9925,7.3675],"tintindex":0,"rotation":0,"texture":"#0"},"up":{"uv":[7.8675,7.8675,7.6325,7.5075],"tintindex":0,"rotation":0,"texture":"#0"},"down":{"uv":[7.9925,0.5075,7.7575,0.8675],"tintindex":0,"rotation":0,"texture":"#0"}},"rotation":{"origin":[8.0,7.965193,15.649685],"angle":-45.0,"axis":"x"}},{"from":[7.17108,6.9637947,-1.8162365],"to":[8.82892,10.279474,-0.15839767],"faces":{"east":{"uv":[7.1325,8.7575,7.2425,8.9925],"tintindex":0,"rotation":0,"texture":"#0"},"south":{"uv":[7.3825,8.7575,7.4925,8.9925],"tintindex":0,"rotation":0,"texture":"#0"},"north":{"uv":[6.8825,8.7575,6.9925,8.9925],"tintindex":0,"rotation":0,"texture":"#0"},"west":{"uv":[8.7575,7.3825,8.8675,7.6175],"tintindex":0,"rotation":0,"texture":"#0"},"up":{"uv":[9.2425,2.1175,9.1325,2.0075],"tintindex":0,"rotation":0,"texture":"#0"},"down":{"uv":[2.3675,9.1325,2.2575,9.2425],"tintindex":0,"rotation":0,"texture":"#0"}},"rotation":{"origin":[8.0,7.965193,15.649685],"angle":22.5,"axis":"x"}},{"from":[15.53488,4.4102983,8.04709],"to":[15.53488,7.725979,14.67845],"faces":{"east":{"uv":[4.4925,7.0075,4.0075,7.2425],"tintindex":0,"rotation":0,"texture":"#0"},"west":{"uv":[4.0075,7.0075,4.4925,7.2425],"tintindex":0,"rotation":0,"texture":"#0"}},"rotation":{"origin":[8.0,7.965193,15.649685],"angle":22.5,"axis":"y"}},{"from":[8.82892,14.45459,6.758743],"to":[11.31568,17.770271,9.245502],"faces":{"east":{"uv":[8.5075,0.3825,8.6875,0.6175],"tintindex":0,"rotation":0,"texture":"#0"},"south":{"uv":[1.5075,8.5075,1.6875,8.7425],"tintindex":0,"rotation":0,"texture":"#0"},"north":{"uv":[7.7575,8.3825,7.9375,8.6175],"tintindex":0,"rotation":0,"texture":"#0"},"west":{"uv":[1.8825,8.5075,2.0625,8.7425],"tintindex":0,"rotation":0,"texture":"#0"},"up":{"uv":[8.8125,8.3125,8.6325,8.1325],"tintindex":0,"rotation":0,"texture":"#0"},"down":{"uv":[8.8125,8.5075,8.6325,8.6875],"tintindex":0,"rotation":0,"texture":"#0"}}},{"from":[5.51324,6.068138,-4.9980907],"to":[10.48676,9.383819,-0.024570465],"faces":{"east":{"uv":[2.7575,7.3825,3.1175,7.6175],"tintindex":0,"rotation":0,"texture":"#0"},"south":{"uv":[3.2575,7.3825,3.6175,7.6175],"tintindex":0,"rotation":0,"texture":"#0"},"north":{"uv":[7.1325,7.1325,7.4925,7.3675],"tintindex":0,"rotation":0,"texture":"#0"},"west":{"uv":[3.7575,7.3825,4.1175,7.6175],"tintindex":0,"rotation":0,"texture":"#0"},"up":{"uv":[4.6175,6.8675,4.2575,6.5075],"tintindex":0,"rotation":0,"texture":"#0"},"down":{"uv":[5.1175,6.5075,4.7575,6.8675],"tintindex":0,"rotation":0,"texture":"#0"}}},{"from":[4.68432,14.45459,6.758743],"to":[7.17108,17.770271,9.245502],"faces":{"east":{"uv":[8.3825,4.2575,8.5625,4.4925],"tintindex":0,"rotation":0,"texture":"#0"},"south":{"uv":[8.3825,4.6325,8.5625,4.8675],"tintindex":0,"rotation":0,"texture":"#0"},"north":{"uv":[8.3825,2.3825,8.5625,2.6175],"tintindex":0,"rotation":0,"texture":"#0"},"west":{"uv":[8.3825,5.0075,8.5625,5.2425],"tintindex":0,"rotation":0,"texture":"#0"},"up":{"uv":[8.8125,3.6875,8.6325,3.5075],"tintindex":0,"rotation":0,"texture":"#0"},"down":{"uv":[3.9375,8.6325,3.7575,8.8125],"tintindex":0,"rotation":0,"texture":"#0"}}},{"from":[4.2698603,15.655228,11.143101],"to":[7.58554,18.970907,16.11662],"faces":{"east":{"uv":[1.7575,7.6325,2.1175,7.8675],"tintindex":0,"rotation":0,"texture":"#0"},"south":{"uv":[8.1325,7.8825,8.3675,8.1175],"tintindex":0,"rotation":0,"texture":"#0"},"north":{"uv":[8.1325,7.1325,8.3675,7.3675],"tintindex":0,"rotation":0,"texture":"#0"},"west":{"uv":[2.2575,7.6325,2.6175,7.8675],"tintindex":0,"rotation":0,"texture":"#0"},"up":{"uv":[7.8675,4.7425,7.6325,4.3825],"tintindex":0,"rotation":0,"texture":"#0"},"down":{"uv":[7.8675,4.8825,7.6325,5.2425],"tintindex":0,"rotation":0,"texture":"#0"}},"rotation":{"origin":[8.0,7.965193,15.649685],"angle":-45.0,"axis":"x"}},{"from":[7.17108,16.248617,-3.2878857],"to":[8.82892,17.906456,-1.6300468],"faces":{"east":{"uv":[4.6325,9.1325,4.7425,9.2425],"tintindex":0,"rotation":0,"texture":"#0"},"south":{"uv":[9.1325,4.6325,9.2425,4.7425],"tintindex":0,"rotation":0,"texture":"#0"},"north":{"uv":[4.3825,9.1325,4.4925,9.2425],"tintindex":0,"rotation":0,"texture":"#0"},"west":{"uv":[4.8825,9.1325,4.9925,9.2425],"tintindex":0,"rotation":0,"texture":"#0"},"up":{"uv":[9.2425,4.9925,9.1325,4.8825],"tintindex":0,"rotation":0,"texture":"#0"},"down":{"uv":[5.2425,9.1325,5.1325,9.2425],"tintindex":0,"rotation":0,"texture":"#0"}},"rotation":{"origin":[8.0,7.965193,15.649685],"angle":-22.5,"axis":"x"}}],"display":{"gui":{"rotation":[30,225,0]}}}