{"textures":{"0":"modelengine:entity/eternal_dragon"},"elements":[{"from":[6.010592,7.903246,3.3971786],"to":[6.010592,11.218926,8.370699],"faces":{"east":{"uv":[3.1175,7.7575,2.7575,7.9925],"tintindex":0,"rotation":0,"texture":"#0"},"west":{"uv":[2.7575,7.7575,3.1175,7.9925],"tintindex":0,"rotation":0,"texture":"#0"}}},{"from":[9.9894085,7.903246,3.2728405],"to":[9.9894085,11.218926,8.246361],"faces":{"east":{"uv":[3.1175,7.7575,2.7575,7.9925],"tintindex":0,"rotation":0,"texture":"#0"},"west":{"uv":[2.7575,7.7575,3.1175,7.9925],"tintindex":0,"rotation":0,"texture":"#0"}}},{"from":[5.9277,6.2989073,3.326931],"to":[10.0723,7.956747,7.88599],"faces":{"east":{"uv":[4.6325,8.2575,4.9925,8.3675],"tintindex":0,"rotation":0,"texture":"#0"},"south":{"uv":[6.1325,8.5075,6.4375,8.6175],"tintindex":0,"rotation":0,"texture":"#0"},"north":{"uv":[8.5075,5.3825,8.8125,5.4925],"tintindex":0,"rotation":0,"texture":"#0"},"west":{"uv":[8.2575,6.6325,8.6175,6.7425],"tintindex":0,"rotation":0,"texture":"#0"},"up":{"uv":[0.3125,7.4925,0.0075,7.1325],"tintindex":0,"rotation":0,"texture":"#0"},"down":{"uv":[1.8125,7.1325,1.5075,7.4925],"tintindex":0,"rotation":0,"texture":"#0"}}}],"display":{"gui":{"rotation":[30,225,0]}}}