{"textures":{"0":"modelengine:entity/eternal_dragon"},"elements":[{"from":[6.663367,6.6710796,2.4277],"to":[6.663367,8.32892,4.91446],"faces":{"east":{"uv":[5.0625,8.8825,4.8825,8.9925],"tintindex":0,"rotation":0,"texture":"#0"},"west":{"uv":[4.8825,8.8825,5.0625,8.9925],"tintindex":0,"rotation":0,"texture":"#0"}}},{"from":[7.8653007,6.6710796,2.4277],"to":[7.8653007,8.32892,4.91446],"faces":{"east":{"uv":[5.0625,8.8825,4.8825,8.9925],"tintindex":0,"rotation":0,"texture":"#0"},"west":{"uv":[4.8825,8.8825,5.0625,8.9925],"tintindex":0,"rotation":0,"texture":"#0"}}},{"from":[6.4561367,6.6710796,4.91446],"to":[9.771816,8.32892,9.05906],"faces":{"east":{"uv":[8.5075,7.8825,8.8125,7.9925],"tintindex":0,"rotation":0,"texture":"#0"},"south":{"uv":[8.7575,5.1325,8.9925,5.2425],"tintindex":0,"rotation":0,"texture":"#0"},"north":{"uv":[8.7575,4.8825,8.9925,4.9925],"tintindex":0,"rotation":0,"texture":"#0"},"west":{"uv":[8.1325,8.5075,8.4375,8.6175],"tintindex":0,"rotation":0,"texture":"#0"},"up":{"uv":[0.6175,8.1875,0.3825,7.8825],"tintindex":0,"rotation":0,"texture":"#0"},"down":{"uv":[0.9925,7.8825,0.7575,8.1875],"tintindex":0,"rotation":0,"texture":"#0"}}},{"from":[9.357357,6.6710796,2.4277],"to":[9.357357,8.32892,4.91446],"faces":{"east":{"uv":[5.0625,8.8825,4.8825,8.9925],"tintindex":0,"rotation":0,"texture":"#0"},"west":{"uv":[4.8825,8.8825,5.0625,8.9925],"tintindex":0,"rotation":0,"texture":"#0"}}}],"display":{"gui":{"rotation":[30,225,0]}}}