{"textures":{"0":"modelengine:entity/eternal_dragon"},"elements":[{"from":[6.847801,7.4665823,9.352233],"to":[9.334561,10.782262,11.838993],"faces":{"east":{"uv":[0.6325,8.3825,0.8125,8.6175],"tintindex":0,"rotation":0,"texture":"#0"},"south":{"uv":[8.3825,1.6325,8.5625,1.8675],"tintindex":0,"rotation":0,"texture":"#0"},"north":{"uv":[0.2575,8.3825,0.4375,8.6175],"tintindex":0,"rotation":0,"texture":"#0"},"west":{"uv":[8.3825,2.0075,8.5625,2.2425],"tintindex":0,"rotation":0,"texture":"#0"},"up":{"uv":[8.8125,3.3125,8.6325,3.1325],"tintindex":0,"rotation":0,"texture":"#0"},"down":{"uv":[3.5625,8.6325,3.3825,8.8125],"tintindex":0,"rotation":0,"texture":"#0"}},"rotation":{"origin":[12.650242,15.707824,2.9861612],"angle":22.5,"axis":"x"}}],"display":{"gui":{"rotation":[30,225,0]}}}