{"textures":{"0":"modelengine:entity/eternal_dragon"},"elements":[{"from":[6.847801,3.6476245,9.558837],"to":[9.334561,8.621145,12.045597],"faces":{"east":{"uv":[2.3825,8.0075,2.5625,8.3675],"tintindex":0,"rotation":0,"texture":"#0"},"south":{"uv":[8.0075,4.3825,8.1875,4.7425],"tintindex":0,"rotation":0,"texture":"#0"},"north":{"uv":[2.0075,8.0075,2.1875,8.3675],"tintindex":0,"rotation":0,"texture":"#0"},"west":{"uv":[8.0075,4.8825,8.1875,5.2425],"tintindex":0,"rotation":0,"texture":"#0"},"up":{"uv":[8.8125,1.4375,8.6325,1.2575],"tintindex":0,"rotation":0,"texture":"#0"},"down":{"uv":[3.1875,8.6325,3.0075,8.8125],"tintindex":0,"rotation":0,"texture":"#0"}},"rotation":{"origin":[12.650242,14.809488,10.180675],"angle":22.5,"axis":"x"}}],"display":{"gui":{"rotation":[30,225,0]}}}