{"textures":{"0":"modelengine:entity/eternal_dragon"},"elements":[{"from":[-1.5534973,7.58554,2.454012],"to":[6.7357035,8.414459,3.2829313],"faces":{"east":{"uv":[9.1325,1.5075,9.2425,1.6175],"tintindex":0,"rotation":0,"texture":"#0"},"south":{"uv":[2.2575,6.5075,3.4925,6.6175],"tintindex":0,"rotation":0,"texture":"#0"},"north":{"uv":[6.3825,5.6325,7.6175,5.7425],"tintindex":0,"rotation":0,"texture":"#0"},"west":{"uv":[1.7575,9.1325,1.8675,9.2425],"tintindex":0,"rotation":0,"texture":"#0"},"up":{"uv":[7.7425,2.3675,6.5075,2.2575],"tintindex":0,"rotation":0,"texture":"#0"},"down":{"uv":[7.7425,2.5075,6.5075,2.6175],"tintindex":0,"rotation":0,"texture":"#0"}},"rotation":{"origin":[13.219912,7.4218106,12.446745],"angle":45.0,"axis":"y"}},{"from":[3.405231,7.58554,5.696062],"to":[10.865511,8.414459,6.5249825],"faces":{"east":{"uv":[9.1325,1.0075,9.2425,1.1175],"tintindex":0,"rotation":0,"texture":"#0"},"south":{"uv":[2.2575,6.7575,3.3675,6.8675],"tintindex":0,"rotation":0,"texture":"#0"},"north":{"uv":[6.2575,6.6325,7.3675,6.7425],"tintindex":0,"rotation":0,"texture":"#0"},"west":{"uv":[1.5075,9.1325,1.6175,9.2425],"tintindex":0,"rotation":0,"texture":"#0"},"up":{"uv":[7.9925,5.9925,6.8825,5.8825],"tintindex":0,"rotation":0,"texture":"#0"},"down":{"uv":[7.9925,6.1325,6.8825,6.2425],"tintindex":0,"rotation":0,"texture":"#0"}},"rotation":{"origin":[13.219912,7.4218106,12.446745],"angle":22.5,"axis":"y"}},{"from":[-6.0884285,8.0,6.5335026],"to":[8.003212,8.0,24.769743],"faces":{"up":{"uv":[2.1175,2.7425,0.0075,0.0075],"tintindex":0,"rotation":0,"texture":"#0"},"down":{"uv":[2.1175,0.0075,0.0075,2.7425],"tintindex":0,"rotation":0,"texture":"#0"}}}],"display":{"gui":{"rotation":[30,225,0]}}}