{"textures":{"0":"modelengine:entity/eternal_dragon"},"elements":[{"from":[6.418144,3.763794,1.0884738],"to":[9.733824,7.079474,4.404154],"faces":{"east":{"uv":[8.1325,0.5075,8.3675,0.7425],"tintindex":0,"rotation":0,"texture":"#0"},"south":{"uv":[2.7575,8.1325,2.9925,8.3675],"tintindex":0,"rotation":0,"texture":"#0"},"north":{"uv":[7.7575,8.0075,7.9925,8.2425],"tintindex":0,"rotation":0,"texture":"#0"},"west":{"uv":[8.1325,2.7575,8.3675,2.9925],"tintindex":0,"rotation":0,"texture":"#0"},"up":{"uv":[8.3675,6.1175,8.1325,5.8825],"tintindex":0,"rotation":0,"texture":"#0"},"down":{"uv":[8.3675,6.2575,8.1325,6.4925],"tintindex":0,"rotation":0,"texture":"#0"}},"rotation":{"origin":[12.635044,13.729406,4.461528],"angle":-45.0,"axis":"x"}}],"display":{"gui":{"rotation":[30,225,0]}}}