{"textures":{"0":"modelengine:entity/eternal_dragon"},"elements":[{"from":[7.8653007,7.17108,2.9277005],"to":[7.8653007,8.82892,5.41446],"faces":{"east":{"uv":[5.0625,8.8825,4.8825,8.9925],"tintindex":0,"rotation":0,"texture":"#0"},"west":{"uv":[4.8825,8.8825,5.0625,8.9925],"tintindex":0,"rotation":0,"texture":"#0"}}},{"from":[6.663367,7.17108,2.9277005],"to":[6.663367,8.82892,5.41446],"faces":{"east":{"uv":[5.0625,8.8825,4.8825,8.9925],"tintindex":0,"rotation":0,"texture":"#0"},"west":{"uv":[4.8825,8.8825,5.0625,8.9925],"tintindex":0,"rotation":0,"texture":"#0"}}},{"from":[6.4561367,7.17108,5.41446],"to":[9.771816,8.82892,9.55906],"faces":{"east":{"uv":[8.5075,6.2575,8.8125,6.3675],"tintindex":0,"rotation":0,"texture":"#0"},"south":{"uv":[8.7575,4.6325,8.9925,4.7425],"tintindex":0,"rotation":0,"texture":"#0"},"north":{"uv":[8.6325,5.6325,8.8675,5.7425],"tintindex":0,"rotation":0,"texture":"#0"},"west":{"uv":[8.5075,7.1325,8.8125,7.2425],"tintindex":0,"rotation":0,"texture":"#0"},"up":{"uv":[4.9925,8.0625,4.7575,7.7575],"tintindex":0,"rotation":0,"texture":"#0"},"down":{"uv":[0.2425,7.8825,0.0075,8.1875],"tintindex":0,"rotation":0,"texture":"#0"}}},{"from":[9.357357,7.17108,2.9277005],"to":[9.357357,8.82892,5.41446],"faces":{"east":{"uv":[5.0625,8.8825,4.8825,8.9925],"tintindex":0,"rotation":0,"texture":"#0"},"west":{"uv":[4.8825,8.8825,5.0625,8.9925],"tintindex":0,"rotation":0,"texture":"#0"}}}],"display":{"gui":{"rotation":[30,225,0]}}}