{"textures":{"0":"modelengine:entity/eternal_dragon"},"elements":[{"from":[7.17108,11.281481,8.270567],"to":[8.82892,13.35378,9.928408],"faces":{"east":{"uv":[9.0075,3.5075,9.1175,3.6875],"tintindex":0,"rotation":0,"texture":"#0"},"south":{"uv":[3.6325,9.0075,3.7425,9.1875],"tintindex":0,"rotation":0,"texture":"#0"},"north":{"uv":[3.3825,9.0075,3.4925,9.1875],"tintindex":0,"rotation":0,"texture":"#0"},"west":{"uv":[3.8825,9.0075,3.9925,9.1875],"tintindex":0,"rotation":0,"texture":"#0"},"up":{"uv":[6.2425,9.2425,6.1325,9.1325],"tintindex":0,"rotation":0,"texture":"#0"},"down":{"uv":[6.4925,9.1325,6.3825,9.2425],"tintindex":0,"rotation":0,"texture":"#0"}}},{"from":[7.58554,12.892653,5.9034886],"to":[8.41446,14.964953,6.7324085],"faces":{"east":{"uv":[8.6325,9.1325,8.6875,9.3125],"tintindex":0,"rotation":0,"texture":"#0"},"south":{"uv":[8.8825,9.1325,8.9375,9.3125],"tintindex":0,"rotation":0,"texture":"#0"},"north":{"uv":[8.3825,9.1325,8.4375,9.3125],"tintindex":0,"rotation":0,"texture":"#0"},"west":{"uv":[9.1325,9.1325,9.1875,9.3125],"tintindex":0,"rotation":0,"texture":"#0"},"up":{"uv":[9.3125,3.8125,9.2575,3.7575],"tintindex":0,"rotation":0,"texture":"#0"},"down":{"uv":[9.3125,4.0075,9.2575,4.0625],"tintindex":0,"rotation":0,"texture":"#0"}},"rotation":{"origin":[8.0,9.765603,7.679212],"angle":45.0,"axis":"x"}},{"from":[4.68432,4.2906218,7.9541035],"to":[11.31568,11.750901,14.585463],"faces":{"east":{"uv":[5.7575,5.1325,6.2425,5.6875],"tintindex":0,"rotation":0,"texture":"#0"},"south":{"uv":[5.6325,5.8825,6.1175,6.4375],"tintindex":0,"rotation":0,"texture":"#0"},"north":{"uv":[5.0075,5.7575,5.4925,6.3125],"tintindex":0,"rotation":0,"texture":"#0"},"west":{"uv":[6.2575,5.8825,6.7425,6.4375],"tintindex":0,"rotation":0,"texture":"#0"},"up":{"uv":[6.8675,4.8675,6.3825,4.3825],"tintindex":0,"rotation":0,"texture":"#0"},"down":{"uv":[6.8675,5.0075,6.3825,5.4925],"tintindex":0,"rotation":0,"texture":"#0"}}},{"from":[7.58554,15.530261,8.541096],"to":[8.41446,17.602562,9.370016],"faces":{"east":{"uv":[0.8825,9.2575,0.9375,9.4375],"tintindex":0,"rotation":0,"texture":"#0"},"south":{"uv":[1.1325,9.2575,1.1875,9.4375],"tintindex":0,"rotation":0,"texture":"#0"},"north":{"uv":[0.0075,9.2575,0.0625,9.4375],"tintindex":0,"rotation":0,"texture":"#0"},"west":{"uv":[9.2575,2.6325,9.3125,2.8125],"tintindex":0,"rotation":0,"texture":"#0"},"up":{"uv":[9.3125,5.4375,9.2575,5.3825],"tintindex":0,"rotation":0,"texture":"#0"},"down":{"uv":[9.3125,5.6325,9.2575,5.6875],"tintindex":0,"rotation":0,"texture":"#0"}},"rotation":{"origin":[8.0,9.765603,7.679212],"angle":45.0,"axis":"x"}},{"from":[7.17108,11.281481,12.000708],"to":[8.82892,13.35378,13.658547],"faces":{"east":{"uv":[4.1325,9.0075,4.2425,9.1875],"tintindex":0,"rotation":0,"texture":"#0"},"south":{"uv":[9.0075,5.3825,9.1175,5.5625],"tintindex":0,"rotation":0,"texture":"#0"},"north":{"uv":[9.0075,3.8825,9.1175,4.0625],"tintindex":0,"rotation":0,"texture":"#0"},"west":{"uv":[9.0075,6.1325,9.1175,6.3125],"tintindex":0,"rotation":0,"texture":"#0"},"up":{"uv":[6.7425,9.2425,6.6325,9.1325],"tintindex":0,"rotation":0,"texture":"#0"},"down":{"uv":[9.2425,6.7575,9.1325,6.8675],"tintindex":0,"rotation":0,"texture":"#0"}}}],"display":{"gui":{"rotation":[30,225,0]}}}