{"textures":{"0":"modelengine:entity/eternal_dragon"},"elements":[{"from":[4.68432,2.4749832,4.0897107],"to":[11.31568,9.106343,9.0632305],"faces":{"east":{"uv":[0.0075,6.5075,0.3675,6.9925],"tintindex":0,"rotation":0,"texture":"#0"},"south":{"uv":[3.6325,6.3825,4.1175,6.8675],"tintindex":0,"rotation":0,"texture":"#0"},"north":{"uv":[6.3825,3.0075,6.8675,3.4925],"tintindex":0,"rotation":0,"texture":"#0"},"west":{"uv":[6.5075,0.0075,6.8675,0.4925],"tintindex":0,"rotation":0,"texture":"#0"},"up":{"uv":[0.9925,6.8675,0.5075,6.5075],"tintindex":0,"rotation":0,"texture":"#0"},"down":{"uv":[6.9925,0.6325,6.5075,0.9925],"tintindex":0,"rotation":0,"texture":"#0"}},"rotation":{"origin":[8.0,8.826535,12.893357],"angle":22.5,"axis":"x"}}],"display":{"gui":{"rotation":[30,225,0]}}}