{"textures":{"0":"modelengine:entity/eternal_dragon"},"elements":[{"from":[6.266176,4.894168,5.2051096],"to":[9.581856,9.867688,8.520789],"faces":{"east":{"uv":[7.7425,6.6325,7.5075,6.9925],"tintindex":0,"rotation":0,"texture":"#0"},"south":{"uv":[6.6175,7.5075,6.3825,7.8675],"tintindex":0,"rotation":0,"texture":"#0"},"north":{"uv":[5.8675,7.5075,5.6325,7.8675],"tintindex":0,"rotation":0,"texture":"#0"},"west":{"uv":[6.2425,7.5075,6.0075,7.8675],"tintindex":0,"rotation":0,"texture":"#0"},"up":{"uv":[7.3825,8.2425,7.6175,8.0075],"tintindex":0,"rotation":0,"texture":"#0"},"down":{"uv":[8.0075,7.5075,8.2425,7.7425],"tintindex":0,"rotation":0,"texture":"#0"}},"rotation":{"origin":[3.364956,11.023975,11.385408],"angle":-22.5,"axis":"x"}}],"display":{"gui":{"rotation":[30,225,0]}}}