{"textures":{"0":"modelengine:entity/eternal_dragon"},"elements":[{"from":[5.862571,3.3877091,-0.43688202],"to":[10.007171,6.703389,5.3655577],"faces":{"east":{"uv":[5.6875,7.1325,5.2575,7.3675],"tintindex":0,"rotation":0,"texture":"#0"},"south":{"uv":[8.1875,1.6325,7.8825,1.8675],"tintindex":0,"rotation":0,"texture":"#0"},"north":{"uv":[1.4375,7.8825,1.1325,8.1175],"tintindex":0,"rotation":0,"texture":"#0"},"west":{"uv":[7.5625,1.2575,7.1325,1.4925],"tintindex":0,"rotation":0,"texture":"#0"},"up":{"uv":[0.5075,7.4375,0.8125,7.0075],"tintindex":0,"rotation":0,"texture":"#0"},"down":{"uv":[1.0075,7.0075,1.3125,7.4375],"tintindex":0,"rotation":0,"texture":"#0"}},"rotation":{"origin":[3.3758106,10.613308,2.9659834],"angle":-45.0,"axis":"x"}}],"display":{"gui":{"rotation":[30,225,0]}}}