{"textures":{"0":"modelengine:entity/eternal_dragon"},"elements":[{"from":[8.383611,7.58554,9.300683],"to":[13.357131,8.414459,10.129602],"faces":{"east":{"uv":[9.2425,0.7575,9.1325,0.8675],"tintindex":0,"rotation":0,"texture":"#0"},"south":{"uv":[7.4925,7.5075,6.7575,7.6175],"tintindex":0,"rotation":0,"texture":"#0"},"north":{"uv":[7.7425,3.3825,7.0075,3.4925],"tintindex":0,"rotation":0,"texture":"#0"},"west":{"uv":[0.7425,9.1325,0.6325,9.2425],"tintindex":0,"rotation":0,"texture":"#0"},"up":{"uv":[0.0075,7.7425,0.7425,7.6325],"tintindex":0,"rotation":0,"texture":"#0"},"down":{"uv":[0.8825,7.6325,1.6175,7.7425],"tintindex":0,"rotation":0,"texture":"#0"}},"rotation":{"origin":[6.1570873,7.4218106,9.395996],"angle":45.0,"axis":"y"}},{"from":[8.058108,8.0,3.4827538],"to":[11.373788,8.0,21.718994],"faces":{"up":{"uv":[4.5075,2.7425,4.9925,0.0075],"tintindex":0,"rotation":0,"texture":"#0"},"down":{"uv":[4.5075,0.0075,4.9925,2.7425],"tintindex":0,"rotation":0,"texture":"#0"}}}],"display":{"gui":{"rotation":[30,225,0]}}}