{"textures":{"0":"modelengine:entity/eternal_dragon"},"elements":[{"from":[6.6654387,7.4665823,9.352233],"to":[9.152199,10.782262,11.838993],"faces":{"east":{"uv":[8.5625,2.0075,8.3825,2.2425],"tintindex":0,"rotation":0,"texture":"#0"},"south":{"uv":[8.5625,1.6325,8.3825,1.8675],"tintindex":0,"rotation":0,"texture":"#0"},"north":{"uv":[0.4375,8.3825,0.2575,8.6175],"tintindex":0,"rotation":0,"texture":"#0"},"west":{"uv":[0.8125,8.3825,0.6325,8.6175],"tintindex":0,"rotation":0,"texture":"#0"},"up":{"uv":[8.6325,3.3125,8.8125,3.1325],"tintindex":0,"rotation":0,"texture":"#0"},"down":{"uv":[3.3825,8.6325,3.5625,8.8125],"tintindex":0,"rotation":0,"texture":"#0"}},"rotation":{"origin":[3.3497586,15.707824,2.9861612],"angle":22.5,"axis":"x"}}],"display":{"gui":{"rotation":[30,225,0]}}}