{"textures":{"0":"modelengine:entity/eternal_dragon"},"elements":[{"from":[9.336634,6.6710796,2.4277],"to":[9.336634,8.32892,4.91446],"faces":{"east":{"uv":[5.0625,8.8825,4.8825,8.9925],"tintindex":0,"rotation":0,"texture":"#0"},"west":{"uv":[4.8825,8.8825,5.0625,8.9925],"tintindex":0,"rotation":0,"texture":"#0"}}},{"from":[8.134699,6.6710796,2.4277],"to":[8.134699,8.32892,4.91446],"faces":{"east":{"uv":[5.0625,8.8825,4.8825,8.9925],"tintindex":0,"rotation":0,"texture":"#0"},"west":{"uv":[4.8825,8.8825,5.0625,8.9925],"tintindex":0,"rotation":0,"texture":"#0"}}},{"from":[6.6426435,6.6710796,2.4277],"to":[6.6426435,8.32892,4.91446],"faces":{"east":{"uv":[5.0625,8.8825,4.8825,8.9925],"tintindex":0,"rotation":0,"texture":"#0"},"west":{"uv":[4.8825,8.8825,5.0625,8.9925],"tintindex":0,"rotation":0,"texture":"#0"}}},{"from":[6.2281837,6.6710796,4.91446],"to":[9.543863,8.32892,9.05906],"faces":{"east":{"uv":[8.4375,8.5075,8.1325,8.6175],"tintindex":0,"rotation":0,"texture":"#0"},"south":{"uv":[8.9925,5.1325,8.7575,5.2425],"tintindex":0,"rotation":0,"texture":"#0"},"north":{"uv":[8.9925,4.8825,8.7575,4.9925],"tintindex":0,"rotation":0,"texture":"#0"},"west":{"uv":[8.8125,7.8825,8.5075,7.9925],"tintindex":0,"rotation":0,"texture":"#0"},"up":{"uv":[0.3825,8.1875,0.6175,7.8825],"tintindex":0,"rotation":0,"texture":"#0"},"down":{"uv":[0.7575,7.8825,0.9925,8.1875],"tintindex":0,"rotation":0,"texture":"#0"}}}],"display":{"gui":{"rotation":[30,225,0]}}}