{"textures":{"0":"modelengine:entity/eternal_dragon"},"elements":[{"from":[5.51324,8.60482,6.735851],"to":[10.48676,13.578341,13.36721],"faces":{"east":{"uv":[1.1325,6.5075,1.6175,6.8675],"tintindex":0,"rotation":0,"texture":"#0"},"south":{"uv":[5.7575,6.6325,6.1175,6.9925],"tintindex":0,"rotation":0,"texture":"#0"},"north":{"uv":[5.2575,6.6325,5.6175,6.9925],"tintindex":0,"rotation":0,"texture":"#0"},"west":{"uv":[6.5075,1.1325,6.9925,1.4925],"tintindex":0,"rotation":0,"texture":"#0"},"up":{"uv":[6.8675,2.1175,6.5075,1.6325],"tintindex":0,"rotation":0,"texture":"#0"},"down":{"uv":[2.1175,6.5075,1.7575,6.9925],"tintindex":0,"rotation":0,"texture":"#0"}},"rotation":{"origin":[8.0,9.61816,1.140173],"angle":22.5,"axis":"x"}},{"from":[8.0,13.532476,6.6539197],"to":[8.0,16.848156,13.28528],"faces":{"east":{"uv":[7.1325,0.5075,7.6175,0.7425],"tintindex":0,"rotation":0,"texture":"#0"},"west":{"uv":[7.1325,0.8825,7.6175,1.1175],"tintindex":0,"rotation":0,"texture":"#0"}},"rotation":{"origin":[8.0,9.61816,1.140173],"angle":22.5,"axis":"x"}}],"display":{"gui":{"rotation":[30,225,0]}}}