{"textures":{"0":"modelengine:entity/eternal_dragon"},"elements":[{"from":[4.68432,14.141351,10.636666],"to":[11.31568,14.141351,18.925865],"faces":{"up":{"uv":[4.8675,6.3675,4.3825,5.7575],"tintindex":0,"rotation":0,"texture":"#0"},"down":{"uv":[4.8675,5.7575,4.3825,6.3675],"tintindex":0,"rotation":0,"texture":"#0"}},"rotation":{"origin":[8.0,13.909581,-7.0058403],"angle":22.5,"axis":"x"}},{"from":[7.17108,13.321527,8.585675],"to":[8.82892,14.979367,13.5591955],"faces":{"east":{"uv":[8.2575,6.8825,8.6175,6.9925],"tintindex":0,"rotation":0,"texture":"#0"},"south":{"uv":[9.1325,0.5075,9.2425,0.6175],"tintindex":0,"rotation":0,"texture":"#0"},"north":{"uv":[7.8825,2.7575,7.9925,2.8675],"tintindex":0,"rotation":0,"texture":"#0"},"west":{"uv":[8.1325,8.2575,8.4925,8.3675],"tintindex":0,"rotation":0,"texture":"#0"},"up":{"uv":[2.1175,7.4925,2.0075,7.1325],"tintindex":0,"rotation":0,"texture":"#0"},"down":{"uv":[0.1175,8.3825,0.0075,8.7425],"tintindex":0,"rotation":0,"texture":"#0"}},"rotation":{"origin":[8.0,13.909581,-7.0058403],"angle":22.5,"axis":"x"}}],"display":{"gui":{"rotation":[30,225,0]}}}