{"textures":{"0":"modelengine:entity/eternal_dragon"},"elements":[{"from":[6.34216,15.814217,6.297907],"to":[9.65784,19.129896,11.271427],"faces":{"east":{"uv":[4.2575,7.3825,4.6175,7.6175],"tintindex":0,"rotation":0,"texture":"#0"},"south":{"uv":[7.0075,8.0075,7.2425,8.2425],"tintindex":0,"rotation":0,"texture":"#0"},"north":{"uv":[6.6325,8.0075,6.8675,8.2425],"tintindex":0,"rotation":0,"texture":"#0"},"west":{"uv":[4.7575,7.3825,5.1175,7.6175],"tintindex":0,"rotation":0,"texture":"#0"},"up":{"uv":[7.7425,1.9925,7.5075,1.6325],"tintindex":0,"rotation":0,"texture":"#0"},"down":{"uv":[5.4925,7.5075,5.2575,7.8675],"tintindex":0,"rotation":0,"texture":"#0"}},"rotation":{"origin":[8.0,11.357281,-3.643097],"angle":45.0,"axis":"x"}},{"from":[8.0,19.106188,6.311798],"to":[8.0,22.42187,11.285317],"faces":{"east":{"uv":[7.7575,1.0075,8.1175,1.2425],"tintindex":0,"rotation":0,"texture":"#0"},"west":{"uv":[2.7575,7.7575,3.1175,7.9925],"tintindex":0,"rotation":0,"texture":"#0"}},"rotation":{"origin":[8.0,11.357281,-3.643097],"angle":45.0,"axis":"x"}}],"display":{"gui":{"rotation":[30,225,0]}}}