{"textures":{"0":"modelengine:entity/eternal_dragon"},"elements":[{"from":[7.37831,10.896583,2.3430414],"to":[8.62169,14.212263,3.5864215],"faces":{"east":{"uv":[8.8825,0.2575,8.9925,0.4925],"tintindex":0,"rotation":0,"texture":"#0"},"south":{"uv":[1.0075,8.8825,1.1175,9.1175],"tintindex":0,"rotation":0,"texture":"#0"},"north":{"uv":[0.0075,8.8825,0.1175,9.1175],"tintindex":0,"rotation":0,"texture":"#0"},"west":{"uv":[1.2575,8.8825,1.3675,9.1175],"tintindex":0,"rotation":0,"texture":"#0"},"up":{"uv":[5.7425,9.2425,5.6325,9.1325],"tintindex":0,"rotation":0,"texture":"#0"},"down":{"uv":[5.9925,9.1325,5.8825,9.2425],"tintindex":0,"rotation":0,"texture":"#0"}},"rotation":{"origin":[8.0,9.871286,7.87836],"angle":45.0,"axis":"x"}},{"from":[6.96385,11.387164,4.325115],"to":[9.03615,14.702845,6.397415],"faces":{"east":{"uv":[2.6325,8.5075,2.8125,8.7425],"tintindex":0,"rotation":0,"texture":"#0"},"south":{"uv":[8.5075,2.7575,8.6875,2.9925],"tintindex":0,"rotation":0,"texture":"#0"},"north":{"uv":[2.2575,8.5075,2.4375,8.7425],"tintindex":0,"rotation":0,"texture":"#0"},"west":{"uv":[4.6325,8.5075,4.8125,8.7425],"tintindex":0,"rotation":0,"texture":"#0"},"up":{"uv":[0.4375,8.9375,0.2575,8.7575],"tintindex":0,"rotation":0,"texture":"#0"},"down":{"uv":[0.8125,8.7575,0.6325,8.9375],"tintindex":0,"rotation":0,"texture":"#0"}}},{"from":[3.8554,3.5673847,1.5218911],"to":[12.1446,11.856585,8.153251],"faces":{"east":{"uv":[3.0075,5.7575,3.4925,6.3675],"tintindex":0,"rotation":0,"texture":"#0"},"south":{"uv":[5.7575,0.0075,6.3675,0.6175],"tintindex":0,"rotation":0,"texture":"#0"},"north":{"uv":[0.0075,5.7575,0.6175,6.3675],"tintindex":0,"rotation":0,"texture":"#0"},"west":{"uv":[5.7575,3.0075,6.2425,3.6175],"tintindex":0,"rotation":0,"texture":"#0"},"up":{"uv":[4.2425,6.2425,3.6325,5.7575],"tintindex":0,"rotation":0,"texture":"#0"},"down":{"uv":[6.3675,3.7575,5.7575,4.2425],"tintindex":0,"rotation":0,"texture":"#0"}}}],"display":{"gui":{"rotation":[30,225,0]}}}