{
	"credit": "Made By TacoStudios",
	"texture_size": [32, 32],
	"textures": {
		"0": "ultimate_armors/antiquecrystal_sword",
		"1": "ultimate_armors/ice",
		"particle": "ultimate_armors/antiquecrystal_sword"
	},
	"elements": [
		{
			"from": [8.1, -5, 7.2],
			"to": [10.1, 1, 8.8],
			"faces": {
				"north": {"uv": [8, 0, 9, 3], "texture": "#0"},
				"east": {"uv": [8, 8, 8.75, 11], "texture": "#0"},
				"south": {"uv": [8, 3, 9, 6], "texture": "#0"},
				"west": {"uv": [9, 0, 9.75, 3], "texture": "#0"},
				"up": {"uv": [11.5, 10.75, 10.5, 10], "texture": "#0"},
				"down": {"uv": [1, 11, 0, 11.75], "texture": "#0"}
			}
		},
		{
			"from": [6.7, 2.05, 7.1],
			"to": [11.6, 3.45, 8.9],
			"rotation": {"angle": 0, "axis": "y", "origin": [0, -0.8, 0]},
			"faces": {
				"north": {"uv": [9, 3, 11.5, 3.75], "texture": "#0"},
				"east": {"uv": [1, 11, 2, 11.75], "texture": "#0"},
				"south": {"uv": [9, 4, 11.5, 4.75], "texture": "#0"},
				"west": {"uv": [2, 11, 3, 11.75], "texture": "#0"},
				"up": {"uv": [10.5, 7, 8, 6], "texture": "#0"},
				"down": {"uv": [10.5, 7, 8, 8], "texture": "#0"}
			}
		},
		{
			"from": [7.2, 3.4, 7.2],
			"to": [11.1, 4.8, 8.8],
			"rotation": {"angle": 0, "axis": "y", "origin": [0, -0.8, 0]},
			"faces": {
				"north": {"uv": [10, 0, 11.75, 0.75], "texture": "#0"},
				"east": {"uv": [9.5, 11, 10.25, 11.75], "texture": "#0"},
				"south": {"uv": [10, 1, 11.75, 1.75], "texture": "#0"},
				"west": {"uv": [10.5, 11, 11.25, 11.75], "texture": "#0"},
				"up": {"uv": [3.25, 10.75, 1.5, 10], "texture": "#0"},
				"down": {"uv": [11.75, 2, 10, 2.75], "texture": "#0"}
			}
		},
		{
			"from": [5.5, 4.8, 8.05],
			"to": [12.8, 24.9, 8.05],
			"rotation": {"angle": 0, "axis": "y", "origin": [0, -0.8, 0]},
			"faces": {
				"north": {"uv": [0, 0, 3.75, 10], "texture": "#0"},
				"east": {"uv": [0, 0, 0, 10], "texture": "#0"},
				"south": {"uv": [4, 0, 7.75, 10], "texture": "#0"},
				"west": {"uv": [0, 0, 0, 10], "texture": "#0"},
				"up": {"uv": [3.75, 0, 0, 0], "texture": "#0"},
				"down": {"uv": [3.75, 0, 0, 0], "texture": "#0"}
			}
		},
		{
			"from": [7.9, 1, 7],
			"to": [10.3, 2.1, 9],
			"rotation": {"angle": 0, "axis": "y", "origin": [0, -0.8, 0]},
			"faces": {
				"north": {"uv": [11, 5.5, 12.25, 6], "texture": "#0"},
				"east": {"uv": [11, 8.5, 12, 9], "texture": "#0"},
				"south": {"uv": [6.5, 11, 7.75, 11.5], "texture": "#0"},
				"west": {"uv": [11.5, 3, 12.5, 3.5], "texture": "#0"},
				"up": {"uv": [4.75, 11, 3.5, 10], "texture": "#0"},
				"down": {"uv": [6.25, 10, 5, 11], "texture": "#0"}
			}
		},
		{
			"from": [0.8, 6.7, 7.2],
			"to": [4.6, 7.8, 8.8],
			"rotation": {"angle": -45, "axis": "z", "origin": [0.1, 1.8, 2]},
			"faces": {
				"north": {"uv": [10.5, 6, 12.5, 6.5], "texture": "#0"},
				"east": {"uv": [11.5, 11.5, 12.25, 12], "texture": "#0"},
				"south": {"uv": [10.5, 6.5, 12.5, 7], "texture": "#0"},
				"west": {"uv": [0, 12, 0.75, 12.5], "texture": "#0"},
				"up": {"uv": [11, 5.75, 9, 5], "texture": "#0"},
				"down": {"uv": [11, 8, 9, 8.75], "texture": "#0"}
			}
		},
		{
			"from": [14.15, 6.4, 7.6],
			"to": [14.75, 7.4, 8.4],
			"rotation": {"angle": 0, "axis": "y", "origin": [2.3, -0.8, 0]},
			"faces": {
				"north": {"uv": [2.75, 12, 2.5, 12.5], "texture": "#0"},
				"east": {"uv": [2, 12, 1.5, 12.5], "texture": "#0"},
				"south": {"uv": [12.25, 2.5, 12, 3], "texture": "#0"},
				"west": {"uv": [12.5, 1, 12, 1.5], "texture": "#0"},
				"up": {"uv": [3, 12.5, 3.25, 12], "texture": "#0"},
				"down": {"uv": [3.5, 12, 3.75, 12.5], "texture": "#0"}
			}
		},
		{
			"from": [10.25, 8.7, 7.5],
			"to": [11.05, 10.7, 8.5],
			"rotation": {"angle": -22.5, "axis": "z", "origin": [2.3, -0.8, 0]},
			"faces": {
				"north": {"uv": [5.5, 11.5, 5, 12.5], "texture": "#0"},
				"east": {"uv": [7, 11.5, 6.5, 12.5], "texture": "#0"},
				"south": {"uv": [6.5, 11.5, 6, 12.5], "texture": "#0"},
				"west": {"uv": [6, 11.5, 5.5, 12.5], "texture": "#0"},
				"up": {"uv": [9, 12, 9.5, 11.5], "texture": "#0"},
				"down": {"uv": [1, 12, 1.5, 12.5], "texture": "#0"}
			}
		},
		{
			"from": [13.7, 6.7, 7.2],
			"to": [17.5, 7.8, 8.8],
			"rotation": {"angle": 45, "axis": "z", "origin": [18.2, 1.8, 2]},
			"faces": {
				"north": {"uv": [12.5, 6, 10.5, 6.5], "texture": "#0"},
				"east": {"uv": [0.75, 12, 0, 12.5], "texture": "#0"},
				"south": {"uv": [12.5, 6.5, 10.5, 7], "texture": "#0"},
				"west": {"uv": [12.25, 11.5, 11.5, 12], "texture": "#0"},
				"up": {"uv": [9, 5.75, 11, 5], "texture": "#0"},
				"down": {"uv": [9, 8, 11, 8.75], "texture": "#0"}
			}
		},
		{
			"from": [7.9, -6.1, 7],
			"to": [10.3, -5, 9],
			"rotation": {"angle": 0, "axis": "y", "origin": [0, -0.8, 0]},
			"faces": {
				"north": {"uv": [8, 11, 9.25, 11.5], "texture": "#0"},
				"east": {"uv": [11.5, 3.5, 12.5, 4], "texture": "#0"},
				"south": {"uv": [11, 8, 12.25, 8.5], "texture": "#0"},
				"west": {"uv": [11.5, 4, 12.5, 4.5], "texture": "#0"},
				"up": {"uv": [7.75, 11, 6.5, 10], "texture": "#0"},
				"down": {"uv": [10.25, 10, 9, 11], "texture": "#0"}
			}
		},
		{
			"from": [7.25, 8.7, 7.5],
			"to": [8.05, 10.7, 8.5],
			"rotation": {"angle": 22.5, "axis": "z", "origin": [16, -0.8, 0]},
			"faces": {
				"north": {"uv": [5, 11.5, 5.5, 12.5], "texture": "#0"},
				"east": {"uv": [5.5, 11.5, 6, 12.5], "texture": "#0"},
				"south": {"uv": [6, 11.5, 6.5, 12.5], "texture": "#0"},
				"west": {"uv": [6.5, 11.5, 7, 12.5], "texture": "#0"},
				"up": {"uv": [9.5, 12, 9, 11.5], "texture": "#0"},
				"down": {"uv": [1.5, 12, 1, 12.5], "texture": "#0"}
			}
		},
		{
			"from": [3.55, 6.4, 7.6],
			"to": [4.15, 7.4, 8.4],
			"rotation": {"angle": 0, "axis": "y", "origin": [16, -0.8, 0]},
			"faces": {
				"north": {"uv": [2.5, 12, 2.75, 12.5], "texture": "#0"},
				"east": {"uv": [12, 1, 12.5, 1.5], "texture": "#0"},
				"south": {"uv": [12, 2.5, 12.25, 3], "texture": "#0"},
				"west": {"uv": [1.5, 12, 2, 12.5], "texture": "#0"},
				"up": {"uv": [3.25, 12.5, 3, 12], "texture": "#0"},
				"down": {"uv": [3.75, 12, 3.5, 12.5], "texture": "#0"}
			}
		},
		{
			"from": [5.45, -0.95, 6.75],
			"to": [12.85, 6.45, 6.75],
			"faces": {
				"north": {"uv": [0, 0, 16, 16], "texture": "#1"},
				"east": {"uv": [0, 0, 0, 2.5], "texture": "#missing"},
				"south": {"uv": [0, 0, 16, 16], "texture": "#1"},
				"west": {"uv": [0, 0, 0, 2.5], "texture": "#missing"},
				"up": {"uv": [0, 0, 2.5, 0], "texture": "#missing"},
				"down": {"uv": [0, 0, 2.5, 0], "texture": "#missing"}
			}
		},
		{
			"from": [5.45, -0.95, 9.25],
			"to": [12.85, 6.45, 9.25],
			"rotation": {"angle": 0, "axis": "y", "origin": [0, 0, 16]},
			"faces": {
				"north": {"uv": [16, 0, 0, 16], "texture": "#1"},
				"east": {"uv": [0, 0, 0, 2.5], "texture": "#missing"},
				"south": {"uv": [16, 0, 0, 16], "texture": "#1"},
				"west": {"uv": [0, 0, 0, 2.5], "texture": "#missing"},
				"up": {"uv": [0, 0, 2.5, 0], "texture": "#missing"},
				"down": {"uv": [0, 0, 2.5, 0], "texture": "#missing"}
			}
		},
		{
			"from": [4.4, 7.4, 6.9],
			"to": [6.1, 8.4, 9.1],
			"rotation": {"angle": -45, "axis": "z", "origin": [0.1, 1.8, 2]},
			"faces": {
				"north": {"uv": [12, 0, 12.75, 0.5], "texture": "#0"},
				"east": {"uv": [11.5, 4.5, 12.5, 5], "texture": "#0"},
				"south": {"uv": [12, 0.5, 12.75, 1], "texture": "#0"},
				"west": {"uv": [7, 11.5, 8, 12], "texture": "#0"},
				"up": {"uv": [3.75, 12, 3, 11], "texture": "#0"},
				"down": {"uv": [4.75, 11, 4, 12], "texture": "#0"}
			}
		},
		{
			"from": [5.7, -5.3, 6.9],
			"to": [8.6, -4.2, 9.1],
			"rotation": {"angle": 45, "axis": "z", "origin": [0.1, 1.8, 2]},
			"faces": {
				"north": {"uv": [5, 11, 6.5, 11.5], "texture": "#0"},
				"east": {"uv": [11.5, 7, 12.5, 7.5], "texture": "#0"},
				"south": {"uv": [11, 5, 12.5, 5.5], "texture": "#0"},
				"west": {"uv": [11.5, 7.5, 12.5, 8], "texture": "#0"},
				"up": {"uv": [10.5, 10, 9, 9], "texture": "#0"},
				"down": {"uv": [1.5, 10, 0, 11], "texture": "#0"}
			}
		},
		{
			"from": [5.28, -2.8, 6.9],
			"to": [6.1, -1.9, 9.1],
			"rotation": {"angle": 45, "axis": "z", "origin": [0.1, 3.8, 2]},
			"faces": {
				"north": {"uv": [4, 12, 4.25, 12.5], "texture": "#0"},
				"east": {"uv": [11.5, 10.5, 12.5, 11], "texture": "#0"},
				"south": {"uv": [4.5, 12, 4.75, 12.5], "texture": "#0"},
				"west": {"uv": [11.5, 11, 12.5, 11.5], "texture": "#0"},
				"up": {"uv": [12.25, 2.5, 12, 1.5], "texture": "#0"},
				"down": {"uv": [2.25, 12, 2, 13], "texture": "#0"}
			}
		},
		{
			"from": [5.8, 9.8, 6.9],
			"to": [7.52, 10.9, 9.1],
			"rotation": {"angle": -45, "axis": "z", "origin": [0.1, 3.8, 2]},
			"faces": {
				"north": {"uv": [8, 11.5, 9, 12], "texture": "#0"},
				"east": {"uv": [11.5, 9, 12.5, 9.5], "texture": "#0"},
				"south": {"uv": [11.5, 9.5, 12.5, 10], "texture": "#0"},
				"west": {"uv": [11.5, 10, 12.5, 10.5], "texture": "#0"},
				"up": {"uv": [11.5, 8, 10.5, 7], "texture": "#0"},
				"down": {"uv": [11.5, 9, 10.5, 10], "texture": "#0"}
			}
		}
	],
	"display": {
		"thirdperson_righthand": {
			"rotation": [5.25, -90, 0],
			"translation": [0, 8, 0.75]
		},
		"thirdperson_lefthand": {
			"rotation": [5.25, -90, 0],
			"translation": [0, 8, 3.5]
		},
		"firstperson_righthand": {
			"rotation": [-4.25, 88, 1.99],
			"translation": [3.75, 2.75, 0]
		},
		"firstperson_lefthand": {
			"rotation": [-4.25, 88, 1.99],
			"translation": [1.25, 4, -0.75],
			"scale": [0.91992, 0.91992, 1]
		},
		"ground": {
			"rotation": [64, 0, 0],
			"translation": [0, 2, 0]
		},
		"gui": {
			"rotation": [0, 0, -49.25],
			"translation": [-1.5, 0, 0],
			"scale": [0.88086, 0.875, 1]
		},
		"fixed": {
			"translation": [0, 0, -0.5]
		}
	}
}