{
	"credit": "Made By TacoStudios",
	"texture_size": [32, 32],
	"textures": {
		"0": "ultimate_armors/blood_sword",
		"1": "ultimate_armors/blood",
		"particle": "ultimate_armors/blood_sword"
	},
	"elements": [
		{
			"from": [8.3, -4, 7.2],
			"to": [10.3, 2, 8.8],
			"rotation": {"angle": 0, "axis": "y", "origin": [0.2, 0, 0]},
			"faces": {
				"north": {"uv": [4, 0, 5, 3], "texture": "#0"},
				"east": {"uv": [5, 2, 5.75, 5], "texture": "#0"},
				"south": {"uv": [4, 3, 5, 6], "texture": "#0"},
				"west": {"uv": [5, 5, 5.75, 8], "texture": "#0"},
				"up": {"uv": [9, 9.25, 8, 8.5], "texture": "#0"},
				"down": {"uv": [10, 2, 9, 2.75], "texture": "#0"}
			}
		},
		{
			"from": [6.5, 2.05, 7.1],
			"to": [12.2, 3.45, 8.9],
			"rotation": {"angle": 0, "axis": "y", "origin": [0.2, -0.8, 0]},
			"faces": {
				"north": {"uv": [6, 2, 8.75, 2.75], "texture": "#0"},
				"east": {"uv": [9, 3, 10, 3.75], "texture": "#0"},
				"south": {"uv": [6, 3, 8.75, 3.75], "texture": "#0"},
				"west": {"uv": [4, 9, 5, 9.75], "texture": "#0"},
				"up": {"uv": [7.75, 1, 5, 0], "texture": "#0"},
				"down": {"uv": [7.75, 1, 5, 2], "texture": "#0"}
			}
		},
		{
			"from": [5.2, 2.25, 7.3],
			"to": [6.5, 3.25, 8.7],
			"rotation": {"angle": 0, "axis": "y", "origin": [0.2, -0.8, 0]},
			"faces": {
				"north": {"uv": [9, 10, 9.75, 10.5], "texture": "#0"},
				"east": {"uv": [10, 9, 10.75, 9.5], "texture": "#0"},
				"south": {"uv": [10, 9.5, 10.75, 10], "texture": "#0"},
				"west": {"uv": [10, 10, 10.75, 10.5], "texture": "#0"},
				"up": {"uv": [2.75, 10.75, 2, 10], "texture": "#0"},
				"down": {"uv": [10.75, 2, 10, 2.75], "texture": "#0"}
			}
		},
		{
			"from": [15.75, 5.8, 7.4],
			"to": [16.45, 6.8, 8.6],
			"rotation": {"angle": 22.5, "axis": "z", "origin": [18.4, -0.8, 0]},
			"faces": {
				"north": {"uv": [10.75, 1.5, 10.5, 2], "texture": "#0"},
				"east": {"uv": [11, 0, 10.5, 0.5], "texture": "#0"},
				"south": {"uv": [3.25, 10.5, 3, 11], "texture": "#0"},
				"west": {"uv": [8, 10, 7.5, 10.5], "texture": "#0"},
				"up": {"uv": [3.5, 11, 3.75, 10.5], "texture": "#0"},
				"down": {"uv": [10.5, 4, 10.75, 4.5], "texture": "#0"}
			}
		},
		{
			"from": [15.65, 4.4, 7.2],
			"to": [16.55, 5.8, 8.8],
			"rotation": {"angle": 22.5, "axis": "z", "origin": [18.4, -0.8, 0]},
			"faces": {
				"north": {"uv": [4.5, 10, 4, 10.75], "texture": "#0"},
				"east": {"uv": [10.25, 4, 9.5, 4.75], "texture": "#0"},
				"south": {"uv": [5, 10, 4.5, 10.75], "texture": "#0"},
				"west": {"uv": [10.25, 1, 9.5, 1.75], "texture": "#0"},
				"up": {"uv": [5, 10.75, 5.5, 10], "texture": "#0"},
				"down": {"uv": [5.5, 10, 6, 10.75], "texture": "#0"}
			}
		},
		{
			"from": [19.75, -0.5, 7.4],
			"to": [20.45, 0.5, 8.6],
			"rotation": {"angle": -22.5, "axis": "z", "origin": [18.4, 16.8, 0]},
			"faces": {
				"north": {"uv": [10.75, 4.5, 10.5, 5], "texture": "#0"},
				"east": {"uv": [11, 1, 10.5, 1.5], "texture": "#0"},
				"south": {"uv": [10.75, 5, 10.5, 5.5], "texture": "#0"},
				"west": {"uv": [11, 0.5, 10.5, 1], "texture": "#0"},
				"up": {"uv": [10.5, 6, 10.75, 5.5], "texture": "#0"},
				"down": {"uv": [10.5, 6, 10.75, 6.5], "texture": "#0"}
			}
		},
		{
			"from": [19.65, 0.5, 7.2],
			"to": [20.55, 1.9, 8.8],
			"rotation": {"angle": -22.5, "axis": "z", "origin": [18.4, 16.8, 0]},
			"faces": {
				"north": {"uv": [6.5, 10, 6, 10.75], "texture": "#0"},
				"east": {"uv": [8.75, 9.5, 8, 10.25], "texture": "#0"},
				"south": {"uv": [10.5, 6, 10, 6.75], "texture": "#0"},
				"west": {"uv": [10.25, 5, 9.5, 5.75], "texture": "#0"},
				"up": {"uv": [6.5, 10.75, 7, 10], "texture": "#0"},
				"down": {"uv": [7, 10, 7.5, 10.75], "texture": "#0"}
			}
		},
		{
			"from": [13.4, 2.05, 7.1],
			"to": [14.7, 3.45, 8.9],
			"rotation": {"angle": 0, "axis": "y", "origin": [18.4, -0.8, 0]},
			"faces": {
				"north": {"uv": [0.75, 10, 0, 10.75], "texture": "#0"},
				"east": {"uv": [7, 9, 6, 9.75], "texture": "#0"},
				"south": {"uv": [1.75, 10, 1, 10.75], "texture": "#0"},
				"west": {"uv": [6, 9, 5, 9.75], "texture": "#0"},
				"up": {"uv": [9, 7, 9.75, 6], "texture": "#0"},
				"down": {"uv": [7, 9, 7.75, 10], "texture": "#0"}
			}
		},
		{
			"from": [12.1, 2.25, 7.3],
			"to": [13.4, 3.25, 8.7],
			"rotation": {"angle": 0, "axis": "y", "origin": [18.4, -0.8, 0]},
			"faces": {
				"north": {"uv": [9.75, 10, 9, 10.5], "texture": "#0"},
				"east": {"uv": [10.75, 10, 10, 10.5], "texture": "#0"},
				"south": {"uv": [10.75, 9.5, 10, 10], "texture": "#0"},
				"west": {"uv": [10.75, 9, 10, 9.5], "texture": "#0"},
				"up": {"uv": [2, 10.75, 2.75, 10], "texture": "#0"},
				"down": {"uv": [10, 2, 10.75, 2.75], "texture": "#0"}
			}
		},
		{
			"from": [3.9, 2.05, 7.1],
			"to": [5.2, 3.45, 8.9],
			"rotation": {"angle": 0, "axis": "y", "origin": [0.2, -0.8, 0]},
			"faces": {
				"north": {"uv": [0, 10, 0.75, 10.75], "texture": "#0"},
				"east": {"uv": [5, 9, 6, 9.75], "texture": "#0"},
				"south": {"uv": [1, 10, 1.75, 10.75], "texture": "#0"},
				"west": {"uv": [6, 9, 7, 9.75], "texture": "#0"},
				"up": {"uv": [9.75, 7, 9, 6], "texture": "#0"},
				"down": {"uv": [7.75, 9, 7, 10], "texture": "#0"}
			}
		},
		{
			"from": [2.05, 4.4, 7.2],
			"to": [2.95, 5.8, 8.8],
			"rotation": {"angle": -22.5, "axis": "z", "origin": [0.2, -0.8, 0]},
			"faces": {
				"north": {"uv": [4, 10, 4.5, 10.75], "texture": "#0"},
				"east": {"uv": [9.5, 1, 10.25, 1.75], "texture": "#0"},
				"south": {"uv": [4.5, 10, 5, 10.75], "texture": "#0"},
				"west": {"uv": [9.5, 4, 10.25, 4.75], "texture": "#0"},
				"up": {"uv": [5.5, 10.75, 5, 10], "texture": "#0"},
				"down": {"uv": [6, 10, 5.5, 10.75], "texture": "#0"}
			}
		},
		{
			"from": [-1.85, -0.5, 7.4],
			"to": [-1.15, 0.5, 8.6],
			"rotation": {"angle": 22.5, "axis": "z", "origin": [0.2, 16.8, 0]},
			"faces": {
				"north": {"uv": [10.5, 4.5, 10.75, 5], "texture": "#0"},
				"east": {"uv": [10.5, 0.5, 11, 1], "texture": "#0"},
				"south": {"uv": [10.5, 5, 10.75, 5.5], "texture": "#0"},
				"west": {"uv": [10.5, 1, 11, 1.5], "texture": "#0"},
				"up": {"uv": [10.75, 6, 10.5, 5.5], "texture": "#0"},
				"down": {"uv": [10.75, 6, 10.5, 6.5], "texture": "#0"}
			}
		},
		{
			"from": [-1.95, 0.5, 7.2],
			"to": [-1.05, 1.9, 8.8],
			"rotation": {"angle": 22.5, "axis": "z", "origin": [0.2, 16.8, 0]},
			"faces": {
				"north": {"uv": [6, 10, 6.5, 10.75], "texture": "#0"},
				"east": {"uv": [9.5, 5, 10.25, 5.75], "texture": "#0"},
				"south": {"uv": [10, 6, 10.5, 6.75], "texture": "#0"},
				"west": {"uv": [8, 9.5, 8.75, 10.25], "texture": "#0"},
				"up": {"uv": [7, 10.75, 6.5, 10], "texture": "#0"},
				"down": {"uv": [7.5, 10, 7, 10.75], "texture": "#0"}
			}
		},
		{
			"from": [2.15, 5.8, 7.4],
			"to": [2.85, 6.8, 8.6],
			"rotation": {"angle": -22.5, "axis": "z", "origin": [0.2, -0.8, 0]},
			"faces": {
				"north": {"uv": [10.5, 1.5, 10.75, 2], "texture": "#0"},
				"east": {"uv": [7.5, 10, 8, 10.5], "texture": "#0"},
				"south": {"uv": [3, 10.5, 3.25, 11], "texture": "#0"},
				"west": {"uv": [10.5, 0, 11, 0.5], "texture": "#0"},
				"up": {"uv": [3.75, 11, 3.5, 10.5], "texture": "#0"},
				"down": {"uv": [10.75, 4, 10.5, 4.5], "texture": "#0"}
			}
		},
		{
			"from": [7.6, 3.4, 7.2],
			"to": [11.1, 4.8, 8.9],
			"rotation": {"angle": 0, "axis": "y", "origin": [0.2, -0.8, 0]},
			"faces": {
				"north": {"uv": [6, 4, 7.75, 4.75], "texture": "#0"},
				"east": {"uv": [9, 9, 9.75, 9.75], "texture": "#0"},
				"south": {"uv": [6, 5, 7.75, 5.75], "texture": "#0"},
				"west": {"uv": [9.5, 0, 10.25, 0.75], "texture": "#0"},
				"up": {"uv": [7.75, 6.75, 6, 6], "texture": "#0"},
				"down": {"uv": [7.75, 7, 6, 7.75], "texture": "#0"}
			}
		},
		{
			"from": [7.7, 4.8, 8.05],
			"to": [11, 24.9, 8.05],
			"rotation": {"angle": 0, "axis": "y", "origin": [0.2, -0.8, 0]},
			"faces": {
				"north": {"uv": [0, 0, 1.75, 10], "texture": "#0"},
				"east": {"uv": [0, 0, 0, 10], "texture": "#0"},
				"south": {"uv": [2, 0, 3.75, 10], "texture": "#0"},
				"west": {"uv": [0, 0, 0, 10], "texture": "#0"},
				"up": {"uv": [1.75, 0, 0, 0], "texture": "#0"},
				"down": {"uv": [1.75, 0, 0, 0], "texture": "#0"}
			}
		},
		{
			"from": [8.1, 1, 7],
			"to": [10.5, 2.1, 9],
			"rotation": {"angle": 0, "axis": "y", "origin": [0.2, -0.8, 0]},
			"faces": {
				"north": {"uv": [9, 7, 10.25, 7.5], "texture": "#0"},
				"east": {"uv": [4, 7.5, 5, 8], "texture": "#0"},
				"south": {"uv": [9, 7.5, 10.25, 8], "texture": "#0"},
				"west": {"uv": [3, 10, 4, 10.5], "texture": "#0"},
				"up": {"uv": [9.25, 1, 8, 0], "texture": "#0"},
				"down": {"uv": [9.25, 1, 8, 2], "texture": "#0"}
			}
		},
		{
			"from": [8.1, -5.1, 7],
			"to": [10.5, -4, 9],
			"rotation": {"angle": 0, "axis": "y", "origin": [0.2, -0.8, 0]},
			"faces": {
				"north": {"uv": [9, 8, 10.25, 8.5], "texture": "#0"},
				"east": {"uv": [10, 3, 11, 3.5], "texture": "#0"},
				"south": {"uv": [9, 8.5, 10.25, 9], "texture": "#0"},
				"west": {"uv": [10, 3.5, 11, 4], "texture": "#0"},
				"up": {"uv": [5.25, 9, 4, 8], "texture": "#0"},
				"down": {"uv": [9.25, 4, 8, 5], "texture": "#0"}
			}
		},
		{
			"from": [7.7, -5.4, 6.8],
			"to": [9.7, -3.4, 9.2],
			"rotation": {"angle": 45, "axis": "z", "origin": [0, 0, 0]},
			"faces": {
				"north": {"uv": [7, 8, 8, 9], "texture": "#0"},
				"east": {"uv": [8, 5, 9.25, 6], "texture": "#0"},
				"south": {"uv": [8, 7.5, 9, 8.5], "texture": "#0"},
				"west": {"uv": [5.5, 8, 6.75, 9], "texture": "#0"},
				"up": {"uv": [5, 7.25, 4, 6], "texture": "#0"},
				"down": {"uv": [9, 6, 8, 7.25], "texture": "#0"}
			}
		},
		{
			"from": [7.2, 1, 6.7],
			"to": [11.3, 5.1, 6.7],
			"faces": {
				"north": {"uv": [0, 0, 16, 16], "texture": "#1"},
				"east": {"uv": [0, 0, 0, 2], "texture": "#missing"},
				"south": {"uv": [0, 0, 16, 16], "texture": "#1"},
				"west": {"uv": [0, 0, 0, 2], "texture": "#missing"},
				"up": {"uv": [0, 0, 2, 0], "texture": "#missing"},
				"down": {"uv": [0, 0, 2, 0], "texture": "#missing"}
			}
		},
		{
			"from": [7.2, 1, 9.3],
			"to": [11.3, 5.1, 9.3],
			"rotation": {"angle": 0, "axis": "y", "origin": [0, 0, 16]},
			"faces": {
				"north": {"uv": [16, 0, 0, 16], "texture": "#1"},
				"east": {"uv": [0, 0, 0, 2], "texture": "#missing"},
				"south": {"uv": [16, 0, 0, 16], "texture": "#1"},
				"west": {"uv": [0, 0, 0, 2], "texture": "#missing"},
				"up": {"uv": [0, 0, 2, 0], "texture": "#missing"},
				"down": {"uv": [0, 0, 2, 0], "texture": "#missing"}
			}
		}
	],
	"display": {
		"thirdperson_righthand": {
			"rotation": [5.25, -90, 0],
			"translation": [0, 8, 0.75]
		},
		"thirdperson_lefthand": {
			"rotation": [5.25, -90, 0],
			"translation": [0, 8, 3.5]
		},
		"firstperson_righthand": {
			"rotation": [-4.25, 88, 1.99],
			"translation": [3.75, 2.75, 0]
		},
		"firstperson_lefthand": {
			"rotation": [-4.25, 88, 1.99],
			"translation": [1.25, 4, -0.75],
			"scale": [0.91992, 0.91992, 1]
		},
		"ground": {
			"rotation": [64, 0, 0],
			"translation": [0, 2, 0]
		},
		"gui": {
			"rotation": [0, 0, -50],
			"translation": [-1.5, 0, 0],
			"scale": [1, 0.8457, 1]
		},
		"fixed": {
			"translation": [0, 0, -0.25]
		}
	}
}