{
	"credit": "Made By TacoStudios",
	"texture_size": [32, 32],
	"textures": {
		"0": "ultimate_armors/sun_sword",
		"1": "ultimate_armors/solar",
		"particle": "ultimate_armors/sun_sword"
	},
	"elements": [
		{
			"from": [8.1, -4, 7.2],
			"to": [10.1, 2, 8.8],
			"faces": {
				"north": {"uv": [4, 4, 5, 7], "texture": "#0"},
				"east": {"uv": [4, 7, 4.75, 10], "texture": "#0"},
				"south": {"uv": [5, 4, 6, 7], "texture": "#0"},
				"west": {"uv": [5, 7, 5.75, 10], "texture": "#0"},
				"up": {"uv": [11, 1.25, 10, 0.5], "texture": "#0"},
				"down": {"uv": [11, 1.5, 10, 2.25], "texture": "#0"}
			}
		},
		{
			"from": [3.4, 7.5, 6.9],
			"to": [6.1, 8.6, 9.1],
			"rotation": {"angle": -45, "axis": "z", "origin": [0.1, 1.8, 2]},
			"faces": {
				"north": {"uv": [10, 4.5, 11.25, 5], "texture": "#0"},
				"east": {"uv": [10.5, 9.5, 11.5, 10], "texture": "#0"},
				"south": {"uv": [10, 6.5, 11.25, 7], "texture": "#0"},
				"west": {"uv": [10.5, 10, 11.5, 10.5], "texture": "#0"},
				"up": {"uv": [9.75, 3, 8.5, 2], "texture": "#0"},
				"down": {"uv": [9.75, 3, 8.5, 4], "texture": "#0"}
			}
		},
		{
			"from": [5.8, 9.8, 6.8],
			"to": [9.7, 10.9, 9.2],
			"rotation": {"angle": -45, "axis": "z", "origin": [0.1, 3.8, 2]},
			"faces": {
				"north": {"uv": [9.5, 8, 11.5, 8.5], "texture": "#0"},
				"east": {"uv": [4.5, 10.5, 5.75, 11], "texture": "#0"},
				"south": {"uv": [9.5, 8.5, 11.5, 9], "texture": "#0"},
				"west": {"uv": [6, 10.5, 7.25, 11], "texture": "#0"},
				"up": {"uv": [8, 5.25, 6, 4], "texture": "#0"},
				"down": {"uv": [8, 5.5, 6, 6.75], "texture": "#0"}
			}
		},
		{
			"from": [3.3, -3, 6.8],
			"to": [6.1, -1.9, 9.2],
			"rotation": {"angle": 45, "axis": "z", "origin": [0.1, 3.8, 2]},
			"faces": {
				"north": {"uv": [3, 10, 4.5, 10.5], "texture": "#0"},
				"east": {"uv": [0, 10.5, 1.25, 11], "texture": "#0"},
				"south": {"uv": [10, 3.5, 11.5, 4], "texture": "#0"},
				"west": {"uv": [3, 10.5, 4.25, 11], "texture": "#0"},
				"up": {"uv": [9.5, 6.25, 8, 5], "texture": "#0"},
				"down": {"uv": [7.5, 8, 6, 9.25], "texture": "#0"}
			}
		},
		{
			"from": [5.8, -5.3, 6.9],
			"to": [9.6, -4.2, 9.1],
			"rotation": {"angle": 45, "axis": "z", "origin": [0.1, 1.8, 2]},
			"faces": {
				"north": {"uv": [8, 7.5, 10, 8], "texture": "#0"},
				"east": {"uv": [10.5, 9, 11.5, 9.5], "texture": "#0"},
				"south": {"uv": [9.5, 6, 11.5, 6.5], "texture": "#0"},
				"west": {"uv": [9.5, 10.5, 10.5, 11], "texture": "#0"},
				"up": {"uv": [8, 8, 6, 7], "texture": "#0"},
				"down": {"uv": [10, 4, 8, 5], "texture": "#0"}
			}
		},
		{
			"from": [7.9, 0.9, 7],
			"to": [10.3, 2, 9],
			"rotation": {"angle": 0, "axis": "y", "origin": [0, -0.8, 0]},
			"faces": {
				"north": {"uv": [10, 4, 11.25, 4.5], "texture": "#0"},
				"east": {"uv": [7.5, 10.5, 8.5, 11], "texture": "#0"},
				"south": {"uv": [4.5, 10, 5.75, 10.5], "texture": "#0"},
				"west": {"uv": [8.5, 10.5, 9.5, 11], "texture": "#0"},
				"up": {"uv": [9.75, 1, 8.5, 0], "texture": "#0"},
				"down": {"uv": [9.75, 1, 8.5, 2], "texture": "#0"}
			}
		},
		{
			"from": [7.9, -2.1, 7],
			"to": [10.3, -1, 9],
			"rotation": {"angle": 0, "axis": "y", "origin": [0, -0.8, 0]},
			"faces": {
				"north": {"uv": [10, 7, 11.25, 7.5], "texture": "#0"},
				"east": {"uv": [10.5, 10.5, 11.5, 11], "texture": "#0"},
				"south": {"uv": [7.5, 10, 8.75, 10.5], "texture": "#0"},
				"west": {"uv": [0, 11, 1, 11.5], "texture": "#0"},
				"up": {"uv": [8.75, 10, 7.5, 9], "texture": "#0"},
				"down": {"uv": [10.25, 9, 9, 10], "texture": "#0"}
			}
		},
		{
			"from": [7.9, -5.1, 7],
			"to": [10.3, -4, 9],
			"rotation": {"angle": 0, "axis": "y", "origin": [0, -0.8, 0]},
			"faces": {
				"north": {"uv": [10, 7.5, 11.25, 8], "texture": "#0"},
				"east": {"uv": [11, 0.5, 12, 1], "texture": "#0"},
				"south": {"uv": [9, 10, 10.25, 10.5], "texture": "#0"},
				"west": {"uv": [1, 11, 2, 11.5], "texture": "#0"},
				"up": {"uv": [10.75, 6, 9.5, 5], "texture": "#0"},
				"down": {"uv": [7.25, 9.5, 6, 10.5], "texture": "#0"}
			}
		},
		{
			"from": [4.7, 2.05, 7.1],
			"to": [13.7, 3.45, 8.9],
			"rotation": {"angle": 0, "axis": "y", "origin": [0, -0.8, 0]},
			"faces": {
				"north": {"uv": [4, 2, 8.5, 2.75], "texture": "#0"},
				"east": {"uv": [2, 10, 3, 10.75], "texture": "#0"},
				"south": {"uv": [4, 3, 8.5, 3.75], "texture": "#0"},
				"west": {"uv": [10, 2.5, 11, 3.25], "texture": "#0"},
				"up": {"uv": [8.5, 1, 4, 0], "texture": "#0"},
				"down": {"uv": [8.5, 1, 4, 2], "texture": "#0"}
			}
		},
		{
			"from": [13.7, 2.25, 7.7],
			"to": [15.7, 3.25, 8.3],
			"rotation": {"angle": 0, "axis": "y", "origin": [0, -0.8, 0]},
			"faces": {
				"north": {"uv": [11, 1, 12, 1.5], "texture": "#0"},
				"east": {"uv": [1.5, 10.5, 1.75, 11], "texture": "#0"},
				"south": {"uv": [11, 1.5, 12, 2], "texture": "#0"},
				"west": {"uv": [11, 5.5, 11.25, 6], "texture": "#0"},
				"up": {"uv": [4.5, 11.25, 3.5, 11], "texture": "#0"},
				"down": {"uv": [5.5, 11, 4.5, 11.25], "texture": "#0"}
			}
		},
		{
			"from": [2.7, 2.25, 7.7],
			"to": [4.7, 3.25, 8.3],
			"rotation": {"angle": 0, "axis": "y", "origin": [16, -0.8, 0]},
			"faces": {
				"north": {"uv": [2, 11, 3, 11.5], "texture": "#0"},
				"east": {"uv": [6.5, 11, 6.75, 11.5], "texture": "#0"},
				"south": {"uv": [11, 2, 12, 2.5], "texture": "#0"},
				"west": {"uv": [7, 11, 7.25, 11.5], "texture": "#0"},
				"up": {"uv": [12, 5.25, 11, 5], "texture": "#0"},
				"down": {"uv": [6.5, 11, 5.5, 11.25], "texture": "#0"}
			}
		},
		{
			"from": [7.4, 3.4, 7.2],
			"to": [10.9, 4.8, 8.9],
			"rotation": {"angle": 0, "axis": "y", "origin": [0, -0.8, 0]},
			"faces": {
				"north": {"uv": [8, 6.5, 9.75, 7.25], "texture": "#0"},
				"east": {"uv": [11, 2.5, 11.5, 3.25], "texture": "#0"},
				"south": {"uv": [7.5, 8, 9.25, 8.75], "texture": "#0"},
				"west": {"uv": [3, 11, 3.5, 11.75], "texture": "#0"},
				"up": {"uv": [1.75, 10.5, 0, 10], "texture": "#0"},
				"down": {"uv": [11.75, 0, 10, 0.5], "texture": "#0"}
			}
		},
		{
			"from": [7.5, 4.8, 8.05],
			"to": [10.8, 24.9, 8.05],
			"rotation": {"angle": 0, "axis": "y", "origin": [0, -0.8, 0]},
			"faces": {
				"north": {"uv": [0, 0, 1.75, 10], "texture": "#0"},
				"east": {"uv": [0, 0, 0, 10], "texture": "#0"},
				"south": {"uv": [2, 0, 3.75, 10], "texture": "#0"},
				"west": {"uv": [0, 0, 0, 10], "texture": "#0"},
				"up": {"uv": [1.75, 0, 0, 0], "texture": "#0"},
				"down": {"uv": [1.75, 0, 0, 0], "texture": "#0"}
			}
		},
		{
			"from": [6.65, 0.35, 6.75],
			"to": [11.65, 5.35, 6.75],
			"faces": {
				"north": {"uv": [0, 0, 16, 16], "texture": "#1"},
				"east": {"uv": [0, 0, 0, 2.5], "texture": "#missing"},
				"south": {"uv": [0, 0, 16, 16], "texture": "#1"},
				"west": {"uv": [0, 0, 0, 2.5], "texture": "#missing"},
				"up": {"uv": [0, 0, 2.5, 0], "texture": "#missing"},
				"down": {"uv": [0, 0, 2.5, 0], "texture": "#missing"}
			}
		},
		{
			"from": [6.65, 0.35, 9.25],
			"to": [11.65, 5.35, 9.25],
			"rotation": {"angle": 0, "axis": "y", "origin": [0, 0, 16]},
			"faces": {
				"north": {"uv": [16, 0, 0, 16], "texture": "#1"},
				"east": {"uv": [0, 0, 0, 2.5], "texture": "#missing"},
				"south": {"uv": [16, 0, 0, 16], "texture": "#1"},
				"west": {"uv": [0, 0, 0, 2.5], "texture": "#missing"},
				"up": {"uv": [0, 0, 2.5, 0], "texture": "#missing"},
				"down": {"uv": [0, 0, 2.5, 0], "texture": "#missing"}
			}
		}
	],
	"display": {
		"thirdperson_righthand": {
			"rotation": [5.25, -90, 0],
			"translation": [0, 8, 0.75]
		},
		"thirdperson_lefthand": {
			"rotation": [5.25, -90, 0],
			"translation": [0, 8, 3.5]
		},
		"firstperson_righthand": {
			"rotation": [-4.25, 88, 1.99],
			"translation": [3.75, 2.75, 0]
		},
		"firstperson_lefthand": {
			"rotation": [-4.25, 88, 1.99],
			"translation": [1.25, 4, -0.75],
			"scale": [0.91992, 0.91797, 1]
		},
		"ground": {
			"rotation": [64, 0, 0],
			"translation": [0, 2, 0]
		},
		"gui": {
			"rotation": [0, 0, -47.25],
			"translation": [-1.5, -0.25, 0],
			"scale": [0.94922, 0.83594, 1]
		},
		"fixed": {
			"translation": [0, 0, -0.25]
		}
	}
}