{
	"credit": "Made By TacoStudios",
	"texture_size": [32, 32],
	"textures": {
		"0": "ultimate_armors/special_sword",
		"1": "ultimate_armors/special",
		"particle": "ultimate_armors/special_sword"
	},
	"elements": [
		{
			"from": [8.3, -4, 7.2],
			"to": [10.3, 1.6, 8.8],
			"rotation": {"angle": 0, "axis": "y", "origin": [0.2, 0, 0]},
			"faces": {
				"north": {"uv": [4, 0, 5, 2.75], "texture": "#0"},
				"east": {"uv": [5, 0, 5.75, 2.75], "texture": "#0"},
				"south": {"uv": [4, 3, 5, 5.75], "texture": "#0"},
				"west": {"uv": [5, 3, 5.75, 5.75], "texture": "#0"},
				"up": {"uv": [5, 8.25, 4, 7.5], "texture": "#0"},
				"down": {"uv": [6, 7.5, 5, 8.25], "texture": "#0"}
			}
		},
		{
			"from": [7.7, 4, 8.05],
			"to": [11, 24.9, 8.05],
			"rotation": {"angle": 0, "axis": "y", "origin": [0.2, -0.8, 0]},
			"faces": {
				"north": {"uv": [0, 0, 1.75, 10.5], "texture": "#0"},
				"east": {"uv": [0, 0, 0, 10.5], "texture": "#0"},
				"south": {"uv": [2, 0, 3.75, 10.5], "texture": "#0"},
				"west": {"uv": [0, 0, 0, 10.5], "texture": "#0"},
				"up": {"uv": [1.75, 0, 0, 0], "texture": "#0"},
				"down": {"uv": [1.75, 0, 0, 0], "texture": "#0"}
			}
		},
		{
			"from": [8.1, -1, 7],
			"to": [10.5, 0.1, 9],
			"rotation": {"angle": 0, "axis": "y", "origin": [0.2, -0.8, 0]},
			"faces": {
				"north": {"uv": [7, 7.5, 8.25, 8], "texture": "#0"},
				"east": {"uv": [8.5, 7.5, 9.5, 8], "texture": "#0"},
				"south": {"uv": [8, 6, 9.25, 6.5], "texture": "#0"},
				"west": {"uv": [9, 1, 10, 1.5], "texture": "#0"},
				"up": {"uv": [7.25, 1, 6, 0], "texture": "#0"},
				"down": {"uv": [7.25, 1, 6, 2], "texture": "#0"}
			}
		},
		{
			"from": [6.7, -5.4, 6.8],
			"to": [7.7, -3.4, 9.2],
			"rotation": {"angle": 45, "axis": "z", "origin": [0, 0, 0]},
			"faces": {
				"north": {"uv": [6.5, 8.5, 7, 9.5], "texture": "#0"},
				"east": {"uv": [6, 2, 7.25, 3], "texture": "#0"},
				"south": {"uv": [9, 2.5, 9.5, 3.5], "texture": "#0"},
				"west": {"uv": [6, 3, 7.25, 4], "texture": "#0"},
				"up": {"uv": [7.5, 9.25, 7, 8], "texture": "#0"},
				"down": {"uv": [8, 8, 7.5, 9.25], "texture": "#0"}
			}
		},
		{
			"from": [7.7, -6.4, 6.8],
			"to": [9.7, -5.4, 9.2],
			"rotation": {"angle": 45, "axis": "z", "origin": [0, 0, 0]},
			"faces": {
				"north": {"uv": [9, 1.5, 10, 2], "texture": "#0"},
				"east": {"uv": [8, 6.5, 9.25, 7], "texture": "#0"},
				"south": {"uv": [9, 3.5, 10, 4], "texture": "#0"},
				"west": {"uv": [8, 7, 9.25, 7.5], "texture": "#0"},
				"up": {"uv": [5, 7.25, 4, 6], "texture": "#0"},
				"down": {"uv": [7, 4, 6, 5.25], "texture": "#0"}
			}
		},
		{
			"from": [7.7, -3.4, 6.8],
			"to": [9.7, -2.4, 9.2],
			"rotation": {"angle": 45, "axis": "z", "origin": [0, 0, 0]},
			"faces": {
				"north": {"uv": [4.5, 9, 5.5, 9.5], "texture": "#0"},
				"east": {"uv": [8, 8, 9.25, 8.5], "texture": "#0"},
				"south": {"uv": [9, 4.5, 10, 5], "texture": "#0"},
				"west": {"uv": [8.5, 2, 9.75, 2.5], "texture": "#0"},
				"up": {"uv": [6, 7.25, 5, 6], "texture": "#0"},
				"down": {"uv": [7, 5.5, 6, 6.75], "texture": "#0"}
			}
		},
		{
			"from": [3.7, -11.4, 6.8],
			"to": [4.7, -9.4, 9.2],
			"rotation": {"angle": 45, "axis": "z", "origin": [0, 0, 0]},
			"faces": {
				"north": {"uv": [9.5, 2.5, 10, 3.5], "texture": "#0"},
				"east": {"uv": [7.5, 0, 8.75, 1], "texture": "#0"},
				"south": {"uv": [4.5, 9.5, 5, 10.5], "texture": "#0"},
				"west": {"uv": [7.5, 1, 8.75, 2], "texture": "#0"},
				"up": {"uv": [9, 5.75, 8.5, 4.5], "texture": "#0"},
				"down": {"uv": [6.5, 8.5, 6, 9.75], "texture": "#0"}
			}
		},
		{
			"from": [1.7, -9.4, 6.8],
			"to": [3.7, -8.4, 9.2],
			"rotation": {"angle": 45, "axis": "z", "origin": [0, 0, 0]},
			"faces": {
				"north": {"uv": [9, 8.5, 10, 9], "texture": "#0"},
				"east": {"uv": [8.5, 4, 9.75, 4.5], "texture": "#0"},
				"south": {"uv": [9, 9, 10, 9.5], "texture": "#0"},
				"west": {"uv": [4.5, 8.5, 5.75, 9], "texture": "#0"},
				"up": {"uv": [7, 8.25, 6, 7], "texture": "#0"},
				"down": {"uv": [8, 6, 7, 7.25], "texture": "#0"}
			}
		},
		{
			"from": [9.7, -5.4, 6.8],
			"to": [10.7, -3.4, 9.2],
			"rotation": {"angle": 45, "axis": "z", "origin": [0, 0, 0]},
			"faces": {
				"north": {"uv": [9, 5, 9.5, 6], "texture": "#0"},
				"east": {"uv": [7, 4, 8.25, 5], "texture": "#0"},
				"south": {"uv": [5.5, 9, 6, 10], "texture": "#0"},
				"west": {"uv": [7, 5, 8.25, 6], "texture": "#0"},
				"up": {"uv": [9, 3.75, 8.5, 2.5], "texture": "#0"},
				"down": {"uv": [4.5, 8.5, 4, 9.75], "texture": "#0"}
			}
		},
		{
			"from": [10.7, 2.6, 7],
			"to": [12.7, 3.6, 9],
			"rotation": {"angle": 0, "axis": "y", "origin": [0, -0.5, 0]},
			"faces": {
				"north": {"uv": [9.5, 5, 10.5, 5.5], "texture": "#0"},
				"east": {"uv": [9.5, 5.5, 10.5, 6], "texture": "#0"},
				"south": {"uv": [9.5, 6, 10.5, 6.5], "texture": "#0"},
				"west": {"uv": [6.5, 9.5, 7.5, 10], "texture": "#0"},
				"up": {"uv": [8.5, 3, 7.5, 2], "texture": "#0"},
				"down": {"uv": [8.5, 3, 7.5, 4], "texture": "#0"}
			}
		},
		{
			"from": [2.9, 2.2, 7.7],
			"to": [3.3, 3.2, 8.3],
			"rotation": {"angle": 0, "axis": "y", "origin": [18.5, -0.4, 0]},
			"faces": {
				"north": {"uv": [4.25, 10, 4, 10.5], "texture": "#0"},
				"east": {"uv": [5.25, 10, 5, 10.5], "texture": "#0"},
				"south": {"uv": [10.25, 4.5, 10, 5], "texture": "#0"},
				"west": {"uv": [10.25, 4, 10, 4.5], "texture": "#0"},
				"up": {"uv": [5.5, 10.25, 5.75, 10], "texture": "#0"},
				"down": {"uv": [6, 10, 6.25, 10.25], "texture": "#0"}
			}
		},
		{
			"from": [3.1, -4, 7.6],
			"to": [4.5, -3.4, 8.4],
			"rotation": {"angle": -22.5, "axis": "z", "origin": [18.5, -0.4, 0]},
			"faces": {
				"north": {"uv": [10.75, 1.5, 10, 1.75], "texture": "#0"},
				"east": {"uv": [10.5, 3.5, 10, 3.75], "texture": "#0"},
				"south": {"uv": [10.75, 2, 10, 2.25], "texture": "#0"},
				"west": {"uv": [10.5, 3, 10, 3.25], "texture": "#0"},
				"up": {"uv": [9.5, 10, 10.25, 9.5], "texture": "#0"},
				"down": {"uv": [10, 0, 10.75, 0.5], "texture": "#0"}
			}
		},
		{
			"from": [9.8, 11.2, 7.4],
			"to": [11.2, 11.8, 8.6],
			"rotation": {"angle": 45, "axis": "z", "origin": [18.5, -0.4, 0]},
			"faces": {
				"north": {"uv": [10.75, 0.5, 10, 0.75], "texture": "#0"},
				"east": {"uv": [10.5, 2.5, 10, 2.75], "texture": "#0"},
				"south": {"uv": [10.75, 1, 10, 1.25], "texture": "#0"},
				"west": {"uv": [5.5, 9.5, 5, 9.75], "texture": "#0"},
				"up": {"uv": [9.5, 8.5, 10.25, 8], "texture": "#0"},
				"down": {"uv": [8.5, 9.5, 9.25, 10], "texture": "#0"}
			}
		},
		{
			"from": [7, 7.3, 7.2],
			"to": [8.4, 8.1, 8.8],
			"rotation": {"angle": 22.5, "axis": "z", "origin": [18.5, -0.4, 0]},
			"faces": {
				"north": {"uv": [10.25, 6.5, 9.5, 7], "texture": "#0"},
				"east": {"uv": [10.25, 7.5, 9.5, 8], "texture": "#0"},
				"south": {"uv": [8.25, 9.5, 7.5, 10], "texture": "#0"},
				"west": {"uv": [10.25, 7, 9.5, 7.5], "texture": "#0"},
				"up": {"uv": [8, 9.25, 8.75, 8.5], "texture": "#0"},
				"down": {"uv": [9, 0, 9.75, 0.75], "texture": "#0"}
			}
		},
		{
			"from": [5.8, 2.6, 7],
			"to": [7.8, 3.6, 9],
			"rotation": {"angle": 0, "axis": "y", "origin": [18.5, -0.5, 0]},
			"faces": {
				"north": {"uv": [10.5, 5, 9.5, 5.5], "texture": "#0"},
				"east": {"uv": [7.5, 9.5, 6.5, 10], "texture": "#0"},
				"south": {"uv": [10.5, 6, 9.5, 6.5], "texture": "#0"},
				"west": {"uv": [10.5, 5.5, 9.5, 6], "texture": "#0"},
				"up": {"uv": [7.5, 3, 8.5, 2], "texture": "#0"},
				"down": {"uv": [7.5, 3, 8.5, 4], "texture": "#0"}
			}
		},
		{
			"from": [10.1, 7.3, 7.2],
			"to": [11.5, 8.1, 8.8],
			"rotation": {"angle": -22.5, "axis": "z", "origin": [0, -0.4, 0]},
			"faces": {
				"north": {"uv": [9.5, 6.5, 10.25, 7], "texture": "#0"},
				"east": {"uv": [9.5, 7, 10.25, 7.5], "texture": "#0"},
				"south": {"uv": [7.5, 9.5, 8.25, 10], "texture": "#0"},
				"west": {"uv": [9.5, 7.5, 10.25, 8], "texture": "#0"},
				"up": {"uv": [8.75, 9.25, 8, 8.5], "texture": "#0"},
				"down": {"uv": [9.75, 0, 9, 0.75], "texture": "#0"}
			}
		},
		{
			"from": [7.3, 11.2, 7.4],
			"to": [8.7, 11.8, 8.6],
			"rotation": {"angle": -45, "axis": "z", "origin": [0, -0.4, 0]},
			"faces": {
				"north": {"uv": [10, 0.5, 10.75, 0.75], "texture": "#0"},
				"east": {"uv": [5, 9.5, 5.5, 9.75], "texture": "#0"},
				"south": {"uv": [10, 1, 10.75, 1.25], "texture": "#0"},
				"west": {"uv": [10, 2.5, 10.5, 2.75], "texture": "#0"},
				"up": {"uv": [10.25, 8.5, 9.5, 8], "texture": "#0"},
				"down": {"uv": [9.25, 9.5, 8.5, 10], "texture": "#0"}
			}
		},
		{
			"from": [14, -4, 7.6],
			"to": [15.4, -3.4, 8.4],
			"rotation": {"angle": 22.5, "axis": "z", "origin": [0, -0.4, 0]},
			"faces": {
				"north": {"uv": [10, 1.5, 10.75, 1.75], "texture": "#0"},
				"east": {"uv": [10, 3, 10.5, 3.25], "texture": "#0"},
				"south": {"uv": [10, 2, 10.75, 2.25], "texture": "#0"},
				"west": {"uv": [10, 3.5, 10.5, 3.75], "texture": "#0"},
				"up": {"uv": [10.25, 10, 9.5, 9.5], "texture": "#0"},
				"down": {"uv": [10.75, 0, 10, 0.5], "texture": "#0"}
			}
		},
		{
			"from": [15.2, 2.2, 7.7],
			"to": [15.6, 3.2, 8.3],
			"rotation": {"angle": 0, "axis": "y", "origin": [0, -0.4, 0]},
			"faces": {
				"north": {"uv": [4, 10, 4.25, 10.5], "texture": "#0"},
				"east": {"uv": [10, 4, 10.25, 4.5], "texture": "#0"},
				"south": {"uv": [10, 4.5, 10.25, 5], "texture": "#0"},
				"west": {"uv": [5, 10, 5.25, 10.5], "texture": "#0"},
				"up": {"uv": [5.75, 10.25, 5.5, 10], "texture": "#0"},
				"down": {"uv": [6.25, 10, 6, 10.25], "texture": "#0"}
			}
		},
		{
			"from": [7.8, 1.4, 7.5],
			"to": [10.8, 4.6, 7.5],
			"faces": {
				"north": {"uv": [0, 0, 16, 16], "texture": "#1"},
				"east": {"uv": [0, 0, 0, 1], "texture": "#missing"},
				"south": {"uv": [0, 0, 16, 16], "texture": "#1"},
				"west": {"uv": [0, 0, 0, 1], "texture": "#missing"},
				"up": {"uv": [0, 0, 1, 0], "texture": "#missing"},
				"down": {"uv": [0, 0, 1, 0], "texture": "#missing"}
			}
		},
		{
			"from": [7.8, 1.4, 8.5],
			"to": [10.8, 4.6, 8.5],
			"rotation": {"angle": 0, "axis": "y", "origin": [0, 0, 16]},
			"faces": {
				"north": {"uv": [16, 0, 0, 16], "texture": "#1"},
				"east": {"uv": [0, 0, 0, 1], "texture": "#missing"},
				"south": {"uv": [16, 0, 0, 16], "texture": "#1"},
				"west": {"uv": [0, 0, 0, 1], "texture": "#missing"},
				"up": {"uv": [0, 0, 1, 0], "texture": "#missing"},
				"down": {"uv": [0, 0, 1, 0], "texture": "#missing"}
			}
		}
	],
	"display": {
		"thirdperson_righthand": {
			"rotation": [5.25, -90, 0],
			"translation": [0, 8, 0.75]
		},
		"thirdperson_lefthand": {
			"rotation": [5.25, -90, 0],
			"translation": [0, 8, 3.5]
		},
		"firstperson_righthand": {
			"rotation": [-4.25, 88, 1.99],
			"translation": [3.75, 2.75, 0]
		},
		"firstperson_lefthand": {
			"rotation": [-4.25, 88, 1.99],
			"translation": [1.25, 4, -0.75]
		},
		"ground": {
			"rotation": [64, 0, 0],
			"translation": [0, 2, 0]
		},
		"gui": {
			"rotation": [0, 0, -45.25],
			"translation": [-1.75, 0, 0],
			"scale": [1, 0.88867, 1]
		},
		"fixed": {
			"translation": [0, 0, -0.5]
		}
	}
}