{"textures":{"0":"modelengine:entity/death_knight"},"elements":[{"from":[6.503859,12.437258,-2.7753916],"to":[9.4961405,15.429539,0.21688938],"faces":{"east":{"uv":[9.1325,8.6325,9.3675,8.8675],"tintindex":0,"rotation":0,"texture":"#0"},"south":{"uv":[8.7575,9.1325,8.9925,9.3675],"tintindex":0,"rotation":0,"texture":"#0"},"north":{"uv":[6.8825,5.6325,7.1175,5.8675],"tintindex":0,"rotation":0,"texture":"#0"},"west":{"uv":[9.1325,9.0075,9.3675,9.2425],"tintindex":0,"rotation":0,"texture":"#0"},"up":{"uv":[9.4925,0.2425,9.2575,0.0075],"tintindex":0,"rotation":0,"texture":"#0"},"down":{"uv":[9.4925,1.5075,9.2575,1.7425],"tintindex":0,"rotation":0,"texture":"#0"}},"rotation":{"origin":[8.0,7.180006,9.301232],"angle":45.0,"axis":"x"}},{"from":[20.514013,9.3040695,5.1162033],"to":[22.758224,13.792492,7.3604145],"faces":{"east":{"uv":[8.8825,2.0075,9.0625,2.3675],"tintindex":0,"rotation":0,"texture":"#0"},"south":{"uv":[3.3825,8.8825,3.5625,9.2425],"tintindex":0,"rotation":0,"texture":"#0"},"north":{"uv":[8.8825,0.0075,9.0625,0.3675],"tintindex":0,"rotation":0,"texture":"#0"},"west":{"uv":[3.7575,8.8825,3.9375,9.2425],"tintindex":0,"rotation":0,"texture":"#0"},"up":{"uv":[9.8125,9.5625,9.6325,9.3825],"tintindex":0,"rotation":0,"texture":"#0"},"down":{"uv":[0.1875,9.7575,0.0075,9.9375],"tintindex":0,"rotation":0,"texture":"#0"}},"rotation":{"origin":[8.0,7.180006,9.301232],"angle":45.0,"axis":"z"}},{"from":[5.536708,13.279818,0.49035263],"to":[8.52899,17.02017,3.4826345],"faces":{"east":{"uv":[7.2575,8.5075,7.4925,8.8125],"tintindex":0,"rotation":0,"texture":"#0"},"south":{"uv":[7.6325,8.5075,7.8675,8.8125],"tintindex":0,"rotation":0,"texture":"#0"},"north":{"uv":[6.8825,8.5075,7.1175,8.8125],"tintindex":0,"rotation":0,"texture":"#0"},"west":{"uv":[8.6325,2.8825,8.8675,3.1875],"tintindex":0,"rotation":0,"texture":"#0"},"up":{"uv":[9.4925,2.1175,9.2575,1.8825],"tintindex":0,"rotation":0,"texture":"#0"},"down":{"uv":[3.2425,9.2575,3.0075,9.4925],"tintindex":0,"rotation":0,"texture":"#0"}},"rotation":{"origin":[8.0,7.180006,9.301232],"angle":-45.0,"axis":"y"}},{"from":[15.035543,10.983673,4.368133],"to":[21.020107,14.724026,8.108485],"faces":{"east":{"uv":[8.3825,4.1325,8.6875,4.4375],"tintindex":0,"rotation":0,"texture":"#0"},"south":{"uv":[7.2575,5.6325,7.7425,5.9375],"tintindex":0,"rotation":0,"texture":"#0"},"north":{"uv":[5.5075,7.2575,5.9925,7.5625],"tintindex":0,"rotation":0,"texture":"#0"},"west":{"uv":[4.3825,8.3825,4.6875,8.6875],"tintindex":0,"rotation":0,"texture":"#0"},"up":{"uv":[6.6175,7.5625,6.1325,7.2575],"tintindex":0,"rotation":0,"texture":"#0"},"down":{"uv":[7.7425,6.1325,7.2575,6.4375],"tintindex":0,"rotation":0,"texture":"#0"}},"rotation":{"origin":[8.0,7.180006,9.301232],"angle":22.5,"axis":"z"}},{"from":[5.755789,12.404198,-0.25223827],"to":[10.244211,16.89262,4.236184],"faces":{"east":{"uv":[0.5075,7.6325,0.8675,7.9925],"tintindex":0,"rotation":0,"texture":"#0"},"south":{"uv":[7.5075,7.6325,7.8675,7.9925],"tintindex":0,"rotation":0,"texture":"#0"},"north":{"uv":[5.0075,1.0075,5.3675,1.3675],"tintindex":0,"rotation":0,"texture":"#0"},"west":{"uv":[7.7575,0.0075,8.1175,0.3675],"tintindex":0,"rotation":0,"texture":"#0"},"up":{"uv":[5.7425,8.1175,5.3825,7.7575],"tintindex":0,"rotation":0,"texture":"#0"},"down":{"uv":[6.2425,7.7575,5.8825,8.1175],"tintindex":0,"rotation":0,"texture":"#0"}},"rotation":{"origin":[8.0,7.180006,9.301232],"angle":22.5,"axis":"x"}},{"from":[4.2596483,7.1293545,3.8981013],"to":[11.740352,13.113918,9.882664],"faces":{"east":{"uv":[0.7575,6.3825,1.2425,6.8675],"tintindex":0,"rotation":0,"texture":"#0"},"south":{"uv":[0.7575,5.7575,1.3675,6.2425],"tintindex":0,"rotation":0,"texture":"#0"},"north":{"uv":[5.7575,0.0075,6.3675,0.4925],"tintindex":0,"rotation":0,"texture":"#0"},"west":{"uv":[6.3825,2.3825,6.8675,2.8675],"tintindex":0,"rotation":0,"texture":"#0"},"up":{"uv":[0.6175,6.3675,0.0075,5.8825],"tintindex":0,"rotation":0,"texture":"#0"},"down":{"uv":[2.1175,6.0075,1.5075,6.4925],"tintindex":0,"rotation":0,"texture":"#0"}}},{"from":[8.0,16.912836,7.6313086],"to":[8.0,27.385822,21.096577],"faces":{"east":{"uv":[1.5075,0.0075,2.6175,0.8675],"tintindex":0,"rotation":0,"texture":"#0"},"west":{"uv":[2.6175,0.0075,1.5075,0.8675],"tintindex":0,"rotation":0,"texture":"#0"},"up":{"uv":[7.7375,10.9925,7.7425,9.8825],"tintindex":0,"rotation":0,"texture":"#0"}},"rotation":{"origin":[8.0,7.180006,9.301232],"angle":-22.5,"axis":"x"}},{"from":[1.1331134,7.6692505,1.8676867],"to":[3.3773246,12.157673,4.8599687],"faces":{"east":{"uv":[0.6175,8.5075,0.3825,8.8675],"tintindex":0,"rotation":0,"texture":"#0"},"south":{"uv":[9.0625,4.6325,8.8825,4.9925],"tintindex":0,"rotation":0,"texture":"#0"},"north":{"uv":[4.6875,8.8825,4.5075,9.2425],"tintindex":0,"rotation":0,"texture":"#0"},"west":{"uv":[0.2425,8.5075,0.0075,8.8675],"tintindex":0,"rotation":0,"texture":"#0"},"up":{"uv":[2.5075,9.6175,2.6875,9.3825],"tintindex":0,"rotation":0,"texture":"#0"},"down":{"uv":[3.3825,9.3825,3.5625,9.6175],"tintindex":0,"rotation":0,"texture":"#0"}},"rotation":{"origin":[8.0,7.180006,9.301232],"angle":-22.5,"axis":"z"}},{"from":[-5.0201063,10.983673,4.368133],"to":[0.96445656,14.724026,8.108485],"faces":{"east":{"uv":[4.6875,8.3825,4.3825,8.6875],"tintindex":0,"rotation":0,"texture":"#0"},"south":{"uv":[7.7425,5.6325,7.2575,5.9375],"tintindex":0,"rotation":0,"texture":"#0"},"north":{"uv":[5.9925,7.2575,5.5075,7.5625],"tintindex":0,"rotation":0,"texture":"#0"},"west":{"uv":[8.6875,4.1325,8.3825,4.4375],"tintindex":0,"rotation":0,"texture":"#0"},"up":{"uv":[6.1325,7.5625,6.6175,7.2575],"tintindex":0,"rotation":0,"texture":"#0"},"down":{"uv":[7.2575,6.1325,7.7425,6.4375],"tintindex":0,"rotation":0,"texture":"#0"}},"rotation":{"origin":[8.0,7.180006,9.301232],"angle":-22.5,"axis":"z"}},{"from":[-6.7582245,9.3040695,5.1162033],"to":[-4.5140133,13.792492,7.3604145],"faces":{"east":{"uv":[3.9375,8.8825,3.7575,9.2425],"tintindex":0,"rotation":0,"texture":"#0"},"south":{"uv":[3.5625,8.8825,3.3825,9.2425],"tintindex":0,"rotation":0,"texture":"#0"},"north":{"uv":[9.0625,0.0075,8.8825,0.3675],"tintindex":0,"rotation":0,"texture":"#0"},"west":{"uv":[9.0625,2.0075,8.8825,2.3675],"tintindex":0,"rotation":0,"texture":"#0"},"up":{"uv":[9.6325,9.5625,9.8125,9.3825],"tintindex":0,"rotation":0,"texture":"#0"},"down":{"uv":[0.0075,9.7575,0.1875,9.9375],"tintindex":0,"rotation":0,"texture":"#0"}},"rotation":{"origin":[8.0,7.180006,9.301232],"angle":-45.0,"axis":"z"}},{"from":[6.225877,8.437731,2.6157575],"to":[7.722018,12.926153,4.111898],"faces":{"east":{"uv":[4.6175,9.3825,4.5075,9.7425],"tintindex":0,"rotation":0,"texture":"#0"},"south":{"uv":[4.3675,9.3825,4.2575,9.7425],"tintindex":0,"rotation":0,"texture":"#0"},"north":{"uv":[3.8675,9.3825,3.7575,9.7425],"tintindex":0,"rotation":0,"texture":"#0"},"west":{"uv":[4.1175,9.3825,4.0075,9.7425],"tintindex":0,"rotation":0,"texture":"#0"},"up":{"uv":[9.8825,3.8675,9.9925,3.7575],"tintindex":0,"rotation":0,"texture":"#0"},"down":{"uv":[4.0075,9.8825,4.1175,9.9925],"tintindex":0,"rotation":0,"texture":"#0"}},"rotation":{"origin":[8.0,7.180006,9.301232],"angle":45.0,"axis":"z"}},{"from":[7.47101,13.279818,0.49035263],"to":[10.463292,17.02017,3.4826345],"faces":{"east":{"uv":[8.8675,2.8825,8.6325,3.1875],"tintindex":0,"rotation":0,"texture":"#0"},"south":{"uv":[7.8675,8.5075,7.6325,8.8125],"tintindex":0,"rotation":0,"texture":"#0"},"north":{"uv":[7.1175,8.5075,6.8825,8.8125],"tintindex":0,"rotation":0,"texture":"#0"},"west":{"uv":[7.4925,8.5075,7.2575,8.8125],"tintindex":0,"rotation":0,"texture":"#0"},"up":{"uv":[9.2575,2.1175,9.4925,1.8825],"tintindex":0,"rotation":0,"texture":"#0"},"down":{"uv":[3.0075,9.2575,3.2425,9.4925],"tintindex":0,"rotation":0,"texture":"#0"}},"rotation":{"origin":[8.0,7.180006,9.301232],"angle":45.0,"axis":"y"}},{"from":[8.277982,8.437731,2.6157575],"to":[9.774123,12.926153,4.111898],"faces":{"east":{"uv":[4.0075,9.3825,4.1175,9.7425],"tintindex":0,"rotation":0,"texture":"#0"},"south":{"uv":[4.2575,9.3825,4.3675,9.7425],"tintindex":0,"rotation":0,"texture":"#0"},"north":{"uv":[3.7575,9.3825,3.8675,9.7425],"tintindex":0,"rotation":0,"texture":"#0"},"west":{"uv":[4.5075,9.3825,4.6175,9.7425],"tintindex":0,"rotation":0,"texture":"#0"},"up":{"uv":[9.9925,3.8675,9.8825,3.7575],"tintindex":0,"rotation":0,"texture":"#0"},"down":{"uv":[4.1175,9.8825,4.0075,9.9925],"tintindex":0,"rotation":0,"texture":"#0"}},"rotation":{"origin":[8.0,7.180006,9.301232],"angle":-45.0,"axis":"z"}},{"from":[3.5115776,12.905783,1.3291893],"to":[12.488422,17.394205,4.321471],"faces":{"east":{"uv":[8.5075,0.3825,8.7425,0.7425],"tintindex":0,"rotation":0,"texture":"#0"},"south":{"uv":[6.3825,1.8825,7.1175,2.2425],"tintindex":0,"rotation":0,"texture":"#0"},"north":{"uv":[6.3825,1.3825,7.1175,1.7425],"tintindex":0,"rotation":0,"texture":"#0"},"west":{"uv":[0.7575,8.5075,0.9925,8.8675],"tintindex":0,"rotation":0,"texture":"#0"},"up":{"uv":[7.1175,3.2425,6.3825,3.0075],"tintindex":0,"rotation":0,"texture":"#0"},"down":{"uv":[7.4925,3.3825,6.7575,3.6175],"tintindex":0,"rotation":0,"texture":"#0"}}},{"from":[7.2519298,11.926622,4.5343833],"to":[8.748071,15.666975,6.030524],"faces":{"east":{"uv":[7.3825,9.3825,7.4925,9.6875],"tintindex":0,"rotation":0,"texture":"#0"},"south":{"uv":[9.3825,7.3825,9.4925,7.6875],"tintindex":0,"rotation":0,"texture":"#0"},"north":{"uv":[7.1325,9.3825,7.2425,9.6875],"tintindex":0,"rotation":0,"texture":"#0"},"west":{"uv":[7.6325,9.3825,7.7425,9.6875],"tintindex":0,"rotation":0,"texture":"#0"},"up":{"uv":[6.2425,8.3675,6.1325,8.2575],"tintindex":0,"rotation":0,"texture":"#0"},"down":{"uv":[3.8675,9.8825,3.7575,9.9925],"tintindex":0,"rotation":0,"texture":"#0"}},"rotation":{"origin":[8.0,7.180006,9.301232],"angle":-22.5,"axis":"x"}},{"from":[12.622675,7.6692505,1.8676867],"to":[14.866886,12.157673,4.8599687],"faces":{"east":{"uv":[0.0075,8.5075,0.2425,8.8675],"tintindex":0,"rotation":0,"texture":"#0"},"south":{"uv":[8.8825,4.6325,9.0625,4.9925],"tintindex":0,"rotation":0,"texture":"#0"},"north":{"uv":[4.5075,8.8825,4.6875,9.2425],"tintindex":0,"rotation":0,"texture":"#0"},"west":{"uv":[0.3825,8.5075,0.6175,8.8675],"tintindex":0,"rotation":0,"texture":"#0"},"up":{"uv":[2.6875,9.6175,2.5075,9.3825],"tintindex":0,"rotation":0,"texture":"#0"},"down":{"uv":[3.5625,9.3825,3.3825,9.6175],"tintindex":0,"rotation":0,"texture":"#0"}},"rotation":{"origin":[8.0,7.180006,9.301232],"angle":22.5,"axis":"z"}},{"from":[2.7635074,11.863815,5.9009385],"to":[13.236492,17.848377,13.381642],"faces":{"east":{"uv":[3.6325,5.6325,4.2425,6.1175],"tintindex":0,"rotation":0,"texture":"#0"},"south":{"uv":[2.6325,5.3825,3.4925,5.8675],"tintindex":0,"rotation":0,"texture":"#0"},"north":{"uv":[1.6325,5.3825,2.4925,5.8675],"tintindex":0,"rotation":0,"texture":"#0"},"west":{"uv":[4.3825,5.6325,4.9925,6.1175],"tintindex":0,"rotation":0,"texture":"#0"},"up":{"uv":[4.8675,0.6175,4.0075,0.0075],"tintindex":0,"rotation":0,"texture":"#0"},"down":{"uv":[4.8675,0.7575,4.0075,1.3675],"tintindex":0,"rotation":0,"texture":"#0"}},"rotation":{"origin":[8.0,7.180006,9.301232],"angle":-22.5,"axis":"x"}}],"display":{"gui":{"rotation":[30,225,0]}}}