{"textures":{"0":"modelengine:entity/death_knight"},"elements":[{"from":[0.36745405,0.9908204,5.8886747],"to":[5.6039467,3.9831023,11.125168],"faces":{"east":{"uv":[4.8825,8.2575,5.3125,8.4925],"tintindex":0,"rotation":0,"texture":"#0"},"south":{"uv":[5.5075,8.2575,5.9375,8.4925],"tintindex":0,"rotation":0,"texture":"#0"},"north":{"uv":[8.2575,2.5075,8.6875,2.7425],"tintindex":0,"rotation":0,"texture":"#0"},"west":{"uv":[8.0075,8.2575,8.4375,8.4925],"tintindex":0,"rotation":0,"texture":"#0"},"up":{"uv":[7.0625,6.4375,6.6325,6.0075],"tintindex":0,"rotation":0,"texture":"#0"},"down":{"uv":[6.5625,6.6325,6.1325,7.0625],"tintindex":0,"rotation":0,"texture":"#0"}},"rotation":{"origin":[-5.50568,17.722172,8.606035],"angle":22.5,"axis":"z"}}],"display":{"gui":{"rotation":[30,225,0]}}}