{"textures":{"0":"modelengine:entity/death_knight"},"elements":[{"from":[10.170734,13.915611,7.064912],"to":[14.659157,15.785788,8.935088],"faces":{"east":{"uv":[9.6325,9.7575,9.8125,9.9375],"tintindex":0,"rotation":0,"texture":"#0"},"south":{"uv":[9.1325,3.6325,9.4925,3.8125],"tintindex":0,"rotation":0,"texture":"#0"},"north":{"uv":[9.1325,1.1325,9.4925,1.3125],"tintindex":0,"rotation":0,"texture":"#0"},"west":{"uv":[0.3825,9.8825,0.5625,10.0625],"tintindex":0,"rotation":0,"texture":"#0"},"up":{"uv":[5.2425,9.3125,4.8825,9.1325],"tintindex":0,"rotation":0,"texture":"#0"},"down":{"uv":[5.7425,9.1325,5.3825,9.3125],"tintindex":0,"rotation":0,"texture":"#0"}},"rotation":{"origin":[-7.8088665,18.947052,6.4533587],"angle":-22.5,"axis":"z"}},{"from":[4.530058,-2.7383232,7.438947],"to":[5.6521635,1.0020285,8.561052],"faces":{"east":{"uv":[7.8825,9.6325,7.9925,9.9375],"tintindex":0,"rotation":0,"texture":"#0"},"south":{"uv":[8.1325,9.6325,8.2425,9.9375],"tintindex":0,"rotation":0,"texture":"#0"},"north":{"uv":[9.6325,7.6325,9.7425,7.9375],"tintindex":0,"rotation":0,"texture":"#0"},"west":{"uv":[8.3825,9.6325,8.4925,9.9375],"tintindex":0,"rotation":0,"texture":"#0"},"up":{"uv":[9.9925,7.3675,9.8825,7.2575],"tintindex":0,"rotation":0,"texture":"#0"},"down":{"uv":[7.6175,9.8825,7.5075,9.9925],"tintindex":0,"rotation":0,"texture":"#0"}},"rotation":{"origin":[-7.8088665,18.947052,6.4533587],"angle":22.5,"axis":"z"}}],"display":{"gui":{"rotation":[30,225,0]}}}