{"textures":{"0":"modelengine:entity/death_knight"},"elements":[{"from":[9.439737,13.849297,6.7102504],"to":[12.432019,18.337719,9.702532],"faces":{"east":{"uv":[6.1325,8.5075,6.3675,8.8675],"tintindex":0,"rotation":0,"texture":"#0"},"south":{"uv":[6.5075,8.5075,6.7425,8.8675],"tintindex":0,"rotation":0,"texture":"#0"},"north":{"uv":[2.6325,8.5075,2.8675,8.8675],"tintindex":0,"rotation":0,"texture":"#0"},"west":{"uv":[8.5075,6.6325,8.7425,6.9925],"tintindex":0,"rotation":0,"texture":"#0"},"up":{"uv":[8.2425,9.4925,8.0075,9.2575],"tintindex":0,"rotation":0,"texture":"#0"},"down":{"uv":[0.2425,9.3825,0.0075,9.6175],"tintindex":0,"rotation":0,"texture":"#0"}}},{"from":[5.7625885,8.812107,5.2141094],"to":[13.243293,11.804388,11.198673],"faces":{"east":{"uv":[1.1325,8.1325,1.6175,8.3675],"tintindex":0,"rotation":0,"texture":"#0"},"south":{"uv":[4.1325,7.5075,4.7425,7.7425],"tintindex":0,"rotation":0,"texture":"#0"},"north":{"uv":[3.3825,7.5075,3.9925,7.7425],"tintindex":0,"rotation":0,"texture":"#0"},"west":{"uv":[1.7575,8.1325,2.2425,8.3675],"tintindex":0,"rotation":0,"texture":"#0"},"up":{"uv":[6.7425,5.8675,6.1325,5.3825],"tintindex":0,"rotation":0,"texture":"#0"},"down":{"uv":[4.2425,6.2575,3.6325,6.7425],"tintindex":0,"rotation":0,"texture":"#0"}}},{"from":[7.369764,9.978109,5.1767063],"to":[14.850468,12.970392,11.236076],"faces":{"east":{"uv":[8.0075,7.8825,8.4925,8.1175],"tintindex":0,"rotation":0,"texture":"#0"},"south":{"uv":[7.5075,2.6325,8.1175,2.8675],"tintindex":0,"rotation":0,"texture":"#0"},"north":{"uv":[7.5075,2.2575,8.1175,2.4925],"tintindex":0,"rotation":0,"texture":"#0"},"west":{"uv":[0.5075,8.1325,0.9925,8.3675],"tintindex":0,"rotation":0,"texture":"#0"},"up":{"uv":[6.7425,4.6175,6.1325,4.1325],"tintindex":0,"rotation":0,"texture":"#0"},"down":{"uv":[6.7425,4.7575,6.1325,5.2425],"tintindex":0,"rotation":0,"texture":"#0"}},"rotation":{"origin":[2.1186352,8.157619,8.366335],"angle":-22.5,"axis":"z"}},{"from":[5.499588,13.344427,5.96218],"to":[9.98801,17.83285,10.450603],"faces":{"east":{"uv":[8.0075,0.5075,8.3675,0.8675],"tintindex":0,"rotation":0,"texture":"#0"},"south":{"uv":[2.5075,8.0075,2.8675,8.3675],"tintindex":0,"rotation":0,"texture":"#0"},"north":{"uv":[0.0075,8.0075,0.3675,8.3675],"tintindex":0,"rotation":0,"texture":"#0"},"west":{"uv":[6.3825,8.0075,6.7425,8.3675],"tintindex":0,"rotation":0,"texture":"#0"},"up":{"uv":[8.3675,6.9925,8.0075,6.6325],"tintindex":0,"rotation":0,"texture":"#0"},"down":{"uv":[7.2425,8.0075,6.8825,8.3675],"tintindex":0,"rotation":0,"texture":"#0"}},"rotation":{"origin":[2.1186352,8.157619,8.366335],"angle":-22.5,"axis":"z"}},{"from":[14.326762,8.724039,7.4583206],"to":[15.822904,13.212461,8.954462],"faces":{"east":{"uv":[6.3825,9.3825,6.4925,9.7425],"tintindex":0,"rotation":0,"texture":"#0"},"south":{"uv":[6.6325,9.3825,6.7425,9.7425],"tintindex":0,"rotation":0,"texture":"#0"},"north":{"uv":[9.3825,6.1325,9.4925,6.4925],"tintindex":0,"rotation":0,"texture":"#0"},"west":{"uv":[6.8825,9.3825,6.9925,9.7425],"tintindex":0,"rotation":0,"texture":"#0"},"up":{"uv":[6.1175,9.9925,6.0075,9.8825],"tintindex":0,"rotation":0,"texture":"#0"},"down":{"uv":[9.9925,6.0075,9.8825,6.1175],"tintindex":0,"rotation":0,"texture":"#0"}},"rotation":{"origin":[2.1186352,8.157619,8.366335],"angle":45.0,"axis":"z"}},{"from":[4.640831,-3.1209726,6.0230093],"to":[9.129253,2.8635902,10.511432],"faces":{"east":{"uv":[6.8825,4.3825,7.2425,4.8675],"tintindex":0,"rotation":0,"texture":"#0"},"south":{"uv":[6.8825,5.0075,7.2425,5.4925],"tintindex":0,"rotation":0,"texture":"#0"},"north":{"uv":[3.8825,6.8825,4.2425,7.3675],"tintindex":0,"rotation":0,"texture":"#0"},"west":{"uv":[0.5075,7.0075,0.8675,7.4925],"tintindex":0,"rotation":0,"texture":"#0"},"up":{"uv":[8.2425,5.9925,7.8825,5.6325],"tintindex":0,"rotation":0,"texture":"#0"},"down":{"uv":[8.2425,6.1325,7.8825,6.4925],"tintindex":0,"rotation":0,"texture":"#0"}},"rotation":{"origin":[2.1186352,8.157619,8.366335],"angle":45.0,"axis":"z"}}],"display":{"gui":{"rotation":[30,225,0]}}}