{"textures":{"0":"modelengine:entity/death_knight"},"elements":[{"from":[2.7635074,-0.4099331,4.4530334],"to":[13.236492,10.063053,11.933737],"faces":{"east":{"uv":[4.0075,1.5075,4.6175,2.3675],"tintindex":0,"rotation":0,"texture":"#0"},"south":{"uv":[1.5075,2.8825,2.3675,3.7425],"tintindex":0,"rotation":0,"texture":"#0"},"north":{"uv":[2.7575,2.6325,3.6175,3.4925],"tintindex":0,"rotation":0,"texture":"#0"},"west":{"uv":[4.5075,3.6325,5.1175,4.4925],"tintindex":0,"rotation":0,"texture":"#0"},"up":{"uv":[2.7425,5.2425,1.8825,4.6325],"tintindex":0,"rotation":0,"texture":"#0"},"down":{"uv":[3.7425,4.6325,2.8825,5.2425],"tintindex":0,"rotation":0,"texture":"#0"}}},{"from":[4.2596483,-1.9060736,4.4530334],"to":[11.740352,-0.4099331,11.933737],"faces":{"east":{"uv":[8.6325,7.8825,9.2425,7.9925],"tintindex":0,"rotation":0,"texture":"#0"},"south":{"uv":[8.0075,8.6325,8.6175,8.7425],"tintindex":0,"rotation":0,"texture":"#0"},"north":{"uv":[8.6325,7.6325,9.2425,7.7425],"tintindex":0,"rotation":0,"texture":"#0"},"west":{"uv":[8.6325,8.1325,9.2425,8.2425],"tintindex":0,"rotation":0,"texture":"#0"},"up":{"uv":[5.9925,5.1175,5.3825,4.5075],"tintindex":0,"rotation":0,"texture":"#0"},"down":{"uv":[5.9925,5.2575,5.3825,5.8675],"tintindex":0,"rotation":0,"texture":"#0"}}},{"from":[6.129824,1.8342781,4.078998],"to":[9.870176,3.3304195,12.307773],"faces":{"east":{"uv":[8.3825,1.7575,9.0625,1.8675],"tintindex":0,"rotation":0,"texture":"#0"},"south":{"uv":[9.6325,0.0075,9.9375,0.1175],"tintindex":0,"rotation":0,"texture":"#0"},"north":{"uv":[7.3825,5.3825,7.6875,5.4925],"tintindex":0,"rotation":0,"texture":"#0"},"west":{"uv":[8.3825,3.3825,9.0625,3.4925],"tintindex":0,"rotation":0,"texture":"#0"},"up":{"uv":[2.6875,7.3125,2.3825,6.6325],"tintindex":0,"rotation":0,"texture":"#0"},"down":{"uv":[5.3125,6.6325,5.0075,7.3125],"tintindex":0,"rotation":0,"texture":"#0"}}},{"from":[2.389472,-1.1580029,4.078998],"to":[6.129824,4.82656,12.307773],"faces":{"east":{"uv":[6.1875,1.6325,5.5075,2.1175],"tintindex":0,"rotation":0,"texture":"#0"},"south":{"uv":[7.3125,2.3825,7.0075,2.8675],"tintindex":0,"rotation":0,"texture":"#0"},"north":{"uv":[7.3125,0.6325,7.0075,1.1175],"tintindex":0,"rotation":0,"texture":"#0"},"west":{"uv":[6.1875,1.0075,5.5075,1.4925],"tintindex":0,"rotation":0,"texture":"#0"},"up":{"uv":[1.0075,3.6875,1.3125,3.0075],"tintindex":0,"rotation":0,"texture":"#0"},"down":{"uv":[0.0075,6.5075,0.3125,7.1875],"tintindex":0,"rotation":0,"texture":"#0"}}},{"from":[9.870176,-1.1580029,4.078998],"to":[13.610528,4.82656,12.307773],"faces":{"east":{"uv":[5.5075,1.0075,6.1875,1.4925],"tintindex":0,"rotation":0,"texture":"#0"},"south":{"uv":[7.0075,2.3825,7.3125,2.8675],"tintindex":0,"rotation":0,"texture":"#0"},"north":{"uv":[7.0075,0.6325,7.3125,1.1175],"tintindex":0,"rotation":0,"texture":"#0"},"west":{"uv":[5.5075,1.6325,6.1875,2.1175],"tintindex":0,"rotation":0,"texture":"#0"},"up":{"uv":[1.3125,3.6875,1.0075,3.0075],"tintindex":0,"rotation":0,"texture":"#0"},"down":{"uv":[0.3125,6.5075,0.0075,7.1875],"tintindex":0,"rotation":0,"texture":"#0"}}},{"from":[-0.22877407,-7.648238,8.533073],"to":[16.228775,8.809311,8.533073],"faces":{"south":{"uv":[1.3675,0.0075,0.0075,1.3675],"tintindex":0,"rotation":0,"texture":"#0"},"north":{"uv":[0.0075,0.0075,1.3675,1.3675],"tintindex":0,"rotation":0,"texture":"#0"},"west":{"uv":[4.7375,10.0075,4.7425,11.3675],"tintindex":0,"rotation":0,"texture":"#0"},"up":{"uv":[11.3675,2.4875,10.0075,2.4925],"tintindex":0,"rotation":0,"texture":"#0"},"down":{"uv":[11.3675,2.6125,10.0075,2.6175],"tintindex":0,"rotation":0,"texture":"#0"}}}],"display":{"gui":{"rotation":[30,225,0]}}}