{"textures":{"0":"modelengine:entity/death_knight"},"elements":[{"from":[7.064912,5.5673013,11.975956],"to":[8.935088,9.307653,13.846132],"faces":{"east":{"uv":[9.7425,4.2575,9.6325,4.5625],"tintindex":0,"rotation":0,"texture":"#0"},"south":{"uv":[1.3125,9.3825,1.1325,9.6875],"tintindex":0,"rotation":0,"texture":"#0"},"north":{"uv":[0.9375,9.3825,0.7575,9.6875],"tintindex":0,"rotation":0,"texture":"#0"},"west":{"uv":[9.7425,3.7575,9.6325,4.0625],"tintindex":0,"rotation":0,"texture":"#0"},"up":{"uv":[9.8825,2.2425,10.0625,2.1325],"tintindex":0,"rotation":0,"texture":"#0"},"down":{"uv":[9.8825,3.1325,10.0625,3.2425],"tintindex":0,"rotation":0,"texture":"#0"}},"rotation":{"origin":[20.511322,20.495628,9.8802595],"angle":22.5,"axis":"x"}},{"from":[7.4389467,5.4134264,0.91700697],"to":[8.561052,8.405708,2.039112],"faces":{"east":{"uv":[1.3675,9.8825,1.2575,10.1175],"tintindex":0,"rotation":0,"texture":"#0"},"south":{"uv":[9.9925,1.0075,9.8825,1.2425],"tintindex":0,"rotation":0,"texture":"#0"},"north":{"uv":[0.8675,9.8825,0.7575,10.1175],"tintindex":0,"rotation":0,"texture":"#0"},"west":{"uv":[1.1175,9.8825,1.0075,10.1175],"tintindex":0,"rotation":0,"texture":"#0"},"up":{"uv":[6.7575,9.9925,6.8675,9.8825],"tintindex":0,"rotation":0,"texture":"#0"},"down":{"uv":[7.0075,9.8825,7.1175,9.9925],"tintindex":0,"rotation":0,"texture":"#0"}},"rotation":{"origin":[20.511322,20.495628,9.8802595],"angle":-22.5,"axis":"x"}}],"display":{"gui":{"rotation":[30,225,0]}}}