{"textures":{"0":"modelengine:entity/death_knight"},"elements":[{"from":[10.396053,0.9908204,5.8886747],"to":[15.632545,3.9831023,11.125168],"faces":{"east":{"uv":[8.4375,8.2575,8.0075,8.4925],"tintindex":0,"rotation":0,"texture":"#0"},"south":{"uv":[5.9375,8.2575,5.5075,8.4925],"tintindex":0,"rotation":0,"texture":"#0"},"north":{"uv":[8.6875,2.5075,8.2575,2.7425],"tintindex":0,"rotation":0,"texture":"#0"},"west":{"uv":[5.3125,8.2575,4.8825,8.4925],"tintindex":0,"rotation":0,"texture":"#0"},"up":{"uv":[6.6325,6.4375,7.0625,6.0075],"tintindex":0,"rotation":0,"texture":"#0"},"down":{"uv":[6.1325,6.6325,6.5625,7.0625],"tintindex":0,"rotation":0,"texture":"#0"}},"rotation":{"origin":[21.50568,17.722172,8.606035],"angle":-22.5,"axis":"z"}}],"display":{"gui":{"rotation":[30,225,0]}}}