{"textures":{"0":"modelengine:entity/death_knight"},"elements":[{"from":[8.681408,-1.2735233,6.562341],"to":[12.421761,4.7110405,10.302693],"faces":{"east":{"uv":[2.3125,7.5075,2.0075,7.9925],"tintindex":0,"rotation":0,"texture":"#0"},"south":{"uv":[1.8125,7.5075,1.5075,7.9925],"tintindex":0,"rotation":0,"texture":"#0"},"north":{"uv":[7.8125,0.5075,7.5075,0.9925],"tintindex":0,"rotation":0,"texture":"#0"},"west":{"uv":[1.3125,7.5075,1.0075,7.9925],"tintindex":0,"rotation":0,"texture":"#0"},"up":{"uv":[8.3825,5.9375,8.6875,5.6325],"tintindex":0,"rotation":0,"texture":"#0"},"down":{"uv":[8.3825,6.1325,8.6875,6.4375],"tintindex":0,"rotation":0,"texture":"#0"}},"rotation":{"origin":[19.099056,12.482101,8.512091],"angle":-22.5,"axis":"z"}},{"from":[2.8051434,-2.3211927,8.412977],"to":[8.789706,5.1595116,8.412977],"faces":{"south":{"uv":[1.8825,3.8825,2.3675,4.4925],"tintindex":0,"rotation":0,"texture":"#0"},"north":{"uv":[2.3675,3.8825,1.8825,4.4925],"tintindex":0,"rotation":0,"texture":"#0"},"up":{"uv":[4.0075,2.4875,4.4925,2.4925],"tintindex":0,"rotation":0,"texture":"#0"}},"rotation":{"origin":[19.099056,12.482101,8.512091],"angle":-22.5,"axis":"z"}}],"display":{"gui":{"rotation":[30,225,0]}}}