{"textures":{"0":"modelengine:entity/death_knight"},"elements":[{"from":[0.89333105,7.4541464,1.1968861],"to":[7.2519298,17.179062,10.921802],"faces":{"east":{"uv":[3.3125,3.6325,2.5075,4.4375],"tintindex":0,"rotation":0,"texture":"#0"},"south":{"uv":[5.1875,4.6325,4.6325,5.4375],"tintindex":0,"rotation":0,"texture":"#0"},"north":{"uv":[4.4375,4.6325,3.8825,5.4375],"tintindex":0,"rotation":0,"texture":"#0"},"west":{"uv":[0.8125,3.0075,0.0075,3.8125],"tintindex":0,"rotation":0,"texture":"#0"},"up":{"uv":[0.8825,5.5625,1.4375,4.7575],"tintindex":0,"rotation":0,"texture":"#0"},"down":{"uv":[4.7575,1.5075,5.3125,2.3125],"tintindex":0,"rotation":0,"texture":"#0"}},"rotation":{"origin":[8.0,15.041585,6.0807896],"angle":-22.5,"axis":"x"}},{"from":[4.2596483,7.141447,11.808621],"to":[11.740352,10.133729,13.304762],"faces":{"east":{"uv":[9.8825,1.3825,9.9925,1.6175],"tintindex":0,"rotation":0,"texture":"#0"},"south":{"uv":[6.7575,7.6325,7.3675,7.8675],"tintindex":0,"rotation":0,"texture":"#0"},"north":{"uv":[7.6325,3.3825,8.2425,3.6175],"tintindex":0,"rotation":0,"texture":"#0"},"west":{"uv":[9.8825,1.7575,9.9925,1.9925],"tintindex":0,"rotation":0,"texture":"#0"},"up":{"uv":[9.2425,8.4925,8.6325,8.3825],"tintindex":0,"rotation":0,"texture":"#0"},"down":{"uv":[9.3675,0.8825,8.7575,0.9925],"tintindex":0,"rotation":0,"texture":"#0"}}},{"from":[1.2673664,7.828182,1.5709214],"to":[14.732634,16.805027,10.547766],"faces":{"east":{"uv":[1.0075,3.8825,1.7425,4.6175],"tintindex":0,"rotation":0,"texture":"#0"},"south":{"uv":[2.7575,0.0075,3.8675,0.7425],"tintindex":0,"rotation":0,"texture":"#0"},"north":{"uv":[1.5075,2.0075,2.6175,2.7425],"tintindex":0,"rotation":0,"texture":"#0"},"west":{"uv":[0.0075,4.0075,0.7425,4.7425],"tintindex":0,"rotation":0,"texture":"#0"},"up":{"uv":[3.8675,1.6175,2.7575,0.8825],"tintindex":0,"rotation":0,"texture":"#0"},"down":{"uv":[3.8675,1.7575,2.7575,2.4925],"tintindex":0,"rotation":0,"texture":"#0"}},"rotation":{"origin":[8.0,15.041585,6.0807896],"angle":-22.5,"axis":"x"}},{"from":[7.2519298,7.4541464,8.67759],"to":[8.748071,14.18678,10.921802],"faces":{"east":{"uv":[3.0075,8.0075,3.1875,8.5625],"tintindex":0,"rotation":0,"texture":"#0"},"south":{"uv":[8.5075,8.8825,8.6175,9.4375],"tintindex":0,"rotation":0,"texture":"#0"},"north":{"uv":[2.5075,2.8825,2.6175,3.4375],"tintindex":0,"rotation":0,"texture":"#0"},"west":{"uv":[8.3825,1.0075,8.5625,1.5625],"tintindex":0,"rotation":0,"texture":"#0"},"up":{"uv":[2.3675,10.0625,2.2575,9.8825],"tintindex":0,"rotation":0,"texture":"#0"},"down":{"uv":[9.9925,3.3825,9.8825,3.5625],"tintindex":0,"rotation":0,"texture":"#0"}},"rotation":{"origin":[8.0,15.041585,6.0807896],"angle":-22.5,"axis":"x"}},{"from":[8.748071,7.4541464,1.1968861],"to":[15.106668,17.179062,10.921802],"faces":{"east":{"uv":[0.0075,3.0075,0.8125,3.8125],"tintindex":0,"rotation":0,"texture":"#0"},"south":{"uv":[4.6325,4.6325,5.1875,5.4375],"tintindex":0,"rotation":0,"texture":"#0"},"north":{"uv":[3.8825,4.6325,4.4375,5.4375],"tintindex":0,"rotation":0,"texture":"#0"},"west":{"uv":[2.5075,3.6325,3.3125,4.4375],"tintindex":0,"rotation":0,"texture":"#0"},"up":{"uv":[1.4375,5.5625,0.8825,4.7575],"tintindex":0,"rotation":0,"texture":"#0"},"down":{"uv":[5.3125,1.5075,4.7575,2.3125],"tintindex":0,"rotation":0,"texture":"#0"}},"rotation":{"origin":[8.0,15.041585,6.0807896],"angle":-22.5,"axis":"x"}}],"display":{"gui":{"rotation":[30,225,0]}}}