{"textures":{"0":"modelengine:entity/phoenix_darkflame"},"elements":[{"from":[7.0,3.9060197,5.28479],"to":[9.0,8.90602,7.28479],"faces":{"east":{"uv":[4.3125,7.5,4.1875,7.8125],"tintindex":0,"rotation":0,"texture":"#0"},"south":{"uv":[7.625,4.125,7.5,4.4375],"tintindex":0,"rotation":0,"texture":"#0"},"north":{"uv":[5.4375,6.8125,5.3125,7.125],"tintindex":0,"rotation":0,"texture":"#0"},"west":{"uv":[5.9375,7.375,5.8125,7.6875],"tintindex":0,"rotation":0,"texture":"#0"},"up":{"uv":[5.0,7.9375,5.125,7.8125],"tintindex":0,"rotation":0,"texture":"#0"},"down":{"uv":[5.1875,7.8125,5.3125,7.9375],"tintindex":0,"rotation":0,"texture":"#0"}},"rotation":{"origin":[25.458103,12.915702,8.648781],"angle":-22.5,"axis":"x"}}],"display":{"gui":{"rotation":[30,225,0]}}}