{"textures":{"0":"modelengine:entity/horse_pegasus"},"elements":[{"from":[4.4,-3.1000004,4.799999],"to":[10.4,8.9,10.799999],"faces":{"east":{"uv":[6.125,6.25,6.5,7.0],"tintindex":0,"rotation":0,"texture":"#0"},"south":{"uv":[0.0,6.3125,0.375,7.0625],"tintindex":0,"rotation":0,"texture":"#0"},"north":{"uv":[5.6875,6.25,6.0625,7.0],"tintindex":0,"rotation":0,"texture":"#0"},"west":{"uv":[0.4375,6.3125,0.8125,7.0625],"tintindex":0,"rotation":0,"texture":"#0"},"up":{"uv":[4.0625,7.9375,3.6875,7.5625],"tintindex":0,"rotation":0,"texture":"#0"},"down":{"uv":[5.1875,7.5625,4.8125,7.9375],"tintindex":0,"rotation":0,"texture":"#0"}}}],"display":{"gui":{"rotation":[30,225,0]}}}