{"textures":{"0":"modelengine:entity/horse_pegasus"},"elements":[{"from":[2.0,4.6980343,-0.8266411],"to":[14.0,16.698034,13.173359],"faces":{"east":{"uv":[4.375,2.125,5.25,2.875],"tintindex":0,"rotation":0,"texture":"#0"},"south":{"uv":[4.4375,5.4375,5.1875,6.1875],"tintindex":0,"rotation":0,"texture":"#0"},"north":{"uv":[3.625,5.4375,4.375,6.1875],"tintindex":0,"rotation":0,"texture":"#0"},"west":{"uv":[4.6875,2.9375,5.5625,3.6875],"tintindex":0,"rotation":0,"texture":"#0"},"up":{"uv":[5.9375,0.875,5.1875,0.0],"tintindex":0,"rotation":0,"texture":"#0"},"down":{"uv":[5.9375,0.9375,5.1875,1.8125],"tintindex":0,"rotation":0,"texture":"#0"}}}],"display":{"gui":{"rotation":[30,225,0]}}}