{"textures":{"0":"modelengine:entity/horse_unicorn"},"elements":[{"from":[6.0,-1.5,6.0],"to":[10.0,8.5,10.0],"faces":{"east":{"uv":[8.375,10.875,8.875,12.125],"tintindex":0,"rotation":0,"texture":"#0"},"south":{"uv":[9.0,10.875,9.5,12.125],"tintindex":0,"rotation":0,"texture":"#0"},"north":{"uv":[6.5,10.875,7.0,12.125],"tintindex":0,"rotation":0,"texture":"#0"},"west":{"uv":[10.875,10.75,11.375,12.0],"tintindex":0,"rotation":0,"texture":"#0"},"up":{"uv":[12.75,13.375,12.25,12.875],"tintindex":0,"rotation":0,"texture":"#0"},"down":{"uv":[13.375,12.875,12.875,13.375],"tintindex":0,"rotation":0,"texture":"#0"}}},{"from":[5.0,-3.5,5.0000005],"to":[11.0,-1.5,11.0],"faces":{"east":{"uv":[13.25,9.125,14.0,9.375],"tintindex":0,"rotation":0,"texture":"#0"},"south":{"uv":[13.375,0.0,14.125,0.25],"tintindex":0,"rotation":0,"texture":"#0"},"north":{"uv":[13.25,8.75,14.0,9.0],"tintindex":0,"rotation":0,"texture":"#0"},"west":{"uv":[13.375,0.375,14.125,0.625],"tintindex":0,"rotation":0,"texture":"#0"},"up":{"uv":[12.5,0.75,11.75,0.0],"tintindex":0,"rotation":0,"texture":"#0"},"down":{"uv":[12.5,4.5,11.75,5.25],"tintindex":0,"rotation":0,"texture":"#0"}}}],"display":{"gui":{"rotation":[30,225,0]}}}