{"textures":{"0":"modelengine:entity/horse_unicorn"},"elements":[{"from":[5.14375,13.113373,9.251654],"to":[10.14375,19.113373,17.251656],"faces":{"east":{"uv":[6.75,5.75,7.75,6.5],"tintindex":0,"rotation":0,"texture":"#0"},"south":{"uv":[12.25,7.0,12.875,7.75],"tintindex":0,"rotation":0,"texture":"#0"},"north":{"uv":[6.125,12.25,6.75,13.0],"tintindex":0,"rotation":0,"texture":"#0"},"west":{"uv":[9.875,0.0,10.875,0.75],"tintindex":0,"rotation":0,"texture":"#0"},"up":{"uv":[9.25,5.625,8.625,4.625],"tintindex":0,"rotation":0,"texture":"#0"},"down":{"uv":[10.75,10.75,10.125,11.75],"tintindex":0,"rotation":0,"texture":"#0"}},"rotation":{"origin":[13.11875,14.064144,-0.24849606],"angle":45.0,"axis":"x"}}],"display":{"gui":{"rotation":[30,225,0]}}}