{"textures":{"0":"modelengine:entity/horse_unicorn"},"elements":[{"from":[5.75,-4.0,5.125],"to":[11.75,-2.0,11.125],"faces":{"east":{"uv":[13.125,11.375,13.875,11.625],"tintindex":0,"rotation":0,"texture":"#0"},"south":{"uv":[13.25,3.875,14.0,4.125],"tintindex":0,"rotation":0,"texture":"#0"},"north":{"uv":[13.125,11.0,13.875,11.25],"tintindex":0,"rotation":0,"texture":"#0"},"west":{"uv":[13.25,7.625,14.0,7.875],"tintindex":0,"rotation":0,"texture":"#0"},"up":{"uv":[1.5,12.375,0.75,11.625],"tintindex":0,"rotation":0,"texture":"#0"},"down":{"uv":[12.375,8.125,11.625,8.875],"tintindex":0,"rotation":0,"texture":"#0"}}},{"from":[6.75,-2.0,6.125],"to":[10.75,8.0,10.125],"faces":{"east":{"uv":[10.625,2.0,11.125,3.25],"tintindex":0,"rotation":0,"texture":"#0"},"south":{"uv":[2.625,10.75,3.125,12.0],"tintindex":0,"rotation":0,"texture":"#0"},"north":{"uv":[2.0,10.625,2.5,11.875],"tintindex":0,"rotation":0,"texture":"#0"},"west":{"uv":[10.75,7.0,11.25,8.25],"tintindex":0,"rotation":0,"texture":"#0"},"up":{"uv":[10.125,4.5,9.625,4.0],"tintindex":0,"rotation":0,"texture":"#0"},"down":{"uv":[12.125,12.875,11.625,13.375],"tintindex":0,"rotation":0,"texture":"#0"}}}],"display":{"gui":{"rotation":[30,225,0]}}}