{"textures":{"0":"modelengine:entity/horse_unicorn"},"elements":[{"from":[4.4,-3.1000004,4.799999],"to":[10.4,8.9,10.799999],"faces":{"east":{"uv":[8.75,3.0,9.5,4.5],"tintindex":0,"rotation":0,"texture":"#0"},"south":{"uv":[9.0,0.0,9.75,1.5],"tintindex":0,"rotation":0,"texture":"#0"},"north":{"uv":[0.875,8.625,1.625,10.125],"tintindex":0,"rotation":0,"texture":"#0"},"west":{"uv":[9.0,8.0,9.75,9.5],"tintindex":0,"rotation":0,"texture":"#0"},"up":{"uv":[12.625,1.625,11.875,0.875],"tintindex":0,"rotation":0,"texture":"#0"},"down":{"uv":[12.625,3.0,11.875,3.75],"tintindex":0,"rotation":0,"texture":"#0"}}}],"display":{"gui":{"rotation":[30,225,0]}}}