{"textures":{"0":"modelengine:entity/horse_unicorn"},"elements":[{"from":[6.0,-4.956249,3.4763517],"to":[10.0,1.0437498,8.476351],"faces":{"east":{"uv":[8.375,12.25,9.0,13.0],"tintindex":0,"rotation":0,"texture":"#0"},"south":{"uv":[3.25,12.875,3.75,13.625],"tintindex":0,"rotation":0,"texture":"#0"},"north":{"uv":[12.75,3.0,13.25,3.75],"tintindex":0,"rotation":0,"texture":"#0"},"west":{"uv":[12.25,12.0,12.875,12.75],"tintindex":0,"rotation":0,"texture":"#0"},"up":{"uv":[13.375,6.125,12.875,5.5],"tintindex":0,"rotation":0,"texture":"#0"},"down":{"uv":[13.375,9.5,12.875,10.125],"tintindex":0,"rotation":0,"texture":"#0"}},"rotation":{"origin":[8.0,9.719332,-10.346821],"angle":-22.5,"axis":"x"}}],"display":{"gui":{"rotation":[30,225,0]}}}