{"textures":{"0":"modelengine:entity/healing_flower"},"elements":[{"from":[5.1232,6.906991,6.840287],"to":[10.876801,9.783791,11.155487],"faces":{"east":{"uv":[6.75,1.5,7.5,2.0],"tintindex":0,"rotation":0,"texture":"#0"},"south":{"uv":[5.5,4.75,6.5,5.25],"tintindex":0,"rotation":0,"texture":"#0"},"north":{"uv":[5.5,5.5,6.5,6.0],"tintindex":0,"rotation":0,"texture":"#0"},"west":{"uv":[6.75,2.25,7.5,2.75],"tintindex":0,"rotation":0,"texture":"#0"},"up":{"uv":[5.25,6.0,4.5,5.0],"tintindex":0,"rotation":90,"texture":"#0"},"down":{"uv":[6.25,0.0,5.5,1.0],"tintindex":0,"rotation":270,"texture":"#0"}},"rotation":{"origin":[8.0,7.20235,6.3814335],"angle":22.5,"axis":"x"}},{"from":[6.5615997,9.956752,12.679722],"to":[9.4384,11.395152,14.118122],"faces":{"east":{"uv":[7.5,8.5,7.75,8.75],"tintindex":0,"rotation":0,"texture":"#0"},"south":{"uv":[8.0,4.25,8.5,4.5],"tintindex":0,"rotation":0,"texture":"#0"},"north":{"uv":[4.75,8.0,5.25,8.25],"tintindex":0,"rotation":0,"texture":"#0"},"west":{"uv":[8.0,8.5,8.25,8.75],"tintindex":0,"rotation":0,"texture":"#0"},"up":{"uv":[8.25,5.25,8.0,4.75],"tintindex":0,"rotation":90,"texture":"#0"},"down":{"uv":[8.25,5.5,8.0,6.0],"tintindex":0,"rotation":270,"texture":"#0"}},"rotation":{"origin":[8.0,7.20235,6.3814335],"angle":45.0,"axis":"x"}},{"from":[5.4828,9.956752,9.802922],"to":[10.5172,11.395152,12.679722],"faces":{"east":{"uv":[8.0,6.25,8.5,6.5],"tintindex":0,"rotation":0,"texture":"#0"},"south":{"uv":[7.5,7.0,8.375,7.25],"tintindex":0,"rotation":0,"texture":"#0"},"north":{"uv":[7.5,7.5,8.375,7.75],"tintindex":0,"rotation":0,"texture":"#0"},"west":{"uv":[7.25,8.0,7.75,8.25],"tintindex":0,"rotation":0,"texture":"#0"},"up":{"uv":[4.5,7.125,4.0,6.25],"tintindex":0,"rotation":90,"texture":"#0"},"down":{"uv":[5.25,6.25,4.75,7.125],"tintindex":0,"rotation":270,"texture":"#0"}},"rotation":{"origin":[8.0,7.20235,6.3814335],"angle":45.0,"axis":"x"}}],"display":{"gui":{"rotation":[30,225,0]}}}