{"textures":{"0":"modelengine:entity/healing_flower"},"elements":[{"from":[5.1232,8.95845,7.5620565],"to":[10.876801,10.396851,9.719657],"faces":{"east":{"uv":[4.25,8.5,4.625,8.75],"tintindex":0,"rotation":0,"texture":"#0"},"south":{"uv":[2.0,7.5,3.0,7.75],"tintindex":0,"rotation":0,"texture":"#0"},"north":{"uv":[0.75,7.5,1.75,7.75],"tintindex":0,"rotation":0,"texture":"#0"},"west":{"uv":[8.5,4.75,8.875,5.0],"tintindex":0,"rotation":0,"texture":"#0"},"up":{"uv":[7.75,4.875,6.75,4.5],"tintindex":0,"rotation":0,"texture":"#0"},"down":{"uv":[7.75,5.25,6.75,5.625],"tintindex":0,"rotation":0,"texture":"#0"}},"rotation":{"origin":[8.0,6.9364395,10.724548],"angle":-45.0,"axis":"x"}},{"from":[6.5615997,8.95845,5.404457],"to":[9.4384,10.396851,7.5620565],"faces":{"east":{"uv":[8.5,5.25,8.875,5.5],"tintindex":0,"rotation":0,"texture":"#0"},"south":{"uv":[2.5,8.0,3.0,8.25],"tintindex":0,"rotation":0,"texture":"#0"},"north":{"uv":[1.75,8.0,2.25,8.25],"tintindex":0,"rotation":0,"texture":"#0"},"west":{"uv":[8.5,5.75,8.875,6.0],"tintindex":0,"rotation":0,"texture":"#0"},"up":{"uv":[6.25,7.875,5.75,7.5],"tintindex":0,"rotation":0,"texture":"#0"},"down":{"uv":[8.25,1.0,7.75,1.375],"tintindex":0,"rotation":0,"texture":"#0"}},"rotation":{"origin":[8.0,6.9364395,10.724548],"angle":-45.0,"axis":"x"}}],"display":{"gui":{"rotation":[30,225,0]}}}