{"textures":{"0":"modelengine:entity/healing_flower"},"elements":[{"from":[5.1232,3.2874665,5.153167],"to":[10.876801,9.041067,10.870807],"faces":{"east":{"uv":[3.0,3.75,4.0,4.75],"tintindex":0,"rotation":0,"texture":"#0"},"south":{"uv":[4.25,0.0,5.25,1.0],"tintindex":0,"rotation":0,"texture":"#0"},"north":{"uv":[1.75,3.75,2.75,4.75],"tintindex":0,"rotation":0,"texture":"#0"},"west":{"uv":[4.25,1.25,5.25,2.25],"tintindex":0,"rotation":0,"texture":"#0"},"up":{"uv":[5.25,3.5,4.25,2.5],"tintindex":0,"rotation":0,"texture":"#0"},"down":{"uv":[5.25,3.75,4.25,4.75],"tintindex":0,"rotation":0,"texture":"#0"}}},{"from":[5.10522,10.479466,5.081247],"to":[10.89478,11.917867,10.906767],"faces":{"east":{"uv":[6.75,6.5,7.75,6.75],"tintindex":0,"rotation":0,"texture":"#0"},"south":{"uv":[1.0,7.0,2.0,7.25],"tintindex":0,"rotation":0,"texture":"#0"},"north":{"uv":[6.75,6.0,7.75,6.25],"tintindex":0,"rotation":0,"texture":"#0"},"west":{"uv":[5.5,7.0,6.5,7.25],"tintindex":0,"rotation":0,"texture":"#0"},"up":{"uv":[1.0,5.75,0.0,4.75],"tintindex":0,"rotation":0,"texture":"#0"},"down":{"uv":[2.25,5.0,1.25,6.0],"tintindex":0,"rotation":0,"texture":"#0"}}},{"from":[6.5615997,11.917867,6.555607],"to":[9.4384,13.356266,9.432406],"faces":{"east":{"uv":[7.75,2.25,8.25,2.5],"tintindex":0,"rotation":0,"texture":"#0"},"south":{"uv":[7.75,2.75,8.25,3.0],"tintindex":0,"rotation":0,"texture":"#0"},"north":{"uv":[7.75,1.75,8.25,2.0],"tintindex":0,"rotation":0,"texture":"#0"},"west":{"uv":[7.75,3.25,8.25,3.5],"tintindex":0,"rotation":0,"texture":"#0"},"up":{"uv":[7.25,7.5,6.75,7.0],"tintindex":0,"rotation":0,"texture":"#0"},"down":{"uv":[0.5,7.5,0.0,8.0],"tintindex":0,"rotation":0,"texture":"#0"}}}],"display":{"gui":{"rotation":[30,225,0]}}}