{"textures":{"0":"modelengine:entity/healing_flower"},"elements":[{"from":[10.482269,4.9162283,7.2808],"to":[11.92067,7.7930284,8.7192],"faces":{"east":{"uv":[8.5,2.0,8.75,2.5],"tintindex":0,"rotation":0,"texture":"#0"},"south":{"uv":[2.25,8.5,2.5,9.0],"tintindex":0,"rotation":0,"texture":"#0"},"north":{"uv":[1.75,8.5,2.0,9.0],"tintindex":0,"rotation":0,"texture":"#0"},"west":{"uv":[2.75,8.5,3.0,9.0],"tintindex":0,"rotation":0,"texture":"#0"},"up":{"uv":[0.75,9.0,0.5,8.75],"tintindex":0,"rotation":0,"texture":"#0"},"down":{"uv":[1.25,8.75,1.0,9.0],"tintindex":0,"rotation":0,"texture":"#0"}},"rotation":{"origin":[10.703641,11.496226,8.5223055],"angle":-45.0,"axis":"z"}}],"display":{"gui":{"rotation":[30,225,0]}}}