{"textures":{"0":"modelengine:entity/healing_flower"},"elements":[{"from":[4.079331,4.9162283,7.2808],"to":[5.5177307,7.7930284,8.7192],"faces":{"east":{"uv":[3.0,8.5,2.75,9.0],"tintindex":0,"rotation":0,"texture":"#0"},"south":{"uv":[2.5,8.5,2.25,9.0],"tintindex":0,"rotation":0,"texture":"#0"},"north":{"uv":[2.0,8.5,1.75,9.0],"tintindex":0,"rotation":0,"texture":"#0"},"west":{"uv":[8.75,2.0,8.5,2.5],"tintindex":0,"rotation":0,"texture":"#0"},"up":{"uv":[0.5,9.0,0.75,8.75],"tintindex":0,"rotation":0,"texture":"#0"},"down":{"uv":[1.0,8.75,1.25,9.0],"tintindex":0,"rotation":0,"texture":"#0"}},"rotation":{"origin":[5.296359,11.496226,8.5223055],"angle":45.0,"axis":"z"}}],"display":{"gui":{"rotation":[30,225,0]}}}