{"textures":{"0":"modelengine:entity/healing_flower"},"elements":[{"from":[6.8005295,7.3968687,5.1232],"to":[11.115729,10.273668,10.876801],"faces":{"east":{"uv":[6.5,4.0,5.5,4.5],"tintindex":0,"rotation":0,"texture":"#0"},"south":{"uv":[7.5,0.75,6.75,1.25],"tintindex":0,"rotation":0,"texture":"#0"},"north":{"uv":[0.75,6.75,0.0,7.25],"tintindex":0,"rotation":0,"texture":"#0"},"west":{"uv":[6.5,3.25,5.5,3.75],"tintindex":0,"rotation":0,"texture":"#0"},"up":{"uv":[2.5,6.0,3.25,5.0],"tintindex":0,"rotation":0,"texture":"#0"},"down":{"uv":[3.5,5.0,4.25,6.0],"tintindex":0,"rotation":0,"texture":"#0"}},"rotation":{"origin":[5.859128,7.49235,8.5223055],"angle":-22.5,"axis":"z"}},{"from":[9.649942,10.616077,5.4828],"to":[12.526742,12.054478,10.5172],"faces":{"east":{"uv":[5.375,7.5,4.5,7.75],"tintindex":0,"rotation":0,"texture":"#0"},"south":{"uv":[4.5,8.0,4.0,8.25],"tintindex":0,"rotation":0,"texture":"#0"},"north":{"uv":[3.75,8.0,3.25,8.25],"tintindex":0,"rotation":0,"texture":"#0"},"west":{"uv":[4.125,7.5,3.25,7.75],"tintindex":0,"rotation":0,"texture":"#0"},"up":{"uv":[2.5,7.125,3.0,6.25],"tintindex":0,"rotation":0,"texture":"#0"},"down":{"uv":[3.25,6.25,3.75,7.125],"tintindex":0,"rotation":0,"texture":"#0"}},"rotation":{"origin":[5.859128,7.49235,8.5223055],"angle":-45.0,"axis":"z"}},{"from":[12.526742,10.616077,6.5615997],"to":[13.965142,12.054478,9.4384],"faces":{"east":{"uv":[7.0,7.75,6.5,8.0],"tintindex":0,"rotation":0,"texture":"#0"},"south":{"uv":[7.25,8.5,7.0,8.75],"tintindex":0,"rotation":0,"texture":"#0"},"north":{"uv":[5.25,8.5,5.0,8.75],"tintindex":0,"rotation":0,"texture":"#0"},"west":{"uv":[8.25,3.75,7.75,4.0],"tintindex":0,"rotation":0,"texture":"#0"},"up":{"uv":[0.75,8.5,1.0,8.0],"tintindex":0,"rotation":0,"texture":"#0"},"down":{"uv":[1.25,8.0,1.5,8.5],"tintindex":0,"rotation":0,"texture":"#0"}},"rotation":{"origin":[5.859128,7.49235,8.5223055],"angle":-45.0,"axis":"z"}}],"display":{"gui":{"rotation":[30,225,0]}}}