{"textures":{"0":"modelengine:entity/phoenix_thunder"},"elements":[{"from":[7.0,3.9060197,5.28479],"to":[9.0,8.90602,7.28479],"faces":{"east":{"uv":[5.8125,7.375,5.9375,7.6875],"tintindex":0,"rotation":0,"texture":"#0"},"south":{"uv":[7.5,4.125,7.625,4.4375],"tintindex":0,"rotation":0,"texture":"#0"},"north":{"uv":[5.3125,6.8125,5.4375,7.125],"tintindex":0,"rotation":0,"texture":"#0"},"west":{"uv":[4.1875,7.5,4.3125,7.8125],"tintindex":0,"rotation":0,"texture":"#0"},"up":{"uv":[5.125,7.9375,5.0,7.8125],"tintindex":0,"rotation":0,"texture":"#0"},"down":{"uv":[5.3125,7.8125,5.1875,7.9375],"tintindex":0,"rotation":0,"texture":"#0"}},"rotation":{"origin":[-9.458103,12.915702,8.648781],"angle":-22.5,"axis":"x"}}],"display":{"gui":{"rotation":[30,225,0]}}}