{"textures":{"0":"modelengine:entity/phoenix_thunder"},"elements":[{"from":[-4.778263,-1.5046349,-11.40324],"to":[-4.778263,10.495365,4.59676],"faces":{"east":{"uv":[4.625,3.75,3.625,4.5],"tintindex":0,"rotation":0,"texture":"#0"},"west":{"uv":[3.625,3.75,4.625,4.5],"tintindex":0,"rotation":0,"texture":"#0"}},"rotation":{"origin":[-14.708103,10.196525,8.3136425],"angle":-22.5,"axis":"y"}},{"from":[2.0,15.879076,-2.3260536],"to":[14.0,19.879076,-0.32605362],"faces":{"east":{"uv":[7.6875,7.625,7.8125,7.875],"tintindex":0,"rotation":0,"texture":"#0"},"south":{"uv":[2.8125,7.0625,3.5625,7.3125],"tintindex":0,"rotation":0,"texture":"#0"},"north":{"uv":[2.0,7.0625,2.75,7.3125],"tintindex":0,"rotation":0,"texture":"#0"},"west":{"uv":[0.875,7.75,1.0,8.0],"tintindex":0,"rotation":0,"texture":"#0"},"up":{"uv":[8.0,6.1875,7.25,6.0625],"tintindex":0,"rotation":0,"texture":"#0"},"down":{"uv":[2.75,7.375,2.0,7.5],"tintindex":0,"rotation":0,"texture":"#0"}}},{"from":[2.025,11.18143,-4.6359787],"to":[2.025,21.181429,2.3640213],"faces":{"east":{"uv":[6.9375,5.0625,6.5,5.6875],"tintindex":0,"rotation":0,"texture":"#0"},"west":{"uv":[6.5,5.0625,6.9375,5.6875],"tintindex":0,"rotation":0,"texture":"#0"}},"rotation":{"origin":[-14.708103,10.196525,8.3136425],"angle":22.5,"axis":"x"}},{"from":[20.778263,-1.5046349,-11.40324],"to":[20.778263,10.495365,4.59676],"faces":{"east":{"uv":[4.625,3.75,3.625,4.5],"tintindex":0,"rotation":0,"texture":"#0"},"west":{"uv":[3.625,3.75,4.625,4.5],"tintindex":0,"rotation":0,"texture":"#0"}},"rotation":{"origin":[30.708103,10.196525,8.3136425],"angle":22.5,"axis":"y"}},{"from":[13.0,19.636509,-2.4228888],"to":[15.0,21.636509,2.5771112],"faces":{"east":{"uv":[1.5,5.5625,1.8125,5.6875],"tintindex":0,"rotation":0,"texture":"#0"},"south":{"uv":[7.8125,5.8125,7.9375,5.9375],"tintindex":0,"rotation":0,"texture":"#0"},"north":{"uv":[7.8125,5.625,7.9375,5.75],"tintindex":0,"rotation":0,"texture":"#0"},"west":{"uv":[7.5,5.25,7.8125,5.375],"tintindex":0,"rotation":0,"texture":"#0"},"up":{"uv":[7.625,7.3125,7.5,7.0],"tintindex":0,"rotation":0,"texture":"#0"},"down":{"uv":[7.625,7.375,7.5,7.6875],"tintindex":0,"rotation":0,"texture":"#0"}},"rotation":{"origin":[-14.708103,10.196525,8.3136425],"angle":-22.5,"axis":"x"}},{"from":[3.0,5.3040237,1.2692976],"to":[13.0,15.304024,13.269297],"faces":{"east":{"uv":[1.5,5.8125,2.25,6.4375],"tintindex":0,"rotation":0,"texture":"#0"},"south":{"uv":[5.5,6.0625,6.125,6.6875],"tintindex":0,"rotation":0,"texture":"#0"},"north":{"uv":[6.0625,3.0,6.6875,3.625],"tintindex":0,"rotation":0,"texture":"#0"},"west":{"uv":[2.3125,5.8125,3.0625,6.4375],"tintindex":0,"rotation":0,"texture":"#0"},"up":{"uv":[4.8125,6.5625,4.1875,5.8125],"tintindex":0,"rotation":0,"texture":"#0"},"down":{"uv":[6.4375,5.25,5.8125,6.0],"tintindex":0,"rotation":0,"texture":"#0"}}},{"from":[1.0,12.636509,-6.4228888],"to":[15.0,19.636509,2.5771112],"faces":{"east":{"uv":[7.375,2.0,6.8125,2.4375],"tintindex":0,"rotation":0,"texture":"#0"},"south":{"uv":[6.25,0.5,7.125,0.9375],"tintindex":0,"rotation":0,"texture":"#0"},"north":{"uv":[6.25,0.0,7.125,0.4375],"tintindex":0,"rotation":0,"texture":"#0"},"west":{"uv":[6.8125,2.0,7.375,2.4375],"tintindex":0,"rotation":0,"texture":"#0"},"up":{"uv":[1.4375,6.125,0.5625,5.5625],"tintindex":0,"rotation":0,"texture":"#0"},"down":{"uv":[6.4375,3.75,5.5625,4.3125],"tintindex":0,"rotation":0,"texture":"#0"}},"rotation":{"origin":[-14.708103,10.196525,8.3136425],"angle":-22.5,"axis":"x"}},{"from":[2.0,7.63651,-8.42289],"to":[14.0,18.636509,4.5771112],"faces":{"east":{"uv":[4.6875,3.75,5.5,4.4375],"tintindex":0,"rotation":0,"texture":"#0"},"south":{"uv":[5.0,5.25,5.75,5.9375],"tintindex":0,"rotation":0,"texture":"#0"},"north":{"uv":[5.25,3.0,6.0,3.6875],"tintindex":0,"rotation":0,"texture":"#0"},"west":{"uv":[5.0,4.5,5.8125,5.1875],"tintindex":0,"rotation":0,"texture":"#0"},"up":{"uv":[5.125,2.4375,4.375,1.625],"tintindex":0,"rotation":0,"texture":"#0"},"down":{"uv":[4.375,4.5625,3.625,5.375],"tintindex":0,"rotation":0,"texture":"#0"}},"rotation":{"origin":[-14.708103,10.196525,8.3136425],"angle":-22.5,"axis":"x"}},{"from":[1.0,19.636509,-2.4228888],"to":[3.0,21.636509,2.5771112],"faces":{"east":{"uv":[7.5,5.4375,7.8125,5.5625],"tintindex":0,"rotation":0,"texture":"#0"},"south":{"uv":[6.1875,7.8125,6.3125,7.9375],"tintindex":0,"rotation":0,"texture":"#0"},"north":{"uv":[6.0,7.8125,6.125,7.9375],"tintindex":0,"rotation":0,"texture":"#0"},"west":{"uv":[1.0,7.5625,1.3125,7.6875],"tintindex":0,"rotation":0,"texture":"#0"},"up":{"uv":[1.5,7.875,1.375,7.5625],"tintindex":0,"rotation":0,"texture":"#0"},"down":{"uv":[1.6875,7.5625,1.5625,7.875],"tintindex":0,"rotation":0,"texture":"#0"}},"rotation":{"origin":[-14.708103,10.196525,8.3136425],"angle":-22.5,"axis":"x"}},{"from":[13.975,11.18143,-4.6359787],"to":[13.975,21.181429,2.3640213],"faces":{"east":{"uv":[6.9375,5.0625,6.5,5.6875],"tintindex":0,"rotation":0,"texture":"#0"},"west":{"uv":[6.5,5.0625,6.9375,5.6875],"tintindex":0,"rotation":0,"texture":"#0"}},"rotation":{"origin":[30.708103,10.196525,8.3136425],"angle":22.5,"axis":"x"}}],"display":{"gui":{"rotation":[30,225,0]}}}