{"textures":{"0":"modelengine:entity/kitsune_demonic"},"elements":[{"from":[2.0,-1.0,-2.0499992],"to":[2.0,2.0000005,3.9499998],"faces":{"east":{"uv":[12.0,8.25,11.25,8.625],"tintindex":0,"rotation":0,"texture":"#0"},"west":{"uv":[11.25,8.25,12.0,8.625],"tintindex":0,"rotation":0,"texture":"#0"}}},{"from":[2.0,2.0000005,-2.0499992],"to":[14.0,13.0,7.95],"faces":{"east":{"uv":[3.25,4.125,4.5,5.5],"tintindex":0,"rotation":0,"texture":"#0"},"south":{"uv":[0.0,3.25,1.5,4.625],"tintindex":0,"rotation":0,"texture":"#0"},"north":{"uv":[1.625,2.75,3.125,4.125],"tintindex":0,"rotation":0,"texture":"#0"},"west":{"uv":[1.625,4.25,2.875,5.625],"tintindex":0,"rotation":0,"texture":"#0"},"up":{"uv":[4.75,4.0,3.25,2.75],"tintindex":0,"rotation":0,"texture":"#0"},"down":{"uv":[5.0,0.0,3.5,1.25],"tintindex":0,"rotation":0,"texture":"#0"}}},{"from":[1.0,8.0,2.9499998],"to":[15.0,14.0,8.95],"faces":{"east":{"uv":[7.25,2.125,8.0,2.875],"tintindex":0,"rotation":0,"texture":"#0"},"south":{"uv":[6.5,0.0,8.25,0.75],"tintindex":0,"rotation":0,"texture":"#0"},"north":{"uv":[6.25,3.0,8.0,3.75],"tintindex":0,"rotation":0,"texture":"#0"},"west":{"uv":[6.25,10.0,7.0,10.75],"tintindex":0,"rotation":0,"texture":"#0"},"up":{"uv":[7.25,7.625,5.5,6.875],"tintindex":0,"rotation":0,"texture":"#0"},"down":{"uv":[2.875,7.0,1.125,7.75],"tintindex":0,"rotation":0,"texture":"#0"}}},{"from":[14.0,-1.0,-2.0499992],"to":[14.0,2.0000005,3.9499998],"faces":{"east":{"uv":[12.0,8.25,11.25,8.625],"tintindex":0,"rotation":0,"texture":"#0"},"west":{"uv":[11.25,8.25,12.0,8.625],"tintindex":0,"rotation":0,"texture":"#0"}}},{"from":[2.0,-1.0,-2.0499992],"to":[14.0,2.0000005,-2.0499992],"faces":{"south":{"uv":[11.25,4.25,9.75,4.625],"tintindex":0,"rotation":0,"texture":"#0"},"north":{"uv":[9.75,4.25,11.25,4.625],"tintindex":0,"rotation":0,"texture":"#0"}}}],"display":{"gui":{"rotation":[30,225,0]}}}