{"textures":{"0":"modelengine:entity/horse_spartan"},"elements":[{"from":[2.0,15.287642,9.908031],"to":[14.0,17.287642,12.908031],"faces":{"east":{"uv":[2.875,6.125,3.25,6.375],"tintindex":0,"rotation":0,"texture":"#0"},"south":{"uv":[13.625,3.25,15.125,3.5],"tintindex":0,"rotation":0,"texture":"#0"},"north":{"uv":[13.5,8.0,15.0,8.25],"tintindex":0,"rotation":0,"texture":"#0"},"west":{"uv":[3.625,9.25,4.0,9.5],"tintindex":0,"rotation":0,"texture":"#0"},"up":{"uv":[14.125,8.875,12.625,8.5],"tintindex":0,"rotation":0,"texture":"#0"},"down":{"uv":[14.125,9.0,12.625,9.375],"tintindex":0,"rotation":0,"texture":"#0"}}},{"from":[2.0,2.2876415,-8.091969],"to":[14.0,14.287642,7.908031],"faces":{"east":{"uv":[2.0,1.625,0.0,3.125],"tintindex":0,"rotation":0,"texture":"#0"},"south":{"uv":[5.125,5.0,6.625,6.5],"tintindex":0,"rotation":0,"texture":"#0"},"north":{"uv":[3.5,5.0,5.0,6.5],"tintindex":0,"rotation":0,"texture":"#0"},"west":{"uv":[0.0,1.625,2.0,3.125],"tintindex":0,"rotation":0,"texture":"#0"},"up":{"uv":[3.625,2.0,2.125,0.0],"tintindex":0,"rotation":0,"texture":"#0"},"down":{"uv":[3.625,2.125,2.125,4.125],"tintindex":0,"rotation":0,"texture":"#0"}}},{"from":[1.5,1.7876415,4.4080315],"to":[14.5,8.787642,7.408031],"faces":{"east":{"uv":[2.625,13.875,3.0,14.75],"tintindex":0,"rotation":0,"texture":"#0"},"south":{"uv":[8.0,5.25,9.625,6.125],"tintindex":0,"rotation":0,"texture":"#0"},"north":{"uv":[8.0,4.25,9.625,5.125],"tintindex":0,"rotation":0,"texture":"#0"},"west":{"uv":[13.875,4.375,14.25,5.25],"tintindex":0,"rotation":0,"texture":"#0"},"up":{"uv":[13.75,4.75,12.125,4.375],"tintindex":0,"rotation":0,"texture":"#0"},"down":{"uv":[13.75,4.875,12.125,5.25],"tintindex":0,"rotation":0,"texture":"#0"}}},{"from":[1.0,8.287642,-0.09196854],"to":[15.0,15.287642,12.908031],"faces":{"east":{"uv":[7.875,6.375,9.5,7.25],"tintindex":0,"rotation":0,"texture":"#0"},"south":{"uv":[7.25,2.0,9.0,2.875],"tintindex":0,"rotation":0,"texture":"#0"},"north":{"uv":[7.25,1.0,9.0,1.875],"tintindex":0,"rotation":0,"texture":"#0"},"west":{"uv":[7.875,7.375,9.5,8.25],"tintindex":0,"rotation":0,"texture":"#0"},"up":{"uv":[1.75,4.875,0.0,3.25],"tintindex":0,"rotation":0,"texture":"#0"},"down":{"uv":[5.5,0.0,3.75,1.625],"tintindex":0,"rotation":0,"texture":"#0"}}}],"display":{"gui":{"rotation":[30,225,0]}}}