{"textures":{"0":"modelengine:entity/horse_spartan"},"elements":[{"from":[5.14375,13.113373,9.251654],"to":[10.14375,19.113373,17.251656],"faces":{"east":{"uv":[10.5,6.25,11.5,7.0],"tintindex":0,"rotation":0,"texture":"#0"},"south":{"uv":[13.5,10.75,14.125,11.5],"tintindex":0,"rotation":0,"texture":"#0"},"north":{"uv":[13.5,7.125,14.125,7.875],"tintindex":0,"rotation":0,"texture":"#0"},"west":{"uv":[10.625,3.125,11.625,3.875],"tintindex":0,"rotation":0,"texture":"#0"},"up":{"uv":[12.125,10.75,11.5,9.75],"tintindex":0,"rotation":0,"texture":"#0"},"down":{"uv":[5.125,11.625,4.5,12.625],"tintindex":0,"rotation":0,"texture":"#0"}},"rotation":{"origin":[13.11875,14.064144,-0.24849606],"angle":45.0,"axis":"x"}}],"display":{"gui":{"rotation":[30,225,0]}}}