{"textures":{"0":"modelengine:entity/horse_spartan"},"elements":[{"from":[5.579167,2.1147861,2.4141555],"to":[11.579166,13.114786,11.414156],"faces":{"east":{"uv":[6.625,6.625,7.75,8.0],"tintindex":0,"rotation":0,"texture":"#0"},"south":{"uv":[6.125,9.625,6.875,11.0],"tintindex":0,"rotation":0,"texture":"#0"},"north":{"uv":[6.125,9.625,6.875,11.0],"tintindex":0,"rotation":0,"texture":"#0"},"west":{"uv":[6.625,6.625,7.75,8.0],"tintindex":0,"rotation":0,"texture":"#0"},"up":{"uv":[8.75,11.125,8.0,10.0],"tintindex":0,"rotation":0,"texture":"#0"},"down":{"uv":[9.625,10.0,8.875,11.125],"tintindex":0,"rotation":0,"texture":"#0"}},"rotation":{"origin":[13.579166,6.8138046,-2.8045025],"angle":22.5,"axis":"x"}}],"display":{"gui":{"rotation":[30,225,0]}}}