{"textures":{"0":"modelengine:entity/horse_spartan"},"elements":[{"from":[5.75,-4.0,5.125],"to":[11.75,-2.0,11.125],"faces":{"east":{"uv":[14.25,11.625,15.0,11.875],"tintindex":0,"rotation":0,"texture":"#0"},"south":{"uv":[14.25,12.0,15.0,12.25],"tintindex":0,"rotation":0,"texture":"#0"},"north":{"uv":[14.25,11.25,15.0,11.5],"tintindex":0,"rotation":0,"texture":"#0"},"west":{"uv":[14.25,12.375,15.0,12.625],"tintindex":0,"rotation":0,"texture":"#0"},"up":{"uv":[13.25,2.75,12.5,2.0],"tintindex":0,"rotation":0,"texture":"#0"},"down":{"uv":[13.375,7.625,12.625,8.375],"tintindex":0,"rotation":0,"texture":"#0"}}},{"from":[6.75,-2.0,6.125],"to":[10.75,8.0,10.125],"faces":{"east":{"uv":[11.375,8.375,11.875,9.625],"tintindex":0,"rotation":0,"texture":"#0"},"south":{"uv":[0.875,11.5,1.375,12.75],"tintindex":0,"rotation":0,"texture":"#0"},"north":{"uv":[9.5,11.25,10.0,12.5],"tintindex":0,"rotation":0,"texture":"#0"},"west":{"uv":[11.5,4.0,12.0,5.25],"tintindex":0,"rotation":0,"texture":"#0"},"up":{"uv":[10.625,14.5,10.125,14.0],"tintindex":0,"rotation":0,"texture":"#0"},"down":{"uv":[11.25,14.0,10.75,14.5],"tintindex":0,"rotation":0,"texture":"#0"}}}],"display":{"gui":{"rotation":[30,225,0]}}}