{"textures":{"0":"modelengine:entity/horse_spartan"},"elements":[{"from":[4.5,9.879946,4.6903963],"to":[11.5,20.879944,13.690395],"faces":{"east":{"uv":[2.875,6.625,4.0,8.0],"tintindex":0,"rotation":0,"texture":"#0"},"south":{"uv":[0.0,8.375,0.875,9.75],"tintindex":0,"rotation":0,"texture":"#0"},"north":{"uv":[6.5,8.125,7.375,9.5],"tintindex":0,"rotation":0,"texture":"#0"},"west":{"uv":[4.125,6.625,5.25,8.0],"tintindex":0,"rotation":0,"texture":"#0"},"up":{"uv":[0.875,11.0,0.0,9.875],"tintindex":0,"rotation":0,"texture":"#0"},"down":{"uv":[7.875,10.0,7.0,11.125],"tintindex":0,"rotation":0,"texture":"#0"}},"rotation":{"origin":[8.0,6.544876,16.831848],"angle":-22.5,"axis":"x"}},{"from":[3.5,12.879946,9.190396],"to":[12.5,20.904945,14.190395],"faces":{"east":{"uv":[12.25,9.75,12.875,10.75],"tintindex":0,"rotation":0,"texture":"#0"},"south":{"uv":[4.875,9.625,6.0,10.625],"tintindex":0,"rotation":0,"texture":"#0"},"north":{"uv":[3.625,9.625,4.75,10.625],"tintindex":0,"rotation":0,"texture":"#0"},"west":{"uv":[12.375,0.0,13.0,1.0],"tintindex":0,"rotation":0,"texture":"#0"},"up":{"uv":[6.75,11.75,5.625,11.125],"tintindex":0,"rotation":0,"texture":"#0"},"down":{"uv":[12.375,2.25,11.25,2.875],"tintindex":0,"rotation":0,"texture":"#0"}},"rotation":{"origin":[7.5,6.544876,16.831848],"angle":-22.5,"axis":"x"}},{"from":[7.0,10.879946,13.690395],"to":[9.0,20.879944,17.690395],"faces":{"east":{"uv":[2.25,11.75,2.75,13.0],"tintindex":0,"rotation":0,"texture":"#0"},"south":{"uv":[9.75,14.0,10.0,15.25],"tintindex":0,"rotation":0,"texture":"#0"},"north":{"uv":[3.125,13.875,3.375,15.125],"tintindex":0,"rotation":0,"texture":"#0"},"west":{"uv":[2.875,11.75,3.375,13.0],"tintindex":0,"rotation":0,"texture":"#0"},"up":{"uv":[1.5,7.375,1.25,6.875],"tintindex":0,"rotation":0,"texture":"#0"},"down":{"uv":[9.875,7.75,9.625,8.25],"tintindex":0,"rotation":0,"texture":"#0"}},"rotation":{"origin":[8.0,6.544876,16.831848],"angle":-22.5,"axis":"x"}}],"display":{"gui":{"rotation":[30,225,0]}}}