{"textures":{"0":"modelengine:entity/horse_spartan"},"elements":[{"from":[4.420833,2.1147861,2.4141555],"to":[10.420834,13.114786,11.414156],"faces":{"east":{"uv":[6.75,4.875,7.875,6.25],"tintindex":0,"rotation":0,"texture":"#0"},"south":{"uv":[9.75,3.25,10.5,4.625],"tintindex":0,"rotation":0,"texture":"#0"},"north":{"uv":[9.75,3.25,10.5,4.625],"tintindex":0,"rotation":0,"texture":"#0"},"west":{"uv":[6.75,4.875,7.875,6.25],"tintindex":0,"rotation":0,"texture":"#0"},"up":{"uv":[10.5,11.125,9.75,10.0],"tintindex":0,"rotation":0,"texture":"#0"},"down":{"uv":[10.875,7.75,10.125,8.875],"tintindex":0,"rotation":0,"texture":"#0"}},"rotation":{"origin":[2.420833,6.8138046,-2.8045025],"angle":22.5,"axis":"x"}}],"display":{"gui":{"rotation":[30,225,0]}}}