{"textures":{"0":"modelengine:entity/horse_spartan"},"elements":[{"from":[4.4,-3.1000004,4.799999],"to":[10.4,8.9,10.799999],"faces":{"east":{"uv":[9.125,1.625,9.875,3.125],"tintindex":0,"rotation":0,"texture":"#0"},"south":{"uv":[9.125,0.0,9.875,1.5],"tintindex":0,"rotation":0,"texture":"#0"},"north":{"uv":[9.125,0.0,9.875,1.5],"tintindex":0,"rotation":0,"texture":"#0"},"west":{"uv":[9.125,1.625,9.875,3.125],"tintindex":0,"rotation":0,"texture":"#0"},"up":{"uv":[13.375,13.375,12.625,12.625],"tintindex":0,"rotation":0,"texture":"#0"},"down":{"uv":[13.5,2.875,12.75,3.625],"tintindex":0,"rotation":0,"texture":"#0"}}}],"display":{"gui":{"rotation":[30,225,0]}}}