{"textures":{"0":"modelengine:entity/horse_spartan"},"elements":[{"from":[6.0,-4.956249,3.4763517],"to":[10.0,1.0437498,8.476351],"faces":{"east":{"uv":[13.5,11.625,14.125,12.375],"tintindex":0,"rotation":0,"texture":"#0"},"south":{"uv":[2.0,13.875,2.5,14.625],"tintindex":0,"rotation":0,"texture":"#0"},"north":{"uv":[1.375,13.875,1.875,14.625],"tintindex":0,"rotation":0,"texture":"#0"},"west":{"uv":[13.5,12.5,14.125,13.25],"tintindex":0,"rotation":0,"texture":"#0"},"up":{"uv":[5.5,14.5,5.0,13.875],"tintindex":0,"rotation":0,"texture":"#0"},"down":{"uv":[14.5,0.625,14.0,1.25],"tintindex":0,"rotation":0,"texture":"#0"}},"rotation":{"origin":[8.0,9.719332,-10.346821],"angle":-22.5,"axis":"x"}}],"display":{"gui":{"rotation":[30,225,0]}}}