{
	"credit": "Made with Blockbench",
	"textures": {
		"0": "radiance_collection/light_full",
		"1": "radiance_collection/texture",
		"particle": "radiance_collection/light_full"
	},
	"elements": [
		{
			"from": [8.0089, -14.19773, -2.4853],
			"to": [8.0089, 6.80227, 18.5147],
			"rotation": {"angle": 0, "axis": "y", "origin": [8, 6.07982, 7.72944]},
			"faces": {
				"north": {"uv": [0, 0, 0, 16], "texture": "#0"},
				"east": {"uv": [0, 0, 16, 16], "texture": "#0"},
				"south": {"uv": [0, 0, 0, 16], "texture": "#0"},
				"west": {"uv": [0, 0, 16, 16], "texture": "#0"},
				"up": {"uv": [0, 0, 16, 0], "rotation": 90, "texture": "#0"},
				"down": {"uv": [0, 0, 16, 0], "rotation": 270, "texture": "#0"}
			}
		},
		{
			"from": [7.33661, -10.3054, 11.93482],
			"to": [8.66899, -8.28665, 13.54982],
			"rotation": {"angle": -22.5, "axis": "x", "origin": [8, -14.17319, 8]},
			"faces": {
				"north": {"uv": [8.83333, 10.33333, 8.33333, 11], "texture": "#1"},
				"east": {"uv": [8.16667, 10.33333, 7.66667, 11], "texture": "#1"},
				"south": {"uv": [7.16667, 10.33333, 6.66667, 11], "texture": "#1"},
				"west": {"uv": [10.83333, 8.33333, 10.33333, 9], "texture": "#1"},
				"up": {"uv": [12.16667, 5.66667, 11.66667, 6.16667], "texture": "#1"},
				"down": {"uv": [7.16667, 12.16667, 6.66667, 11.66667], "texture": "#1"}
			}
		},
		{
			"from": [7.37699, -8.65591, 8.0474],
			"to": [8.62861, -7.44466, 10.06615],
			"rotation": {"angle": 22.5, "axis": "x", "origin": [8, -14.17319, 8]},
			"faces": {
				"north": {"uv": [12.16667, 8, 11.66667, 8.5], "texture": "#1"},
				"east": {"uv": [11, 10, 10.33333, 10.5], "texture": "#1"},
				"south": {"uv": [8.16667, 11.66667, 7.66667, 12.16667], "texture": "#1"},
				"west": {"uv": [11.33333, 0, 10.66667, 0.5], "texture": "#1"},
				"up": {"uv": [11.16667, 0.66667, 10.66667, 1.33333], "texture": "#1"},
				"down": {"uv": [11.16667, 2, 10.66667, 1.33333], "texture": "#1"}
			}
		},
		{
			"from": [7.1953, -7.32892, 4.98311],
			"to": [8.8103, -5.51204, 7.80936],
			"rotation": {"angle": 22.5, "axis": "x", "origin": [8, -14.17319, 8]},
			"faces": {
				"north": {"uv": [10.83333, 6, 10.33333, 6.66667], "texture": "#1"},
				"east": {"uv": [10, 1, 9, 1.66667], "texture": "#1"},
				"south": {"uv": [6.5, 10.33333, 6, 11], "texture": "#1"},
				"west": {"uv": [10, 7.66667, 9, 8.33333], "texture": "#1"},
				"up": {"uv": [2.16667, 9.66667, 1.66667, 10.66667], "texture": "#1"},
				"down": {"uv": [2.83333, 10.66667, 2.33333, 9.66667], "texture": "#1"}
			}
		},
		{
			"from": [6.99343, -9.87994, 0.90025],
			"to": [9.01218, -7.05369, 3.7265],
			"rotation": {"angle": 45, "axis": "x", "origin": [8, -14.17319, 8]},
			"faces": {
				"north": {"uv": [4.66667, 9, 5.33333, 10], "texture": "#1"},
				"east": {"uv": [8.33333, 1.66667, 9.33333, 2.66667], "texture": "#1"},
				"south": {"uv": [9, 4.66667, 9.66667, 5.66667], "texture": "#1"},
				"west": {"uv": [8.33333, 2.66667, 9.33333, 3.66667], "texture": "#1"},
				"up": {"uv": [9.66667, 6.66667, 9, 5.66667], "texture": "#1"},
				"down": {"uv": [9.66667, 6.66667, 9, 7.66667], "texture": "#1"}
			}
		},
		{
			"from": [7.1953, -7.32892, 8.19064],
			"to": [8.8103, -5.51204, 11.01689],
			"rotation": {"angle": -22.5, "axis": "x", "origin": [8, -14.17319, 8]},
			"faces": {
				"north": {"uv": [6, 10.33333, 6.5, 11], "texture": "#1"},
				"east": {"uv": [9, 1, 10, 1.66667], "texture": "#1"},
				"south": {"uv": [10.33333, 6, 10.83333, 6.66667], "texture": "#1"},
				"west": {"uv": [9, 7.66667, 10, 8.33333], "texture": "#1"},
				"up": {"uv": [2.16667, 10.66667, 1.66667, 9.66667], "texture": "#1"},
				"down": {"uv": [2.83333, 9.66667, 2.33333, 10.66667], "texture": "#1"}
			}
		},
		{
			"from": [7.28454, -11.37788, -1.07658],
			"to": [8.69766, -9.76288, 1.74967],
			"rotation": {"angle": 45, "axis": "x", "origin": [8, -14.17319, 8]},
			"faces": {
				"north": {"uv": [11.33333, 2.66667, 11.83333, 3.16667], "texture": "#1"},
				"east": {"uv": [9.66667, 4.66667, 10.66667, 5.16667], "texture": "#1"},
				"south": {"uv": [3.33333, 11.33333, 3.83333, 11.83333], "texture": "#1"},
				"west": {"uv": [9.66667, 5.33333, 10.66667, 5.83333], "texture": "#1"},
				"up": {"uv": [10.16667, 7, 9.66667, 6], "texture": "#1"},
				"down": {"uv": [10.16667, 8.33333, 9.66667, 9.33333], "texture": "#1"}
			}
		},
		{
			"from": [7.12968, -5.1095, 10.79501],
			"to": [8.54281, -3.89825, 13.62126],
			"rotation": {"angle": -45, "axis": "x", "origin": [8, -14.17319, 8]},
			"faces": {
				"north": {"uv": [11.33333, 4.33333, 11.83333, 4.83333], "texture": "#1"},
				"east": {"uv": [9.66667, 7, 10.66667, 7.5], "texture": "#1"},
				"south": {"uv": [4.66667, 11.33333, 5.16667, 11.83333], "texture": "#1"},
				"west": {"uv": [9.66667, 9.33333, 10.66667, 9.83333], "texture": "#1"},
				"up": {"uv": [10.5, 1, 10, 0], "texture": "#1"},
				"down": {"uv": [10.5, 1, 10, 2], "texture": "#1"}
			}
		},
		{
			"from": [7.39718, -12.57713, 7.40834],
			"to": [8.60843, -8.53963, 8.61959],
			"rotation": {"angle": 0, "axis": "y", "origin": [8, 6.07982, 7.72944]},
			"faces": {
				"north": {"uv": [8.33333, 3.66667, 8.83333, 5.16667], "texture": "#1"},
				"east": {"uv": [4, 8.66667, 4.5, 10.16667], "texture": "#1"},
				"south": {"uv": [6, 8.66667, 6.5, 10.16667], "texture": "#1"},
				"west": {"uv": [6.66667, 8.66667, 7.16667, 10.16667], "texture": "#1"},
				"up": {"uv": [11.5, 4.16667, 11, 3.66667], "texture": "#1"},
				"down": {"uv": [4.5, 11, 4, 11.5], "texture": "#1"}
			}
		},
		{
			"from": [7.1953, -8.53963, 7.20647],
			"to": [8.8103, -6.92463, 8.82147],
			"rotation": {"angle": 0, "axis": "y", "origin": [8, 6.07982, 7.72944]},
			"faces": {
				"north": {"uv": [11, 6, 11.5, 6.5], "texture": "#1"},
				"east": {"uv": [6.66667, 11, 7.16667, 11.5], "texture": "#1"},
				"south": {"uv": [7.66667, 11, 8.16667, 11.5], "texture": "#1"},
				"west": {"uv": [11, 8, 11.5, 8.5], "texture": "#1"},
				"up": {"uv": [8.83333, 11.5, 8.33333, 11], "texture": "#1"},
				"down": {"uv": [11.5, 9.66667, 11, 10.16667], "texture": "#1"}
			}
		},
		{
			"from": [7.1953, -9.75088, 7.20647],
			"to": [8.8103, -8.94338, 8.82147],
			"rotation": {"angle": 0, "axis": "y", "origin": [8, 6.07982, 7.72944]},
			"faces": {
				"north": {"uv": [11.66667, 4, 12.16667, 4.33333], "texture": "#1"},
				"east": {"uv": [11.66667, 6.33333, 12.16667, 6.66667], "texture": "#1"},
				"south": {"uv": [1.66667, 12, 2.16667, 12.33333], "texture": "#1"},
				"west": {"uv": [12, 2, 12.5, 2.33333], "texture": "#1"},
				"up": {"uv": [11.5, 10.83333, 11, 10.33333], "texture": "#1"},
				"down": {"uv": [11.5, 11, 11, 11.5], "texture": "#1"}
			}
		},
		{
			"from": [7.1953, -14.19213, 7.20647],
			"to": [8.8103, -12.57713, 8.82147],
			"rotation": {"angle": 0, "axis": "y", "origin": [8, 6.07982, 7.72944]},
			"faces": {
				"north": {"uv": [0, 11.33333, 0.5, 11.83333], "texture": "#1"},
				"east": {"uv": [11.33333, 0, 11.83333, 0.5], "texture": "#1"},
				"south": {"uv": [0.66667, 11.33333, 1.16667, 11.83333], "texture": "#1"},
				"west": {"uv": [11.33333, 0.66667, 11.83333, 1.16667], "texture": "#1"},
				"up": {"uv": [1.83333, 11.83333, 1.33333, 11.33333], "texture": "#1"},
				"down": {"uv": [11.83333, 1.33333, 11.33333, 1.83333], "texture": "#1"}
			}
		},
		{
			"from": [7.1953, -12.17338, 7.20647],
			"to": [8.8103, -11.36588, 8.82147],
			"rotation": {"angle": 0, "axis": "y", "origin": [8, 6.07982, 7.72944]},
			"faces": {
				"north": {"uv": [12, 2.33333, 12.5, 2.66667], "texture": "#1"},
				"east": {"uv": [12, 2.66667, 12.5, 3], "texture": "#1"},
				"south": {"uv": [12, 3, 12.5, 3.33333], "texture": "#1"},
				"west": {"uv": [3.33333, 12, 3.83333, 12.33333], "texture": "#1"},
				"up": {"uv": [2.5, 11.83333, 2, 11.33333], "texture": "#1"},
				"down": {"uv": [11.83333, 2, 11.33333, 2.5], "texture": "#1"}
			}
		},
		{
			"from": [6.98871, -9.83566, 21.6248],
			"to": [9.00746, -7.41316, 24.0473],
			"rotation": {"angle": 45, "axis": "x", "origin": [8, 6.07982, 7.72944]},
			"faces": {
				"north": {"uv": [9.33333, 1.66667, 10, 2.5], "texture": "#1"},
				"east": {"uv": [9, 0, 9.83333, 0.83333], "texture": "#1"},
				"south": {"uv": [9.33333, 2.66667, 10, 3.5], "texture": "#1"},
				"west": {"uv": [9, 3.66667, 9.83333, 4.5], "texture": "#1"},
				"up": {"uv": [8.33333, 10.16667, 7.66667, 9.33333], "texture": "#1"},
				"down": {"uv": [9, 9.33333, 8.33333, 10.16667], "texture": "#1"}
			}
		},
		{
			"from": [7.3319, -15.59727, 0.1724],
			"to": [8.66427, -13.57852, 1.7874],
			"rotation": {"angle": -22.5, "axis": "x", "origin": [8, 6.07982, 7.72944]},
			"faces": {
				"north": {"uv": [5.16667, 10.66667, 4.66667, 11.33333], "texture": "#1"},
				"east": {"uv": [2.83333, 10.66667, 2.33333, 11.33333], "texture": "#1"},
				"south": {"uv": [2.16667, 10.66667, 1.66667, 11.33333], "texture": "#1"},
				"west": {"uv": [11.16667, 4.66667, 10.66667, 5.33333], "texture": "#1"},
				"up": {"uv": [8.83333, 11.66667, 8.33333, 12.16667], "texture": "#1"},
				"down": {"uv": [12.16667, 9.83333, 11.66667, 9.33333], "texture": "#1"}
			}
		},
		{
			"from": [7.37227, -9.72412, 24.27129],
			"to": [8.6239, -7.70537, 25.48254],
			"rotation": {"angle": 45, "axis": "x", "origin": [8, 6.07982, 7.72944]},
			"faces": {
				"north": {"uv": [11.16667, 7.33333, 10.66667, 8], "texture": "#1"},
				"east": {"uv": [11.16667, 6.66667, 10.66667, 7.33333], "texture": "#1"},
				"south": {"uv": [11.16667, 5.33333, 10.66667, 6], "texture": "#1"},
				"west": {"uv": [11.16667, 9, 10.66667, 9.66667], "texture": "#1"},
				"up": {"uv": [12.16667, 10, 11.66667, 10.5], "texture": "#1"},
				"down": {"uv": [11.16667, 12.16667, 10.66667, 11.66667], "texture": "#1"}
			}
		},
		{
			"from": [7.19058, -11.51399, 23.90876],
			"to": [8.80558, -9.69712, 25.72563],
			"rotation": {"angle": 45, "axis": "x", "origin": [8, 6.07982, 7.72944]},
			"faces": {
				"north": {"uv": [10.33333, 2.66667, 10.83333, 3.33333], "texture": "#1"},
				"east": {"uv": [4.66667, 10, 5.33333, 10.66667], "texture": "#1"},
				"south": {"uv": [10.33333, 3.33333, 10.83333, 4], "texture": "#1"},
				"west": {"uv": [10, 7.66667, 10.66667, 8.33333], "texture": "#1"},
				"up": {"uv": [4.5, 11, 4, 10.33333], "texture": "#1"},
				"down": {"uv": [10.83333, 4, 10.33333, 4.66667], "texture": "#1"}
			}
		},
		{
			"from": [7.37227, -10.10675, -9.64103],
			"to": [8.6239, -8.088, -8.42978],
			"rotation": {"angle": -45, "axis": "x", "origin": [8, 6.07982, 7.72944]},
			"faces": {
				"north": {"uv": [10.66667, 5.33333, 11.16667, 6], "texture": "#1"},
				"east": {"uv": [10.66667, 6.66667, 11.16667, 7.33333], "texture": "#1"},
				"south": {"uv": [10.66667, 7.33333, 11.16667, 8], "texture": "#1"},
				"west": {"uv": [10.66667, 9, 11.16667, 9.66667], "texture": "#1"},
				"up": {"uv": [12.16667, 10.5, 11.66667, 10], "texture": "#1"},
				"down": {"uv": [11.16667, 11.66667, 10.66667, 12.16667], "texture": "#1"}
			}
		},
		{
			"from": [7.3319, -15.39019, 14.17141],
			"to": [8.66427, -13.37144, 15.78641],
			"rotation": {"angle": 22.5, "axis": "x", "origin": [8, 6.07982, 7.72944]},
			"faces": {
				"north": {"uv": [1.66667, 10.66667, 2.16667, 11.33333], "texture": "#1"},
				"east": {"uv": [2.33333, 10.66667, 2.83333, 11.33333], "texture": "#1"},
				"south": {"uv": [4.66667, 10.66667, 5.16667, 11.33333], "texture": "#1"},
				"west": {"uv": [10.66667, 4.66667, 11.16667, 5.33333], "texture": "#1"},
				"up": {"uv": [8.83333, 12.16667, 8.33333, 11.66667], "texture": "#1"},
				"down": {"uv": [12.16667, 9.33333, 11.66667, 9.83333], "texture": "#1"}
			}
		},
		{
			"from": [7.62996, 0.51037, 6.46938],
			"to": [8.36621, 18.20071, 10.53063],
			"rotation": {"angle": 0, "axis": "y", "origin": [8, 6.07982, 8.22944]},
			"faces": {
				"north": {"uv": [0, 0, 0.16667, 4.5], "texture": "#1"},
				"east": {"uv": [1.5, 0, 0, 6.5], "texture": "#1"},
				"south": {"uv": [1.33333, 0, 1.5, 6.5], "texture": "#1"},
				"west": {"uv": [0, 0, 1.5, 6.5], "texture": "#1"},
				"up": {"uv": [12.5, 8.16667, 12.33333, 7.33333], "texture": "#1"},
				"down": {"uv": [0.33333, 9.66667, 0, 11.16667], "texture": "#1"}
			}
		},
		{
			"from": [8, 2.51037, 4.16937],
			"to": [8, 32, 11.23063],
			"rotation": {"angle": 0, "axis": "y", "origin": [7.63379, 8.07982, 7.92944]},
			"faces": {
				"north": {"uv": [5.33333, 5.33333, 5.66667, 15], "texture": "#1"},
				"east": {"uv": [6.16667, 15.66667, 15.33333, 13.33333], "rotation": 90, "texture": "#1"},
				"south": {"uv": [5.66667, 5.33333, 6, 15], "texture": "#1"},
				"west": {"uv": [6.16667, 13.33333, 15.33333, 15.66667], "rotation": 90, "texture": "#1"},
				"up": {"uv": [9.66667, 9.83333, 9.33333, 8.33333], "texture": "#1"},
				"down": {"uv": [0.33333, 9.66667, 0, 11.16667], "texture": "#1"}
			}
		},
		{
			"from": [7.68207, 3.15941, 2.71707],
			"to": [8.32807, 4.58441, 3.76207],
			"rotation": {"angle": -45, "axis": "x", "origin": [8, 6.07982, 8.22944]},
			"faces": {
				"north": {"uv": [12, 6.66667, 12.16667, 7.16667], "texture": "#1"},
				"east": {"uv": [1.33333, 12, 1.66667, 12.5], "texture": "#1"},
				"south": {"uv": [12, 7.33333, 12.16667, 7.83333], "texture": "#1"},
				"west": {"uv": [12, 1.33333, 12.33333, 1.83333], "texture": "#1"},
				"up": {"uv": [10.5, 7, 10.33333, 6.66667], "texture": "#1"},
				"down": {"uv": [10.5, 9, 10.33333, 9.33333], "texture": "#1"}
			}
		},
		{
			"from": [7.64882, 0.02546, 5.95148],
			"to": [8.36132, 7.2908, 8.39773],
			"rotation": {"angle": 22.5, "axis": "x", "origin": [8, 6.07982, 8.32944]},
			"faces": {
				"north": {"uv": [15.5, 7.33333, 15.66667, 9.83333], "texture": "#1"},
				"east": {"uv": [14.83333, 7.33333, 15.66667, 9.83333], "texture": "#1"},
				"south": {"uv": [14.83333, 7.33333, 15, 9.83333], "texture": "#1"},
				"west": {"uv": [15.66667, 7.33333, 14.83333, 9.83333], "texture": "#1"},
				"up": {"uv": [16, 8.16667, 15.66667, 7.33333], "texture": "#1"},
				"down": {"uv": [11.33333, 2.66667, 11, 3.5], "texture": "#1"}
			}
		},
		{
			"from": [7.65832, -0.69762, 2.26689],
			"to": [8.35182, 3.48022, 4.23814],
			"rotation": {"angle": -22.5, "axis": "x", "origin": [8, 6.07982, 8.22944]},
			"faces": {
				"north": {"uv": [6, 11, 6.16667, 12.5], "texture": "#1"},
				"east": {"uv": [4.66667, 7.33333, 5.33333, 8.83333], "texture": "#1"},
				"south": {"uv": [6.33333, 11, 6.5, 12.5], "texture": "#1"},
				"west": {"uv": [8.33333, 0, 9, 1.5], "texture": "#1"},
				"up": {"uv": [4.83333, 12.66667, 4.66667, 12], "texture": "#1"},
				"down": {"uv": [5.16667, 12, 5, 12.66667], "texture": "#1"}
			}
		}
	],
	"gui_light": "front",
	"display": {
		"thirdperson_righthand": {
			"translation": [0, 12.25, 1.5],
			"scale": [0.75, 0.75, 0.75]
		},
		"thirdperson_lefthand": {
			"translation": [0, 12.25, 1.5],
			"scale": [0.75, 0.75, 0.75]
		},
		"firstperson_righthand": {
			"rotation": [-14.25, 0, 0],
			"translation": [18.75, 1.75, -20.25]
		},
		"firstperson_lefthand": {
			"rotation": [-14.25, 0, 0],
			"translation": [18.75, 1.75, -20.25]
		},
		"ground": {
			"rotation": [0, 0, -95],
			"translation": [0, -1.75, 0],
			"scale": [0.42, 0.42, 0.42]
		},
		"gui": {
			"rotation": [-90, 45, 90],
			"scale": [0.38, 0.38, 0.38]
		},
		"head": {
			"rotation": [-90, -61.5, 90],
			"translation": [1.5, -18, 8]
		},
		"fixed": {
			"rotation": [0, -90, 0]
		}
	},
	"groups": [
		{
			"name": "blade",
			"origin": [7.98923, 8, 20],
			"color": 0,
			"nbt": "{}",
			"children": [
				0,
				{
					"name": "group",
					"origin": [7.98923, -9.48549, 8.01589],
					"color": 0,
					"nbt": "{}",
					"children": [1, 2, 3, 4, 5, 6, 7]
				},
				{
					"name": "group",
					"origin": [7.98923, -9.48549, 20.01589],
					"color": 0,
					"nbt": "{}",
					"children": [8, 9, 10, 11, 12]
				},
				{
					"name": "group",
					"origin": [8, 6.44946, 2],
					"color": 0,
					"nbt": "{}",
					"children": [13, 14, 15, 16, 17, 18]
				},
				{
					"name": "group",
					"origin": [7.98923, -9.48549, 8.01589],
					"color": 0,
					"nbt": "{}",
					"children": [19, 20, 21, 22, 23]
				}
			]
		}
	]
}