{
	"credit": "Made with Blockbench",
	"textures": {
		"0": "radiance_collection/light_full",
		"1": "radiance_collection/texture",
		"2": "radiance_collection/hammer",
		"3": "radiance_collection/string",
		"particle": "radiance_collection/light_full"
	},
	"elements": [
		{
			"from": [8, -9.5, -2.4853],
			"to": [8, 11.5, 18.5147],
			"rotation": {"angle": 0, "axis": "y", "origin": [7.97257, 1, 8.69243]},
			"faces": {
				"north": {"uv": [0, 0, 16, 0], "rotation": 270, "texture": "#0"},
				"east": {"uv": [0, 0, 16, 16], "rotation": 90, "texture": "#0"},
				"south": {"uv": [0, 0, 16, 0], "rotation": 270, "texture": "#0"},
				"west": {"uv": [0, 0, 16, 16], "rotation": 270, "texture": "#0"},
				"up": {"uv": [0, 0, 0, 16], "texture": "#0"},
				"down": {"uv": [0, 0, 0, 16], "rotation": 180, "texture": "#0"}
			}
		},
		{
			"from": [7.95, -10, 13.2647],
			"to": [8.05, 12, 18.5647],
			"rotation": {"angle": 0, "axis": "y", "origin": [7.92257, 1, 24.44243]},
			"faces": {
				"north": {"uv": [15.91667, 0, 16, 0.91667], "rotation": 270, "texture": "#3"},
				"east": {"uv": [2, 0, 0, 7.5], "texture": "#3"},
				"south": {"uv": [15.91667, 0, 16, 0.66667], "rotation": 270, "texture": "#3"},
				"west": {"uv": [0, 0, 2, 7.5], "texture": "#3"},
				"up": {"uv": [5.33333, 0, 5.25, 0.16667], "texture": "#3"},
				"down": {"uv": [5.25, 0, 5.33333, 0.16667], "rotation": 180, "texture": "#3"}
			}
		},
		{
			"from": [7.39718, -1.01875, 7.40834],
			"to": [8.60843, 3.01875, 8.61959],
			"rotation": {"angle": 0, "axis": "y", "origin": [7.92257, 1, 8.69243]},
			"faces": {
				"north": {"uv": [8.33333, 3.66667, 8.83333, 5.16667], "texture": "#1"},
				"east": {"uv": [4, 8.66667, 4.5, 10.16667], "texture": "#1"},
				"south": {"uv": [6, 8.66667, 6.5, 10.16667], "texture": "#1"},
				"west": {"uv": [6.66667, 8.66667, 7.16667, 10.16667], "texture": "#1"},
				"up": {"uv": [11.5, 4.16667, 11, 3.66667], "texture": "#1"},
				"down": {"uv": [4.5, 11, 4, 11.5], "texture": "#1"}
			}
		},
		{
			"from": [7.95, 0.2, -0.5853],
			"to": [8.05, 1.8, 18.4147],
			"rotation": {"angle": 45, "axis": "z", "origin": [8, 1, 8.9147]},
			"faces": {
				"north": {"uv": [11.58333, 1.25, 11.25, 1.66667], "rotation": 180, "texture": "#2"},
				"east": {"uv": [14.25, 15.83333, 15.5, 1.25], "rotation": 270, "texture": "#2"},
				"south": {"uv": [11.25, 1.25, 11.58333, 1.91667], "rotation": 180, "texture": "#2"},
				"west": {"uv": [14.25, 1.25, 15.5, 15.83333], "rotation": 270, "texture": "#2"},
				"up": {"uv": [14.25, 1.25, 14.5, 15.75], "texture": "#2"},
				"down": {"uv": [14.25, 15.75, 14.5, 1.25], "texture": "#2"}
			}
		},
		{
			"from": [7.95, 0.2, -0.5853],
			"to": [8.05, 1.8, 18.4147],
			"rotation": {"angle": -45, "axis": "z", "origin": [8, 1, 8.9147]},
			"faces": {
				"north": {"uv": [11.58333, 1.25, 11.25, 1.66667], "rotation": 180, "texture": "#2"},
				"east": {"uv": [14.25, 15.83333, 15.5, 1.25], "rotation": 270, "texture": "#2"},
				"south": {"uv": [11.25, 1.25, 11.58333, 1.91667], "rotation": 180, "texture": "#2"},
				"west": {"uv": [14.25, 1.25, 15.5, 15.83333], "rotation": 270, "texture": "#2"},
				"up": {"uv": [14.25, 1.25, 14.5, 15.75], "texture": "#2"},
				"down": {"uv": [14.25, 15.75, 14.5, 1.25], "texture": "#2"}
			}
		},
		{
			"from": [6.99343, 4.34032, 7.74343],
			"to": [9.01218, 7.16657, 10.56968],
			"rotation": {"angle": -22.5, "axis": "x", "origin": [7.92257, 1, 8.69243]},
			"faces": {
				"north": {"uv": [9.66667, 6.66667, 9, 7.66667], "rotation": 180, "texture": "#1"},
				"east": {"uv": [8.33333, 1.66667, 9.33333, 2.66667], "rotation": 270, "texture": "#1"},
				"south": {"uv": [9.66667, 6.66667, 9, 5.66667], "texture": "#1"},
				"west": {"uv": [8.33333, 2.66667, 9.33333, 3.66667], "rotation": 90, "texture": "#1"},
				"up": {"uv": [4.66667, 9, 5.33333, 10], "rotation": 180, "texture": "#1"},
				"down": {"uv": [9, 4.66667, 9.66667, 5.66667], "texture": "#1"}
			}
		},
		{
			"from": [7.12968, 9.13052, 6.24519],
			"to": [8.54281, 10.34177, 9.07144],
			"rotation": {"angle": -22.5, "axis": "x", "origin": [7.92257, 1, 8.69243]},
			"faces": {
				"north": {"uv": [11.33333, 4.33333, 11.83333, 4.83333], "texture": "#1"},
				"east": {"uv": [9.66667, 7, 10.66667, 7.5], "texture": "#1"},
				"south": {"uv": [4.66667, 11.33333, 5.16667, 11.83333], "texture": "#1"},
				"west": {"uv": [9.66667, 9.33333, 10.66667, 9.83333], "texture": "#1"},
				"up": {"uv": [10.5, 1, 10, 0], "texture": "#1"},
				"down": {"uv": [10.5, 1, 10, 2], "texture": "#1"}
			}
		},
		{
			"from": [7.28454, 6.31715, 6.24549],
			"to": [8.69766, 9.1434, 7.86049],
			"rotation": {"angle": -22.5, "axis": "x", "origin": [7.92257, 1, 8.69243]},
			"faces": {
				"north": {"uv": [10.16667, 8.33333, 9.66667, 9.33333], "rotation": 180, "texture": "#1"},
				"east": {"uv": [9.66667, 4.66667, 10.66667, 5.16667], "rotation": 270, "texture": "#1"},
				"south": {"uv": [10.16667, 7, 9.66667, 6], "texture": "#1"},
				"west": {"uv": [9.66667, 5.33333, 10.66667, 5.83333], "rotation": 90, "texture": "#1"},
				"up": {"uv": [11.33333, 2.66667, 11.83333, 3.16667], "rotation": 180, "texture": "#1"},
				"down": {"uv": [3.33333, 11.33333, 3.83333, 11.83333], "texture": "#1"}
			}
		},
		{
			"from": [7.1953, 4.97601, 4.39697],
			"to": [8.8103, 6.79288, 7.22322],
			"rotation": {"angle": 0, "axis": "y", "origin": [7.92257, 1, 8.69243]},
			"faces": {
				"north": {"uv": [6, 10.33333, 6.5, 11], "texture": "#1"},
				"east": {"uv": [9, 1, 10, 1.66667], "texture": "#1"},
				"south": {"uv": [10.33333, 6, 10.83333, 6.66667], "texture": "#1"},
				"west": {"uv": [9, 7.66667, 10, 8.33333], "texture": "#1"},
				"up": {"uv": [2.16667, 10.66667, 1.66667, 9.66667], "texture": "#1"},
				"down": {"uv": [2.83333, 9.66667, 2.33333, 10.66667], "texture": "#1"}
			}
		},
		{
			"from": [7.67257, 4.46037, -0.01577],
			"to": [8.33757, 6.83537, 1.30923],
			"rotation": {"angle": 45, "axis": "x", "origin": [7.92257, 1, 8.69243]},
			"faces": {
				"north": {"uv": [2.5, 12.83333, 2.33333, 12], "rotation": 180, "texture": "#1"},
				"east": {"uv": [9.33333, 10, 10.16667, 10.5], "rotation": 90, "texture": "#1"},
				"south": {"uv": [12.16667, 4.33333, 12, 5.16667], "texture": "#1"},
				"west": {"uv": [10.33333, 2, 11.16667, 2.5], "rotation": 270, "texture": "#1"},
				"up": {"uv": [9, 12, 9.16667, 12.5], "texture": "#1"},
				"down": {"uv": [12, 8.66667, 12.16667, 9.16667], "rotation": 180, "texture": "#1"}
			}
		},
		{
			"from": [6.98871, 8.85397, 0.54675],
			"to": [9.00746, 11.27647, 2.96925],
			"rotation": {"angle": 45, "axis": "x", "origin": [7.92257, 1, 8.69243]},
			"faces": {
				"north": {"uv": [8.33333, 10.16667, 7.66667, 9.33333], "rotation": 180, "texture": "#1"},
				"east": {"uv": [9, 0, 9.83333, 0.83333], "rotation": 90, "texture": "#1"},
				"south": {"uv": [9, 9.33333, 8.33333, 10.16667], "texture": "#1"},
				"west": {"uv": [9, 3.66667, 9.83333, 4.5], "rotation": 270, "texture": "#1"},
				"up": {"uv": [9.33333, 2.66667, 10, 3.5], "texture": "#1"},
				"down": {"uv": [9.33333, 1.66667, 10, 2.5], "rotation": 180, "texture": "#1"}
			}
		},
		{
			"from": [7.37227, 11.50045, 0.83896],
			"to": [8.6239, 12.7117, 2.85771],
			"rotation": {"angle": 45, "axis": "x", "origin": [7.92257, 1, 8.69243]},
			"faces": {
				"north": {"uv": [12.16667, 10, 11.66667, 10.5], "rotation": 180, "texture": "#1"},
				"east": {"uv": [11.16667, 6.66667, 10.66667, 7.33333], "rotation": 90, "texture": "#1"},
				"south": {"uv": [11.16667, 12.16667, 10.66667, 11.66667], "texture": "#1"},
				"west": {"uv": [11.16667, 9, 10.66667, 9.66667], "rotation": 270, "texture": "#1"},
				"up": {"uv": [11.16667, 5.33333, 10.66667, 6], "texture": "#1"},
				"down": {"uv": [11.16667, 7.33333, 10.66667, 8], "rotation": 180, "texture": "#1"}
			}
		},
		{
			"from": [7.3319, 11.12253, 14.48849],
			"to": [8.66427, 12.73753, 16.50724],
			"rotation": {"angle": -22.5, "axis": "x", "origin": [7.92257, 1, 8.69243]},
			"faces": {
				"north": {"uv": [8.83333, 11.66667, 8.33333, 12.16667], "rotation": 180, "texture": "#1"},
				"east": {"uv": [2.83333, 10.66667, 2.33333, 11.33333], "rotation": 90, "texture": "#1"},
				"south": {"uv": [12.16667, 9.83333, 11.66667, 9.33333], "texture": "#1"},
				"west": {"uv": [11.16667, 4.66667, 10.66667, 5.33333], "rotation": 270, "texture": "#1"},
				"up": {"uv": [2.16667, 10.66667, 1.66667, 11.33333], "texture": "#1"},
				"down": {"uv": [5.16667, 10.66667, 4.66667, 11.33333], "rotation": 180, "texture": "#1"}
			}
		},
		{
			"from": [7.37699, 10.00601, 6.68653],
			"to": [8.62861, 11.21726, 8.70528],
			"rotation": {"angle": 0, "axis": "y", "origin": [7.92257, 1, 8.69243]},
			"faces": {
				"north": {"uv": [7.66667, 11.66667, 8.16667, 12.16667], "texture": "#1"},
				"east": {"uv": [10.33333, 10, 11, 10.5], "texture": "#1"},
				"south": {"uv": [11.66667, 8, 12.16667, 8.5], "texture": "#1"},
				"west": {"uv": [10.66667, 0, 11.33333, 0.5], "texture": "#1"},
				"up": {"uv": [11.16667, 1.33333, 10.66667, 0.66667], "texture": "#1"},
				"down": {"uv": [11.16667, 1.33333, 10.66667, 2], "texture": "#1"}
			}
		},
		{
			"from": [7.33661, 7.3773, 0.71831],
			"to": [8.66899, 9.39605, 2.33331],
			"rotation": {"angle": 45, "axis": "x", "origin": [7.92257, 1, 8.69243]},
			"faces": {
				"north": {"uv": [6.66667, 10.33333, 7.16667, 11], "texture": "#1"},
				"east": {"uv": [7.66667, 10.33333, 8.16667, 11], "texture": "#1"},
				"south": {"uv": [8.33333, 10.33333, 8.83333, 11], "texture": "#1"},
				"west": {"uv": [10.33333, 8.33333, 10.83333, 9], "texture": "#1"},
				"up": {"uv": [12.16667, 6.16667, 11.66667, 5.66667], "texture": "#1"},
				"down": {"uv": [7.16667, 11.66667, 6.66667, 12.16667], "texture": "#1"}
			}
		},
		{
			"from": [8.0089, 13.25227, 9.7353],
			"to": [8.0089, 17.25227, 18.7353],
			"rotation": {"angle": -22.5, "axis": "x", "origin": [8.0089, 15.25227, 14.2353]},
			"faces": {
				"north": {"uv": [16, 0, 0, 0], "rotation": 90, "texture": "#1"},
				"east": {"uv": [0, 3, 1.5, 6.33333], "rotation": 270, "texture": "#1"},
				"south": {"uv": [16, 0, 0, 0], "rotation": 90, "texture": "#1"},
				"west": {"uv": [1.5, 3, 0, 6.33333], "rotation": 90, "texture": "#1"},
				"up": {"uv": [0, 0, 0, 16], "rotation": 180, "texture": "#1"},
				"down": {"uv": [0, 0, 0, 16], "texture": "#1"}
			}
		},
		{
			"from": [7.37699, 3.64901, 2.14018],
			"to": [8.62861, 4.86026, 4.15893],
			"rotation": {"angle": 0, "axis": "y", "origin": [7.92257, 1, 8.69243]},
			"faces": {
				"north": {"uv": [7.66667, 11.66667, 8.16667, 12.16667], "texture": "#1"},
				"east": {"uv": [10.33333, 10, 11, 10.5], "texture": "#1"},
				"south": {"uv": [11.66667, 8, 12.16667, 8.5], "texture": "#1"},
				"west": {"uv": [10.66667, 0, 11.33333, 0.5], "texture": "#1"},
				"up": {"uv": [11.16667, 1.33333, 10.66667, 0.66667], "texture": "#1"},
				"down": {"uv": [11.16667, 1.33333, 10.66667, 2], "texture": "#1"}
			}
		},
		{
			"from": [7.33661, -0.33253, 1.99863],
			"to": [8.66899, 1.68622, 3.61363],
			"rotation": {"angle": 45, "axis": "x", "origin": [7.92257, 1, 8.69243]},
			"faces": {
				"north": {"uv": [6.66667, 10.33333, 7.16667, 11], "texture": "#1"},
				"east": {"uv": [7.66667, 10.33333, 8.16667, 11], "texture": "#1"},
				"south": {"uv": [8.33333, 10.33333, 8.83333, 11], "texture": "#1"},
				"west": {"uv": [10.33333, 8.33333, 10.83333, 9], "texture": "#1"},
				"up": {"uv": [12.16667, 6.16667, 11.66667, 5.66667], "texture": "#1"},
				"down": {"uv": [7.16667, 11.66667, 6.66667, 12.16667], "texture": "#1"}
			}
		},
		{
			"from": [7.19058, 11.13792, 2.8307],
			"to": [8.80558, 12.9548, 4.64758],
			"rotation": {"angle": 45, "axis": "x", "origin": [7.92257, 1, 8.69243]},
			"faces": {
				"north": {"uv": [4.5, 11, 4, 10.33333], "rotation": 180, "texture": "#1"},
				"east": {"uv": [4.66667, 10, 5.33333, 10.66667], "rotation": 90, "texture": "#1"},
				"south": {"uv": [10.83333, 4, 10.33333, 4.66667], "texture": "#1"},
				"west": {"uv": [10, 7.66667, 10.66667, 8.33333], "rotation": 270, "texture": "#1"},
				"up": {"uv": [10.33333, 3.33333, 10.83333, 4], "texture": "#1"},
				"down": {"uv": [10.33333, 2.66667, 10.83333, 3.33333], "rotation": 180, "texture": "#1"}
			}
		},
		{
			"from": [7.1953, 2.96037, 7.20647],
			"to": [8.8103, 4.57537, 8.82147],
			"rotation": {"angle": 0, "axis": "y", "origin": [7.92257, 1, 8.69243]},
			"faces": {
				"north": {"uv": [11, 6, 11.5, 6.5], "texture": "#1"},
				"east": {"uv": [6.66667, 11, 7.16667, 11.5], "texture": "#1"},
				"south": {"uv": [7.66667, 11, 8.16667, 11.5], "texture": "#1"},
				"west": {"uv": [11, 8, 11.5, 8.5], "texture": "#1"},
				"up": {"uv": [8.83333, 11.5, 8.33333, 11], "texture": "#1"},
				"down": {"uv": [11.5, 9.66667, 11, 10.16667], "texture": "#1"}
			}
		},
		{
			"from": [7.1953, 1.74912, 7.20647],
			"to": [8.8103, 2.55662, 8.82147],
			"rotation": {"angle": 0, "axis": "y", "origin": [7.92257, 1, 8.69243]},
			"faces": {
				"north": {"uv": [11.66667, 4, 12.16667, 4.33333], "texture": "#1"},
				"east": {"uv": [11.66667, 6.33333, 12.16667, 6.66667], "texture": "#1"},
				"south": {"uv": [1.66667, 12, 2.16667, 12.33333], "texture": "#1"},
				"west": {"uv": [12, 2, 12.5, 2.33333], "texture": "#1"},
				"up": {"uv": [11.5, 10.83333, 11, 10.33333], "texture": "#1"},
				"down": {"uv": [11.5, 11, 11, 11.5], "texture": "#1"}
			}
		},
		{
			"from": [6.99343, -5.16657, 7.74343],
			"to": [9.01218, -2.34032, 10.56968],
			"rotation": {"angle": 22.5, "axis": "x", "origin": [7.92257, 1, 8.69243]},
			"faces": {
				"north": {"uv": [9.66667, 7.66667, 9, 6.66667], "rotation": 180, "texture": "#1"},
				"east": {"uv": [9.33333, 1.66667, 8.33333, 2.66667], "rotation": 270, "texture": "#1"},
				"south": {"uv": [9.66667, 5.66667, 9, 6.66667], "texture": "#1"},
				"west": {"uv": [9.33333, 2.66667, 8.33333, 3.66667], "rotation": 90, "texture": "#1"},
				"up": {"uv": [9, 5.66667, 9.66667, 4.66667], "texture": "#1"},
				"down": {"uv": [4.66667, 10, 5.33333, 9], "rotation": 180, "texture": "#1"}
			}
		},
		{
			"from": [7.12968, -8.34177, 6.24519],
			"to": [8.54281, -7.13052, 9.07144],
			"rotation": {"angle": 22.5, "axis": "x", "origin": [7.92257, 1, 8.69243]},
			"faces": {
				"north": {"uv": [11.33333, 4.83333, 11.83333, 4.33333], "texture": "#1"},
				"east": {"uv": [9.66667, 7.5, 10.66667, 7], "texture": "#1"},
				"south": {"uv": [4.66667, 11.83333, 5.16667, 11.33333], "texture": "#1"},
				"west": {"uv": [9.66667, 9.83333, 10.66667, 9.33333], "texture": "#1"},
				"up": {"uv": [10.5, 2, 10, 1], "texture": "#1"},
				"down": {"uv": [10.5, 0, 10, 1], "texture": "#1"}
			}
		},
		{
			"from": [7.28454, -7.1434, 6.24549],
			"to": [8.69766, -4.31715, 7.86049],
			"rotation": {"angle": 22.5, "axis": "x", "origin": [7.92257, 1, 8.69243]},
			"faces": {
				"north": {"uv": [10.16667, 9.33333, 9.66667, 8.33333], "rotation": 180, "texture": "#1"},
				"east": {"uv": [10.66667, 4.66667, 9.66667, 5.16667], "rotation": 270, "texture": "#1"},
				"south": {"uv": [10.16667, 6, 9.66667, 7], "texture": "#1"},
				"west": {"uv": [10.66667, 5.33333, 9.66667, 5.83333], "rotation": 90, "texture": "#1"},
				"up": {"uv": [3.33333, 11.83333, 3.83333, 11.33333], "texture": "#1"},
				"down": {"uv": [11.33333, 3.16667, 11.83333, 2.66667], "rotation": 180, "texture": "#1"}
			}
		},
		{
			"from": [7.1953, -4.79288, 4.39697],
			"to": [8.8103, -2.97601, 7.22322],
			"rotation": {"angle": 0, "axis": "y", "origin": [7.92257, 1, 8.69243]},
			"faces": {
				"north": {"uv": [6, 11, 6.5, 10.33333], "texture": "#1"},
				"east": {"uv": [9, 1.66667, 10, 1], "texture": "#1"},
				"south": {"uv": [10.33333, 6.66667, 10.83333, 6], "texture": "#1"},
				"west": {"uv": [9, 8.33333, 10, 7.66667], "texture": "#1"},
				"up": {"uv": [2.83333, 10.66667, 2.33333, 9.66667], "texture": "#1"},
				"down": {"uv": [2.16667, 9.66667, 1.66667, 10.66667], "texture": "#1"}
			}
		},
		{
			"from": [7.67257, -4.83537, -0.01577],
			"to": [8.33757, -2.46037, 1.30923],
			"rotation": {"angle": -45, "axis": "x", "origin": [7.92257, 1, 8.69243]},
			"faces": {
				"north": {"uv": [2.5, 12, 2.33333, 12.83333], "rotation": 180, "texture": "#1"},
				"east": {"uv": [10.16667, 10, 9.33333, 10.5], "rotation": 90, "texture": "#1"},
				"south": {"uv": [12.16667, 5.16667, 12, 4.33333], "texture": "#1"},
				"west": {"uv": [11.16667, 2, 10.33333, 2.5], "rotation": 270, "texture": "#1"},
				"up": {"uv": [12, 9.16667, 12.16667, 8.66667], "rotation": 180, "texture": "#1"},
				"down": {"uv": [9, 12.5, 9.16667, 12], "texture": "#1"}
			}
		},
		{
			"from": [6.98871, -9.27647, 0.54675],
			"to": [9.00746, -6.85397, 2.96925],
			"rotation": {"angle": -45, "axis": "x", "origin": [7.92257, 1, 8.69243]},
			"faces": {
				"north": {"uv": [8.33333, 9.33333, 7.66667, 10.16667], "rotation": 180, "texture": "#1"},
				"east": {"uv": [9.83333, 0, 9, 0.83333], "rotation": 90, "texture": "#1"},
				"south": {"uv": [9, 10.16667, 8.33333, 9.33333], "texture": "#1"},
				"west": {"uv": [9.83333, 3.66667, 9, 4.5], "rotation": 270, "texture": "#1"},
				"up": {"uv": [9.33333, 2.5, 10, 1.66667], "rotation": 180, "texture": "#1"},
				"down": {"uv": [9.33333, 3.5, 10, 2.66667], "texture": "#1"}
			}
		},
		{
			"from": [7.37227, -10.7117, 0.83896],
			"to": [8.6239, -9.50045, 2.85771],
			"rotation": {"angle": -45, "axis": "x", "origin": [7.92257, 1, 8.69243]},
			"faces": {
				"north": {"uv": [12.16667, 10.5, 11.66667, 10], "rotation": 180, "texture": "#1"},
				"east": {"uv": [10.66667, 6.66667, 11.16667, 7.33333], "rotation": 90, "texture": "#1"},
				"south": {"uv": [11.16667, 11.66667, 10.66667, 12.16667], "texture": "#1"},
				"west": {"uv": [10.66667, 9, 11.16667, 9.66667], "rotation": 270, "texture": "#1"},
				"up": {"uv": [11.16667, 8, 10.66667, 7.33333], "rotation": 180, "texture": "#1"},
				"down": {"uv": [11.16667, 6, 10.66667, 5.33333], "texture": "#1"}
			}
		},
		{
			"from": [7.3319, -10.73753, 14.48849],
			"to": [8.66427, -9.12253, 16.50724],
			"rotation": {"angle": 22.5, "axis": "x", "origin": [7.92257, 1, 8.69243]},
			"faces": {
				"north": {"uv": [8.83333, 12.16667, 8.33333, 11.66667], "rotation": 180, "texture": "#1"},
				"east": {"uv": [2.33333, 10.66667, 2.83333, 11.33333], "rotation": 90, "texture": "#1"},
				"south": {"uv": [12.16667, 9.33333, 11.66667, 9.83333], "texture": "#1"},
				"west": {"uv": [10.66667, 4.66667, 11.16667, 5.33333], "rotation": 270, "texture": "#1"},
				"up": {"uv": [5.16667, 11.33333, 4.66667, 10.66667], "rotation": 180, "texture": "#1"},
				"down": {"uv": [2.16667, 11.33333, 1.66667, 10.66667], "texture": "#1"}
			}
		},
		{
			"from": [7.37699, -9.21726, 6.68653],
			"to": [8.62861, -8.00601, 8.70528],
			"rotation": {"angle": 0, "axis": "y", "origin": [7.92257, 1, 8.69243]},
			"faces": {
				"north": {"uv": [7.66667, 12.16667, 8.16667, 11.66667], "texture": "#1"},
				"east": {"uv": [10.33333, 10.5, 11, 10], "texture": "#1"},
				"south": {"uv": [11.66667, 8.5, 12.16667, 8], "texture": "#1"},
				"west": {"uv": [10.66667, 0.5, 11.33333, 0], "texture": "#1"},
				"up": {"uv": [11.16667, 2, 10.66667, 1.33333], "texture": "#1"},
				"down": {"uv": [11.16667, 0.66667, 10.66667, 1.33333], "texture": "#1"}
			}
		},
		{
			"from": [7.33661, -7.39605, 0.71831],
			"to": [8.66899, -5.3773, 2.33331],
			"rotation": {"angle": -45, "axis": "x", "origin": [7.92257, 1, 8.69243]},
			"faces": {
				"north": {"uv": [6.66667, 11, 7.16667, 10.33333], "texture": "#1"},
				"east": {"uv": [7.66667, 11, 8.16667, 10.33333], "texture": "#1"},
				"south": {"uv": [8.33333, 11, 8.83333, 10.33333], "texture": "#1"},
				"west": {"uv": [10.33333, 9, 10.83333, 8.33333], "texture": "#1"},
				"up": {"uv": [7.16667, 12.16667, 6.66667, 11.66667], "texture": "#1"},
				"down": {"uv": [12.16667, 5.66667, 11.66667, 6.16667], "texture": "#1"}
			}
		},
		{
			"from": [8.0089, -15.25227, 9.7353],
			"to": [8.0089, -11.25227, 18.7353],
			"rotation": {"angle": 22.5, "axis": "x", "origin": [8.0089, -13.25227, 14.2353]},
			"faces": {
				"north": {"uv": [0, 0, 16, 0], "rotation": 90, "texture": "#1"},
				"east": {"uv": [1.5, 3, 0, 6.33333], "rotation": 270, "texture": "#1"},
				"south": {"uv": [0, 0, 16, 0], "rotation": 90, "texture": "#1"},
				"west": {"uv": [0, 3, 1.5, 6.33333], "rotation": 90, "texture": "#1"},
				"up": {"uv": [0, 16, 0, 0], "texture": "#1"},
				"down": {"uv": [0, 16, 0, 0], "rotation": 180, "texture": "#1"}
			}
		},
		{
			"from": [7.37699, -2.86026, 2.14018],
			"to": [8.62861, -1.64901, 4.15893],
			"rotation": {"angle": 0, "axis": "y", "origin": [7.92257, 1, 8.69243]},
			"faces": {
				"north": {"uv": [7.66667, 12.16667, 8.16667, 11.66667], "texture": "#1"},
				"east": {"uv": [10.33333, 10.5, 11, 10], "texture": "#1"},
				"south": {"uv": [11.66667, 8.5, 12.16667, 8], "texture": "#1"},
				"west": {"uv": [10.66667, 0.5, 11.33333, 0], "texture": "#1"},
				"up": {"uv": [11.16667, 2, 10.66667, 1.33333], "texture": "#1"},
				"down": {"uv": [11.16667, 0.66667, 10.66667, 1.33333], "texture": "#1"}
			}
		},
		{
			"from": [7.33661, 0.31378, 1.99863],
			"to": [8.66899, 2.33253, 3.61363],
			"rotation": {"angle": -45, "axis": "x", "origin": [7.92257, 1, 8.69243]},
			"faces": {
				"north": {"uv": [6.66667, 11, 7.16667, 10.33333], "texture": "#1"},
				"east": {"uv": [7.66667, 11, 8.16667, 10.33333], "texture": "#1"},
				"south": {"uv": [8.33333, 11, 8.83333, 10.33333], "texture": "#1"},
				"west": {"uv": [10.33333, 9, 10.83333, 8.33333], "texture": "#1"},
				"up": {"uv": [7.16667, 12.16667, 6.66667, 11.66667], "texture": "#1"},
				"down": {"uv": [12.16667, 5.66667, 11.66667, 6.16667], "texture": "#1"}
			}
		},
		{
			"from": [7.19058, -10.9548, 2.8307],
			"to": [8.80558, -9.13792, 4.64758],
			"rotation": {"angle": -45, "axis": "x", "origin": [7.92257, 1, 8.69243]},
			"faces": {
				"north": {"uv": [4.5, 10.33333, 4, 11], "rotation": 180, "texture": "#1"},
				"east": {"uv": [5.33333, 10, 4.66667, 10.66667], "rotation": 90, "texture": "#1"},
				"south": {"uv": [10.83333, 4.66667, 10.33333, 4], "texture": "#1"},
				"west": {"uv": [10.66667, 7.66667, 10, 8.33333], "rotation": 270, "texture": "#1"},
				"up": {"uv": [10.33333, 3.33333, 10.83333, 2.66667], "rotation": 180, "texture": "#1"},
				"down": {"uv": [10.33333, 4, 10.83333, 3.33333], "texture": "#1"}
			}
		},
		{
			"from": [7.1953, -2.57537, 7.20647],
			"to": [8.8103, -0.96037, 8.82147],
			"rotation": {"angle": 0, "axis": "y", "origin": [7.92257, 1, 8.69243]},
			"faces": {
				"north": {"uv": [11, 6.5, 11.5, 6], "texture": "#1"},
				"east": {"uv": [6.66667, 11.5, 7.16667, 11], "texture": "#1"},
				"south": {"uv": [7.66667, 11.5, 8.16667, 11], "texture": "#1"},
				"west": {"uv": [11, 8.5, 11.5, 8], "texture": "#1"},
				"up": {"uv": [11.5, 10.16667, 11, 9.66667], "texture": "#1"},
				"down": {"uv": [8.83333, 11, 8.33333, 11.5], "texture": "#1"}
			}
		},
		{
			"from": [7.1953, -0.55662, 7.20647],
			"to": [8.8103, 0.25088, 8.82147],
			"rotation": {"angle": 0, "axis": "y", "origin": [7.92257, 1, 8.69243]},
			"faces": {
				"north": {"uv": [11.66667, 4.33333, 12.16667, 4], "texture": "#1"},
				"east": {"uv": [11.66667, 6.66667, 12.16667, 6.33333], "texture": "#1"},
				"south": {"uv": [1.66667, 12.33333, 2.16667, 12], "texture": "#1"},
				"west": {"uv": [12, 2.33333, 12.5, 2], "texture": "#1"},
				"up": {"uv": [11.5, 11.5, 11, 11], "texture": "#1"},
				"down": {"uv": [11.5, 10.33333, 11, 10.83333], "texture": "#1"}
			}
		}
	],
	"gui_light": "front",
	"display": {
		"thirdperson_righthand": {
			"translation": [0, 3.25, 1],
			"scale": [0.75, 0.75, 0.75]
		},
		"thirdperson_lefthand": {
			"translation": [0, 3.25, 1],
			"scale": [0.75, 0.75, 0.75]
		},
		"firstperson_righthand": {
			"rotation": [24.15, 13.15, 1.95],
			"translation": [6.75, 8.75, -6.75],
			"scale": [0.86, 0.86, 0.86]
		},
		"firstperson_lefthand": {
			"rotation": [28.2, -1.46, 2.03],
			"translation": [9, 6.5, -1],
			"scale": [0.86, 0.86, 0.86]
		},
		"ground": {
			"rotation": [0, 0, -77],
			"translation": [2.75, -0.25, 0],
			"scale": [0.42, 0.42, 0.42]
		},
		"gui": {
			"rotation": [90, 45, -90],
			"translation": [0.75, 4.25, 0],
			"scale": [0.5, 0.5, 0.5]
		},
		"head": {
			"scale": [0.06, 0.06, 0.06]
		},
		"fixed": {
			"rotation": [0, -90, 0],
			"translation": [0, 6, -1.25]
		}
	},
	"groups": [
		{
			"name": "bow",
			"origin": [7.98923, 8, 20],
			"color": 0,
			"nbt": "{}",
			"children": [
				0,
				1,
				2,
				{
					"name": "group",
					"origin": [8, 1, 5.9147],
					"color": 0,
					"nbt": "{}",
					"children": [3, 4]
				},
				{
					"name": "group",
					"origin": [8, -6.17319, 8],
					"color": 0,
					"nbt": "{}",
					"children": [5, 6, 7, 8, 9, 10, 11, 12, 13, 14, 15, 16, 17, 18, 19, 20]
				},
				{
					"name": "group",
					"origin": [8, 1.32681, 8],
					"color": 0,
					"nbt": "{}",
					"children": [21, 22, 23, 24, 25, 26, 27, 28, 29, 30, 31, 32, 33, 34, 35, 36]
				}
			]
		}
	]
}