{
	"credit": "Made with Blockbench",
	"texture_size": [44, 44],
	"textures": {
		"0": "radiance_collection/light_full",
		"1": "radiance_collection/chest",
		"2": "radiance_collection/texture",
		"3": "radiance_collection/sub_wings",
		"particle": "radiance_collection/light_full"
	},
	"elements": [
		{
			"from": [2.8, 0.23761, 3.832],
			"to": [13.2, 4.93761, 12.168],
			"rotation": {"angle": 0, "axis": "y", "origin": [8, 1.61761, 11.192]},
			"faces": {
				"north": {"uv": [8, 5.81818, 11.81818, 7.54545], "texture": "#1"},
				"east": {"uv": [8.36364, 3.63636, 11.36364, 5.36364], "texture": "#1"},
				"south": {"uv": [8, 7.63636, 11.81818, 9.36364], "texture": "#1"},
				"west": {"uv": [4, 9.09091, 7, 10.81818], "texture": "#1"},
				"up": {"uv": [7.81818, 8.81818, 4, 5.81818], "texture": "#1"},
				"down": {"uv": [3.81818, 7.27273, 0, 10.27273], "texture": "#1"}
			}
		},
		{
			"from": [2.44, 4.81761, 3.4],
			"to": [13.56, 6.41761, 12.6],
			"rotation": {"angle": 0, "axis": "y", "origin": [10.24, 0.81761, 11.2]},
			"faces": {
				"north": {"uv": [12, 1.09091, 16, 1.63636], "texture": "#1"},
				"east": {"uv": [12, 2.54545, 15.36364, 3.09091], "texture": "#1"},
				"south": {"uv": [12, 1.81818, 16, 2.36364], "texture": "#1"},
				"west": {"uv": [12, 5.81818, 15.36364, 6.36364], "texture": "#1"},
				"up": {"uv": [4, 3.36364, 0, 0], "texture": "#1"},
				"down": {"uv": [4, 3.63636, 0, 7], "texture": "#1"}
			}
		},
		{
			"from": [11.38654, 0.01761, 3.45],
			"to": [12.98654, 5.01761, 12.55],
			"rotation": {"angle": 0, "axis": "y", "origin": [7.38654, 1.61761, 11.25]},
			"faces": {
				"north": {"uv": [12, 6.54545, 12.54545, 8.36364], "texture": "#1"},
				"east": {"uv": [8.36364, 0, 11.72727, 1.81818], "texture": "#1"},
				"south": {"uv": [2.90909, 12.36364, 3.45455, 14.18182], "texture": "#1"},
				"west": {"uv": [8.36364, 1.81818, 11.72727, 3.63636], "texture": "#1"},
				"up": {"uv": [7.45455, 15.36364, 6.90909, 12], "texture": "#1"},
				"down": {"uv": [8.18182, 12, 7.63636, 15.36364], "texture": "#1"}
			}
		},
		{
			"from": [11.82654, 0.09761, 3.53],
			"to": [13.42654, 4.09761, 12.47],
			"rotation": {"angle": 22.5, "axis": "z", "origin": [12.62654, 2.89761, 8.13]},
			"faces": {
				"north": {"uv": [3.63636, 12.36364, 4.18182, 13.81818], "texture": "#1"},
				"east": {"uv": [7.27273, 9.45455, 10.54545, 10.90909], "texture": "#1"},
				"south": {"uv": [4.36364, 12.36364, 4.90909, 13.81818], "texture": "#1"},
				"west": {"uv": [0, 10.54545, 3.27273, 12], "texture": "#1"},
				"up": {"uv": [10.36364, 15.27273, 9.81818, 12], "texture": "#1"},
				"down": {"uv": [11.09091, 12, 10.54545, 15.27273], "texture": "#1"}
			}
		},
		{
			"from": [2.4, 6.41761, 4],
			"to": [13.6, 9.01761, 12],
			"rotation": {"angle": 0, "axis": "y", "origin": [8, 12.01761, 11.2]},
			"faces": {
				"north": {"uv": [6.90909, 10.90909, 11, 11.81818], "texture": "#1"},
				"east": {"uv": [0, 12, 2.90909, 12.90909], "texture": "#1"},
				"south": {"uv": [11.27273, 10.90909, 15.36364, 11.81818], "texture": "#1"},
				"west": {"uv": [12, 0, 14.90909, 0.90909], "texture": "#1"},
				"up": {"uv": [8.09091, 2.90909, 4, 0], "texture": "#1"},
				"down": {"uv": [8.09091, 2.90909, 4, 5.81818], "texture": "#1"}
			}
		},
		{
			"from": [11.38654, 6.41761, 3.4],
			"to": [12.98654, 9.61761, 12.6],
			"rotation": {"angle": 0, "axis": "y", "origin": [7.38654, 12.01761, 11.2]},
			"faces": {
				"north": {"uv": [5.09091, 12.36364, 5.63636, 13.54545], "texture": "#1"},
				"east": {"uv": [10.54545, 9.45455, 13.90909, 10.63636], "texture": "#1"},
				"south": {"uv": [5.81818, 12.36364, 6.36364, 13.54545], "texture": "#1"},
				"west": {"uv": [3.27273, 10.90909, 6.63636, 12.09091], "texture": "#1"},
				"up": {"uv": [8.90909, 15.36364, 8.36364, 12], "texture": "#1"},
				"down": {"uv": [9.63636, 12, 9.09091, 15.36364], "texture": "#1"}
			}
		},
		{
			"from": [11.82654, 5.49761, 3.52],
			"to": [13.42654, 7.89761, 12.48],
			"rotation": {"angle": 22.5, "axis": "z", "origin": [12.62654, 8.29761, 8.04]},
			"faces": {
				"north": {"uv": [12, 8.36364, 12.54545, 9.27273], "texture": "#1"},
				"east": {"uv": [11.63636, 3.63636, 14.90909, 4.54545], "texture": "#1"},
				"south": {"uv": [12.72727, 6.54545, 13.27273, 7.45455], "texture": "#1"},
				"west": {"uv": [11.63636, 4.72727, 14.90909, 5.63636], "texture": "#1"},
				"up": {"uv": [11.81818, 15.27273, 11.27273, 12], "texture": "#1"},
				"down": {"uv": [12.54545, 12, 12, 15.27273], "texture": "#1"}
			}
		},
		{
			"from": [2.57346, 5.49761, 3.52],
			"to": [4.17346, 7.89761, 12.48],
			"rotation": {"angle": -22.5, "axis": "z", "origin": [3.37346, 8.29761, 8.04]},
			"faces": {
				"north": {"uv": [12.54545, 8.36364, 12, 9.27273], "texture": "#1"},
				"east": {"uv": [14.90909, 4.72727, 11.63636, 5.63636], "texture": "#1"},
				"south": {"uv": [13.27273, 6.54545, 12.72727, 7.45455], "texture": "#1"},
				"west": {"uv": [14.90909, 3.63636, 11.63636, 4.54545], "texture": "#1"},
				"up": {"uv": [11.27273, 15.27273, 11.81818, 12], "texture": "#1"},
				"down": {"uv": [12, 12, 12.54545, 15.27273], "texture": "#1"}
			}
		},
		{
			"from": [3.01346, 6.41761, 3.4],
			"to": [4.61346, 9.61761, 12.6],
			"rotation": {"angle": 0, "axis": "y", "origin": [8.61346, 12.01761, 11.2]},
			"faces": {
				"north": {"uv": [5.63636, 12.36364, 5.09091, 13.54545], "texture": "#1"},
				"east": {"uv": [6.63636, 10.90909, 3.27273, 12.09091], "texture": "#1"},
				"south": {"uv": [6.36364, 12.36364, 5.81818, 13.54545], "texture": "#1"},
				"west": {"uv": [13.90909, 9.45455, 10.54545, 10.63636], "texture": "#1"},
				"up": {"uv": [8.36364, 15.36364, 8.90909, 12], "texture": "#1"},
				"down": {"uv": [9.09091, 12, 9.63636, 15.36364], "texture": "#1"}
			}
		},
		{
			"from": [3.01346, 0.01761, 3.45],
			"to": [4.61346, 5.01761, 12.55],
			"rotation": {"angle": 0, "axis": "y", "origin": [8.61346, 1.61761, 11.25]},
			"faces": {
				"north": {"uv": [12.54545, 6.54545, 12, 8.36364], "texture": "#1"},
				"east": {"uv": [11.72727, 1.81818, 8.36364, 3.63636], "texture": "#1"},
				"south": {"uv": [3.45455, 12.36364, 2.90909, 14.18182], "texture": "#1"},
				"west": {"uv": [11.72727, 0, 8.36364, 1.81818], "texture": "#1"},
				"up": {"uv": [6.90909, 15.36364, 7.45455, 12], "texture": "#1"},
				"down": {"uv": [7.63636, 12, 8.18182, 15.36364], "texture": "#1"}
			}
		},
		{
			"from": [2.57346, 0.09761, 3.53],
			"to": [4.17346, 4.09761, 12.47],
			"rotation": {"angle": -22.5, "axis": "z", "origin": [3.37346, 2.89761, 8.13]},
			"faces": {
				"north": {"uv": [4.18182, 12.36364, 3.63636, 13.81818], "texture": "#1"},
				"east": {"uv": [3.27273, 10.54545, 0, 12], "texture": "#1"},
				"south": {"uv": [4.90909, 12.36364, 4.36364, 13.81818], "texture": "#1"},
				"west": {"uv": [10.54545, 9.45455, 7.27273, 10.90909], "texture": "#1"},
				"up": {"uv": [9.81818, 15.27273, 10.36364, 12], "texture": "#1"},
				"down": {"uv": [10.54545, 12, 11.09091, 15.27273], "texture": "#1"}
			}
		},
		{
			"from": [0.01407, 10.47913, 7.0539],
			"to": [2.91407, 13.37913, 8.1039],
			"rotation": {"angle": -45, "axis": "z", "origin": [8, 5.3932, 7]},
			"faces": {
				"north": {"uv": [0, 0, 3, 3], "texture": "#3"},
				"east": {"uv": [7, 0, 8, 3], "texture": "#3"},
				"south": {"uv": [0, 3, 3, 6], "texture": "#3"},
				"west": {"uv": [7, 3, 8, 6], "texture": "#3"},
				"up": {"uv": [3, 9, 0, 8], "texture": "#3"},
				"down": {"uv": [11, 0, 8, 1], "texture": "#3"}
			}
		},
		{
			"from": [3.91321, 7.67999, 6.9289],
			"to": [5.71321, 9.47999, 8.2289],
			"rotation": {"angle": -45, "axis": "z", "origin": [8, 5.3932, 7]},
			"faces": {
				"north": {"uv": [3, 2, 4.75, 3.75], "texture": "#3"},
				"east": {"uv": [7, 8, 8.25, 9.75], "texture": "#3"},
				"south": {"uv": [3, 4, 4.75, 5.75], "texture": "#3"},
				"west": {"uv": [0, 9, 1.25, 10.75], "texture": "#3"},
				"up": {"uv": [3.75, 10.25, 2, 9], "texture": "#3"},
				"down": {"uv": [5.75, 9, 4, 10.25], "texture": "#3"}
			}
		},
		{
			"from": [6.83549, 9.47371, 6.9789],
			"to": [8.13549, 10.27371, 8.1789],
			"rotation": {"angle": -22.5, "axis": "z", "origin": [8, 5.3932, 7]},
			"faces": {
				"north": {"uv": [11, 0, 12.25, 0.75], "texture": "#3"},
				"east": {"uv": [11, 3, 12.25, 3.75], "texture": "#3"},
				"south": {"uv": [11, 5, 12.25, 5.75], "texture": "#3"},
				"west": {"uv": [11, 6, 12.25, 6.75], "texture": "#3"},
				"up": {"uv": [10.25, 6.25, 9, 5], "texture": "#3"},
				"down": {"uv": [3.25, 11, 2, 12.25], "texture": "#3"}
			}
		},
		{
			"from": [10.74685, 7.44844, 7.0289],
			"to": [11.54685, 8.74844, 8.1289],
			"rotation": {"angle": 22.5, "axis": "z", "origin": [8, 5.3932, 7]},
			"faces": {
				"north": {"uv": [6, 11, 6.75, 12.25], "texture": "#3"},
				"east": {"uv": [4, 11, 5, 12.25], "texture": "#3"},
				"south": {"uv": [11, 7, 11.75, 8.25], "texture": "#3"},
				"west": {"uv": [5, 11, 6, 12.25], "texture": "#3"},
				"up": {"uv": [9.75, 12, 9, 11], "texture": "#3"},
				"down": {"uv": [11.75, 9, 11, 10], "texture": "#3"}
			}
		},
		{
			"from": [11.54685, 7.44844, 7.0289],
			"to": [13.84685, 8.24844, 8.1289],
			"rotation": {"angle": 22.5, "axis": "z", "origin": [8, 5.3932, 7]},
			"faces": {
				"north": {"uv": [8, 7, 10.25, 7.75], "texture": "#3"},
				"east": {"uv": [10, 11, 11, 11.75], "texture": "#3"},
				"south": {"uv": [9, 4, 11.25, 4.75], "texture": "#3"},
				"west": {"uv": [11, 10, 12, 10.75], "texture": "#3"},
				"up": {"uv": [5.25, 9, 3, 8], "texture": "#3"},
				"down": {"uv": [10.25, 3, 8, 4], "texture": "#3"}
			}
		},
		{
			"from": [11.81528, 9.52948, 7.0789],
			"to": [12.61528, 11.82948, 8.0789],
			"rotation": {"angle": 0, "axis": "y", "origin": [8, 5.3932, 7]},
			"faces": {
				"north": {"uv": [9, 8, 9.75, 10.25], "texture": "#3"},
				"east": {"uv": [8, 4, 9, 6.25], "texture": "#3"},
				"south": {"uv": [7, 10, 7.75, 12.25], "texture": "#3"},
				"west": {"uv": [6, 8, 7, 10.25], "texture": "#3"},
				"up": {"uv": [11.75, 12, 11, 11], "texture": "#3"},
				"down": {"uv": [12.75, 1, 12, 2], "texture": "#3"}
			}
		},
		{
			"from": [6.5009, 12.30574, 7.1289],
			"to": [9.8009, 13.10574, 8.0289],
			"rotation": {"angle": -22.5, "axis": "z", "origin": [8, 5.3932, 7]},
			"faces": {
				"north": {"uv": [8, 1, 11.25, 1.75], "texture": "#3"},
				"east": {"uv": [12, 2, 13, 2.75], "texture": "#3"},
				"south": {"uv": [8, 2, 11.25, 2.75], "texture": "#3"},
				"west": {"uv": [12, 4, 13, 4.75], "texture": "#3"},
				"up": {"uv": [6.25, 1, 3, 0], "texture": "#3"},
				"down": {"uv": [6.25, 1, 3, 2], "texture": "#3"}
			}
		},
		{
			"from": [9.26033, 12.35324, 7.1789],
			"to": [10.06033, 14.65324, 7.9789],
			"rotation": {"angle": 0, "axis": "y", "origin": [8, 5.3932, 7]},
			"faces": {
				"north": {"uv": [8, 10, 8.75, 12.25], "texture": "#3"},
				"east": {"uv": [10, 8, 10.75, 10.25], "texture": "#3"},
				"south": {"uv": [0, 11, 0.75, 13.25], "texture": "#3"},
				"west": {"uv": [1, 11, 1.75, 13.25], "texture": "#3"},
				"up": {"uv": [12.75, 7.75, 12, 7], "texture": "#3"},
				"down": {"uv": [12.75, 8, 12, 8.75], "texture": "#3"}
			}
		},
		{
			"from": [7.86451, 9.47371, 6.9789],
			"to": [9.16451, 10.27371, 8.1789],
			"rotation": {"angle": 22.5, "axis": "z", "origin": [8, 5.3932, 7]},
			"faces": {
				"north": {"uv": [12.25, 0, 11, 0.75], "texture": "#3"},
				"east": {"uv": [12.25, 6, 11, 6.75], "texture": "#3"},
				"south": {"uv": [12.25, 5, 11, 5.75], "texture": "#3"},
				"west": {"uv": [12.25, 3, 11, 3.75], "texture": "#3"},
				"up": {"uv": [9, 6.25, 10.25, 5], "texture": "#3"},
				"down": {"uv": [2, 11, 3.25, 12.25], "texture": "#3"}
			}
		},
		{
			"from": [4.45315, 7.44844, 7.0289],
			"to": [5.25315, 8.74844, 8.1289],
			"rotation": {"angle": -22.5, "axis": "z", "origin": [8, 5.3932, 7]},
			"faces": {
				"north": {"uv": [6.75, 11, 6, 12.25], "texture": "#3"},
				"east": {"uv": [6, 11, 5, 12.25], "texture": "#3"},
				"south": {"uv": [11.75, 7, 11, 8.25], "texture": "#3"},
				"west": {"uv": [5, 11, 4, 12.25], "texture": "#3"},
				"up": {"uv": [9, 12, 9.75, 11], "texture": "#3"},
				"down": {"uv": [11, 9, 11.75, 10], "texture": "#3"}
			}
		},
		{
			"from": [7.0891, 5.91332, 2.57425],
			"to": [8.8891, 7.71332, 4.37425],
			"rotation": {"angle": -45, "axis": "z", "origin": [7.9891, 6.81332, 3.47425]},
			"faces": {
				"north": {"uv": [5, 2, 6.75, 3.75], "texture": "#3"},
				"east": {"uv": [5, 4, 6.75, 5.75], "texture": "#3"},
				"south": {"uv": [0, 6, 1.75, 7.75], "texture": "#3"},
				"west": {"uv": [2, 6, 3.75, 7.75], "texture": "#3"},
				"up": {"uv": [5.75, 7.75, 4, 6], "texture": "#3"},
				"down": {"uv": [7.75, 6, 6, 7.75], "texture": "#3"}
			}
		},
		{
			"from": [2.15315, 7.44844, 7.0289],
			"to": [4.45315, 8.24844, 8.1289],
			"rotation": {"angle": -22.5, "axis": "z", "origin": [8, 5.3932, 7]},
			"faces": {
				"north": {"uv": [10.25, 7, 8, 7.75], "texture": "#3"},
				"east": {"uv": [12, 10, 11, 10.75], "texture": "#3"},
				"south": {"uv": [11.25, 4, 9, 4.75], "texture": "#3"},
				"west": {"uv": [11, 11, 10, 11.75], "texture": "#3"},
				"up": {"uv": [3, 9, 5.25, 8], "texture": "#3"},
				"down": {"uv": [8, 3, 10.25, 4], "texture": "#3"}
			}
		},
		{
			"from": [3.38472, 9.52948, 7.0789],
			"to": [4.18472, 11.82948, 8.0789],
			"rotation": {"angle": 0, "axis": "y", "origin": [8, 5.3932, 7]},
			"faces": {
				"north": {"uv": [9.75, 8, 9, 10.25], "texture": "#3"},
				"east": {"uv": [7, 8, 6, 10.25], "texture": "#3"},
				"south": {"uv": [7.75, 10, 7, 12.25], "texture": "#3"},
				"west": {"uv": [9, 4, 8, 6.25], "texture": "#3"},
				"up": {"uv": [11, 12, 11.75, 11], "texture": "#3"},
				"down": {"uv": [12, 1, 12.75, 2], "texture": "#3"}
			}
		},
		{
			"from": [6.1991, 12.30574, 7.1289],
			"to": [9.4991, 13.10574, 8.0289],
			"rotation": {"angle": 22.5, "axis": "z", "origin": [8, 5.3932, 7]},
			"faces": {
				"north": {"uv": [11.25, 1, 8, 1.75], "texture": "#3"},
				"east": {"uv": [13, 4, 12, 4.75], "texture": "#3"},
				"south": {"uv": [11.25, 2, 8, 2.75], "texture": "#3"},
				"west": {"uv": [13, 2, 12, 2.75], "texture": "#3"},
				"up": {"uv": [3, 1, 6.25, 0], "texture": "#3"},
				"down": {"uv": [3, 1, 6.25, 2], "texture": "#3"}
			}
		},
		{
			"from": [5.93967, 12.35324, 7.1789],
			"to": [6.73967, 14.65324, 7.9789],
			"rotation": {"angle": 0, "axis": "y", "origin": [8, 5.3932, 7]},
			"faces": {
				"north": {"uv": [8.75, 10, 8, 12.25], "texture": "#3"},
				"east": {"uv": [1.75, 11, 1, 13.25], "texture": "#3"},
				"south": {"uv": [0.75, 11, 0, 13.25], "texture": "#3"},
				"west": {"uv": [10.75, 8, 10, 10.25], "texture": "#3"},
				"up": {"uv": [12, 7.75, 12.75, 7], "texture": "#3"},
				"down": {"uv": [12, 8, 12.75, 8.75], "texture": "#3"}
			}
		},
		{
			"from": [6.88511, -0.19773, 15.44158],
			"to": [17.38511, 20.80227, 15.69158],
			"rotation": {"angle": 22.5, "axis": "y", "origin": [8, 3.88162, 13]},
			"faces": {
				"north": {"uv": [0, 0, 8, 16], "texture": "#0"},
				"east": {"uv": [0, 0, 0, 16], "texture": "#0"},
				"south": {"uv": [8, 0, 0, 16], "texture": "#0"},
				"west": {"uv": [0, 0, 0, 16], "texture": "#0"},
				"up": {"uv": [0, 0, 16, 0], "rotation": 180, "texture": "#0"},
				"down": {"uv": [0, 0, 16, 0], "rotation": 180, "texture": "#0"}
			}
		},
		{
			"from": [-1.38511, -0.19773, 15.44158],
			"to": [9.11489, 20.80227, 15.69158],
			"rotation": {"angle": -22.5, "axis": "y", "origin": [8, 3.88162, 13]},
			"faces": {
				"north": {"uv": [8, 0, 0, 16], "texture": "#0"},
				"east": {"uv": [0, 0, 0, 16], "texture": "#0"},
				"south": {"uv": [0, 0, 8, 16], "texture": "#0"},
				"west": {"uv": [0, 0, 0, 16], "texture": "#0"},
				"up": {"uv": [16, 0, 0, 0], "rotation": 180, "texture": "#0"},
				"down": {"uv": [16, 0, 0, 0], "rotation": 180, "texture": "#0"}
			}
		},
		{
			"from": [15.55874, 5.21852, 9.34409],
			"to": [17.27561, 8.04477, 10.75909],
			"rotation": {"angle": 22.5, "axis": "z", "origin": [8, 1.88162, 10]},
			"faces": {
				"north": {"uv": [9, 7.66667, 10, 8.33333], "rotation": 270, "texture": "#2"},
				"east": {"uv": [2.16667, 10.66667, 1.66667, 9.66667], "rotation": 180, "texture": "#2"},
				"south": {"uv": [9, 1, 10, 1.66667], "rotation": 90, "texture": "#2"},
				"west": {"uv": [2.83333, 9.66667, 2.33333, 10.66667], "texture": "#2"},
				"up": {"uv": [10.33333, 6, 10.83333, 6.66667], "rotation": 90, "texture": "#2"},
				"down": {"uv": [6, 10.33333, 6.5, 11], "rotation": 90, "texture": "#2"}
			}
		},
		{
			"from": [-1.27561, 5.21852, 9.34409],
			"to": [0.44126, 8.04477, 10.75909],
			"rotation": {"angle": -22.5, "axis": "z", "origin": [8, 1.88162, 10]},
			"faces": {
				"north": {"uv": [9, 8.33333, 10, 7.66667], "rotation": 270, "texture": "#2"},
				"east": {"uv": [2.33333, 9.66667, 2.83333, 10.66667], "texture": "#2"},
				"south": {"uv": [9, 1.66667, 10, 1], "rotation": 90, "texture": "#2"},
				"west": {"uv": [1.66667, 10.66667, 2.16667, 9.66667], "rotation": 180, "texture": "#2"},
				"up": {"uv": [10.33333, 6.66667, 10.83333, 6], "rotation": 90, "texture": "#2"},
				"down": {"uv": [6, 11, 6.5, 10.33333], "rotation": 90, "texture": "#2"}
			}
		},
		{
			"from": [12.5776, 10.04018, 9.33937],
			"to": [14.39447, 11.85705, 10.75437],
			"rotation": {"angle": 0, "axis": "y", "origin": [8, 1.88162, 10]},
			"faces": {
				"north": {"uv": [10, 7.66667, 10.66667, 8.33333], "rotation": 270, "texture": "#2"},
				"east": {"uv": [4.5, 11, 4, 10.33333], "rotation": 180, "texture": "#2"},
				"south": {"uv": [4.66667, 10, 5.33333, 10.66667], "rotation": 90, "texture": "#2"},
				"west": {"uv": [10.83333, 4, 10.33333, 4.66667], "texture": "#2"},
				"up": {"uv": [10.33333, 3.33333, 10.83333, 4], "rotation": 90, "texture": "#2"},
				"down": {"uv": [10.33333, 2.66667, 10.83333, 3.33333], "rotation": 90, "texture": "#2"}
			}
		},
		{
			"from": [10.64543, 6.90244, 2.7354],
			"to": [12.84991, 8.31961, 3.9951],
			"rotation": {"angle": -22.5, "axis": "z", "origin": [8, 13.63162, 4.5]},
			"faces": {
				"north": {"uv": [9, 7.66667, 10, 8.33333], "texture": "#2"},
				"east": {"uv": [6, 10.33333, 6.5, 11], "texture": "#2"},
				"south": {"uv": [9, 1, 10, 1.66667], "texture": "#2"},
				"west": {"uv": [10.33333, 6, 10.83333, 6.66667], "texture": "#2"},
				"up": {"uv": [2.16667, 10.66667, 1.66667, 9.66667], "rotation": 90, "texture": "#2"},
				"down": {"uv": [2.83333, 9.66667, 2.33333, 10.66667], "rotation": 270, "texture": "#2"}
			}
		},
		{
			"from": [3.63903, 6.57573, 3.10001],
			"to": [5.84351, 7.83543, 4.20224],
			"rotation": {"angle": 45, "axis": "z", "origin": [8, 13.63162, 4.5]},
			"faces": {
				"north": {"uv": [9.66667, 5.33333, 10.66667, 5.83333], "texture": "#2"},
				"east": {"uv": [11.33333, 2.66667, 11.83333, 3.16667], "texture": "#2"},
				"south": {"uv": [9.66667, 4.66667, 10.66667, 5.16667], "texture": "#2"},
				"west": {"uv": [3.33333, 11.33333, 3.83333, 11.83333], "texture": "#2"},
				"up": {"uv": [10.16667, 7, 9.66667, 6], "rotation": 90, "texture": "#2"},
				"down": {"uv": [10.16667, 8.33333, 9.66667, 9.33333], "rotation": 270, "texture": "#2"}
			}
		},
		{
			"from": [12.85164, 11.46507, 3.46922],
			"to": [15.05612, 12.40984, 4.57146],
			"rotation": {"angle": -45, "axis": "z", "origin": [8, 13.63162, 4.5]},
			"faces": {
				"north": {"uv": [9.66667, 9.33333, 10.66667, 9.83333], "texture": "#2"},
				"east": {"uv": [11.33333, 4.33333, 11.83333, 4.83333], "texture": "#2"},
				"south": {"uv": [9.66667, 7, 10.66667, 7.5], "texture": "#2"},
				"west": {"uv": [4.66667, 11.33333, 5.16667, 11.83333], "texture": "#2"},
				"up": {"uv": [10.5, 1, 10, 0], "rotation": 90, "texture": "#2"},
				"down": {"uv": [10.5, 1, 10, 2], "rotation": 270, "texture": "#2"}
			}
		},
		{
			"from": [13.67777, 6.69119, 9.24409],
			"to": [16.50402, 8.50807, 10.85909],
			"rotation": {"angle": 0, "axis": "y", "origin": [8, 1.88162, 10]},
			"faces": {
				"north": {"uv": [9, 8.33333, 10, 7.66667], "texture": "#2"},
				"east": {"uv": [6, 11, 6.5, 10.33333], "texture": "#2"},
				"south": {"uv": [9, 1.66667, 10, 1], "texture": "#2"},
				"west": {"uv": [10.33333, 6.66667, 10.83333, 6], "texture": "#2"},
				"up": {"uv": [2.83333, 10.66667, 2.33333, 9.66667], "rotation": 90, "texture": "#2"},
				"down": {"uv": [2.16667, 9.66667, 1.66667, 10.66667], "rotation": 270, "texture": "#2"}
			}
		},
		{
			"from": [-0.50402, 6.69119, 9.24409],
			"to": [2.32223, 8.50807, 10.85909],
			"rotation": {"angle": 0, "axis": "y", "origin": [8, 1.88162, 10]},
			"faces": {
				"north": {"uv": [10, 8.33333, 9, 7.66667], "texture": "#2"},
				"east": {"uv": [10.83333, 6.66667, 10.33333, 6], "texture": "#2"},
				"south": {"uv": [10, 1.66667, 9, 1], "texture": "#2"},
				"west": {"uv": [6.5, 11, 6, 10.33333], "texture": "#2"},
				"up": {"uv": [2.83333, 9.66667, 2.33333, 10.66667], "rotation": 90, "texture": "#2"},
				"down": {"uv": [2.16667, 10.66667, 1.66667, 9.66667], "rotation": 270, "texture": "#2"}
			}
		},
		{
			"from": [1.60553, 10.04018, 9.33937],
			"to": [3.4224, 11.85705, 10.75437],
			"rotation": {"angle": 0, "axis": "y", "origin": [8, 1.88162, 10]},
			"faces": {
				"north": {"uv": [10, 8.33333, 10.66667, 7.66667], "rotation": 270, "texture": "#2"},
				"east": {"uv": [10.33333, 4, 10.83333, 4.66667], "texture": "#2"},
				"south": {"uv": [4.66667, 10.66667, 5.33333, 10], "rotation": 90, "texture": "#2"},
				"west": {"uv": [4, 11, 4.5, 10.33333], "rotation": 180, "texture": "#2"},
				"up": {"uv": [10.33333, 4, 10.83333, 3.33333], "rotation": 90, "texture": "#2"},
				"down": {"uv": [10.33333, 3.33333, 10.83333, 2.66667], "rotation": 90, "texture": "#2"}
			}
		},
		{
			"from": [0.94388, 11.46507, 3.46922],
			"to": [3.14836, 12.40984, 4.57146],
			"rotation": {"angle": 45, "axis": "z", "origin": [8, 13.63162, 4.5]},
			"faces": {
				"north": {"uv": [10.66667, 9.33333, 9.66667, 9.83333], "texture": "#2"},
				"east": {"uv": [5.16667, 11.33333, 4.66667, 11.83333], "texture": "#2"},
				"south": {"uv": [10.66667, 7, 9.66667, 7.5], "texture": "#2"},
				"west": {"uv": [11.83333, 4.33333, 11.33333, 4.83333], "texture": "#2"},
				"up": {"uv": [10.5, 0, 10, 1], "rotation": 90, "texture": "#2"},
				"down": {"uv": [10.5, 2, 10, 1], "rotation": 270, "texture": "#2"}
			}
		},
		{
			"from": [10.15649, 6.57573, 3.10001],
			"to": [12.36097, 7.83543, 4.20224],
			"rotation": {"angle": -45, "axis": "z", "origin": [8, 13.63162, 4.5]},
			"faces": {
				"north": {"uv": [10.66667, 5.33333, 9.66667, 5.83333], "texture": "#2"},
				"east": {"uv": [3.83333, 11.33333, 3.33333, 11.83333], "texture": "#2"},
				"south": {"uv": [10.66667, 4.66667, 9.66667, 5.16667], "texture": "#2"},
				"west": {"uv": [11.83333, 2.66667, 11.33333, 3.16667], "texture": "#2"},
				"up": {"uv": [10.16667, 6, 9.66667, 7], "rotation": 90, "texture": "#2"},
				"down": {"uv": [10.16667, 9.33333, 9.66667, 8.33333], "rotation": 270, "texture": "#2"}
			}
		},
		{
			"from": [3.15009, 6.90244, 2.7354],
			"to": [5.35457, 8.31961, 3.9951],
			"rotation": {"angle": 22.5, "axis": "z", "origin": [8, 13.63162, 4.5]},
			"faces": {
				"north": {"uv": [10, 7.66667, 9, 8.33333], "texture": "#2"},
				"east": {"uv": [10.83333, 6, 10.33333, 6.66667], "texture": "#2"},
				"south": {"uv": [10, 1, 9, 1.66667], "texture": "#2"},
				"west": {"uv": [6.5, 10.33333, 6, 11], "texture": "#2"},
				"up": {"uv": [2.16667, 9.66667, 1.66667, 10.66667], "rotation": 90, "texture": "#2"},
				"down": {"uv": [2.83333, 10.66667, 2.33333, 9.66667], "rotation": 270, "texture": "#2"}
			}
		},
		{
			"from": [9.17118, 5.63686, 2.84195],
			"to": [10.43088, 7.21148, 3.8812],
			"rotation": {"angle": -22.5, "axis": "z", "origin": [8, 13.63162, 4.5]},
			"faces": {
				"north": {"uv": [11.16667, 4.66667, 10.66667, 5.33333], "texture": "#2"},
				"east": {"uv": [5.16667, 10.66667, 4.66667, 11.33333], "texture": "#2"},
				"south": {"uv": [2.83333, 10.66667, 2.33333, 11.33333], "texture": "#2"},
				"west": {"uv": [2.16667, 10.66667, 1.66667, 11.33333], "texture": "#2"},
				"up": {"uv": [8.83333, 11.66667, 8.33333, 12.16667], "rotation": 90, "texture": "#2"},
				"down": {"uv": [12.16667, 9.83333, 11.66667, 9.33333], "rotation": 270, "texture": "#2"}
			}
		},
		{
			"from": [1.062, 7.9155, 2.87344],
			"to": [2.00677, 9.49012, 3.84971],
			"rotation": {"angle": 45, "axis": "z", "origin": [8, 13.63162, 4.5]},
			"faces": {
				"north": {"uv": [11.16667, 9, 10.66667, 9.66667], "texture": "#2"},
				"east": {"uv": [11.16667, 7.33333, 10.66667, 8], "texture": "#2"},
				"south": {"uv": [11.16667, 6.66667, 10.66667, 7.33333], "texture": "#2"},
				"west": {"uv": [11.16667, 5.33333, 10.66667, 6], "texture": "#2"},
				"up": {"uv": [12.16667, 10, 11.66667, 10.5], "rotation": 90, "texture": "#2"},
				"down": {"uv": [11.16667, 12.16667, 10.66667, 11.66667], "rotation": 270, "texture": "#2"}
			}
		},
		{
			"from": [0.87238, 6.51941, 2.73172],
			"to": [2.28955, 7.93657, 3.99142],
			"rotation": {"angle": 45, "axis": "z", "origin": [8, 13.63162, 4.5]},
			"faces": {
				"north": {"uv": [10, 7.66667, 10.66667, 8.33333], "texture": "#2"},
				"east": {"uv": [10.33333, 2.66667, 10.83333, 3.33333], "texture": "#2"},
				"south": {"uv": [4.66667, 10, 5.33333, 10.66667], "texture": "#2"},
				"west": {"uv": [10.33333, 3.33333, 10.83333, 4], "texture": "#2"},
				"up": {"uv": [4.5, 11, 4, 10.33333], "rotation": 90, "texture": "#2"},
				"down": {"uv": [10.83333, 4, 10.33333, 4.66667], "rotation": 270, "texture": "#2"}
			}
		},
		{
			"from": [13.99323, 7.9155, 2.87344],
			"to": [14.938, 9.49012, 3.84971],
			"rotation": {"angle": -45, "axis": "z", "origin": [8, 13.63162, 4.5]},
			"faces": {
				"north": {"uv": [10.66667, 9, 11.16667, 9.66667], "texture": "#2"},
				"east": {"uv": [10.66667, 5.33333, 11.16667, 6], "texture": "#2"},
				"south": {"uv": [10.66667, 6.66667, 11.16667, 7.33333], "texture": "#2"},
				"west": {"uv": [10.66667, 7.33333, 11.16667, 8], "texture": "#2"},
				"up": {"uv": [12.16667, 10.5, 11.66667, 10], "rotation": 90, "texture": "#2"},
				"down": {"uv": [11.16667, 11.66667, 10.66667, 12.16667], "rotation": 270, "texture": "#2"}
			}
		},
		{
			"from": [5.56912, 5.63686, 2.84195],
			"to": [6.82882, 7.21148, 3.8812],
			"rotation": {"angle": 22.5, "axis": "z", "origin": [8, 13.63162, 4.5]},
			"faces": {
				"north": {"uv": [10.66667, 4.66667, 11.16667, 5.33333], "texture": "#2"},
				"east": {"uv": [1.66667, 10.66667, 2.16667, 11.33333], "texture": "#2"},
				"south": {"uv": [2.33333, 10.66667, 2.83333, 11.33333], "texture": "#2"},
				"west": {"uv": [4.66667, 10.66667, 5.16667, 11.33333], "texture": "#2"},
				"up": {"uv": [8.83333, 12.16667, 8.33333, 11.66667], "rotation": 90, "texture": "#2"},
				"down": {"uv": [12.16667, 9.33333, 11.66667, 9.83333], "rotation": 270, "texture": "#2"}
			}
		},
		{
			"from": [6.51671, 11.33133, 9.39223],
			"to": [9.34296, 12.54258, 10.70535],
			"rotation": {"angle": -45, "axis": "z", "origin": [8, 1.88162, 10]},
			"faces": {
				"north": {"uv": [9.66667, 9.33333, 10.66667, 9.83333], "texture": "#2"},
				"east": {"uv": [11.33333, 4.33333, 11.83333, 4.83333], "texture": "#2"},
				"south": {"uv": [9.66667, 7, 10.66667, 7.5], "texture": "#2"},
				"west": {"uv": [4.66667, 11.33333, 5.16667, 11.83333], "texture": "#2"},
				"up": {"uv": [10.5, 1, 10, 0], "rotation": 90, "texture": "#2"},
				"down": {"uv": [10.5, 1, 10, 2], "rotation": 270, "texture": "#2"}
			}
		},
		{
			"from": [6.65704, 11.33133, 9.39223],
			"to": [9.48329, 12.54258, 10.70535],
			"rotation": {"angle": 45, "axis": "z", "origin": [8, 1.88162, 10]},
			"faces": {
				"north": {"uv": [10.66667, 9.33333, 9.66667, 9.83333], "texture": "#2"},
				"east": {"uv": [5.16667, 11.33333, 4.66667, 11.83333], "texture": "#2"},
				"south": {"uv": [10.66667, 7, 9.66667, 7.5], "texture": "#2"},
				"west": {"uv": [11.83333, 4.33333, 11.33333, 4.83333], "texture": "#2"},
				"up": {"uv": [10.5, 0, 10, 1], "rotation": 90, "texture": "#2"},
				"down": {"uv": [10.5, 2, 10, 1], "rotation": 270, "texture": "#2"}
			}
		}
	],
	"gui_light": "front",
	"display": {
		"thirdperson_righthand": {
			"rotation": [59.5, 0, 0],
			"translation": [-6, 2.5, 2.5],
			"scale": [0.86, 0.86, 0.86]
		},
		"thirdperson_lefthand": {
			"rotation": [59.5, 0, 0],
			"translation": [-6, 2.5, 2.5],
			"scale": [0.86, 0.86, 0.86]
		},
		"firstperson_righthand": {
			"translation": [-9, 0, 0],
			"scale": [0.71, 0.71, 0.71]
		},
		"firstperson_lefthand": {
			"translation": [-9, 0, 0],
			"scale": [0.71, 0.71, 0.71]
		},
		"ground": {
			"translation": [0, 1.75, 0],
			"scale": [0.63, 0.63, 0.63]
		},
		"gui": {
			"rotation": [-164.75, 28.5, -180],
			"translation": [0, -1, 0],
			"scale": [0.59, 0.59, 0.59]
		},
		"head": {
			"rotation": [-2, 0, 0],
			"translation": [0, -18, 0],
			"scale": [2.98, 2.98, 2.98]
		},
		"fixed": {
			"rotation": [-90, 0, 0],
			"translation": [0, 0, -29],
			"scale": [4, 4, 4]
		}
	},
	"groups": [
		{
			"name": "chest",
			"origin": [19, 1, 13],
			"color": 0,
			"nbt": "{}",
			"children": [
				0,
				1,
				2,
				3,
				4,
				5,
				6,
				7,
				8,
				9,
				10,
				{
					"name": "group",
					"origin": [6.33967, 25.60324, 8.5789],
					"color": 0,
					"nbt": "{}",
					"children": [
						11,
						12,
						13,
						14,
						15,
						16,
						17,
						18,
						19,
						20,
						21,
						22,
						23,
						24,
						25,
						{
							"name": "group",
							"origin": [8, 1.88162, 8],
							"color": 0,
							"nbt": "{}",
							"children": [26, 27, 28, 29, 30, 31, 32, 33, 34, 35, 36, 37, 38, 39, 40, 41, 42, 43, 44, 45, 46]
						}
					]
				}
			]
		}
	]
}