{
	"credit": "Made with Blockbench",
	"textures": {
		"1": "radiance_collection/texture",
		"particle": "radiance_collection/light_full"
	},
	"elements": [
		{
			"from": [7.29203, -3.88, 7.97468],
			"to": [8.70516, -1.05375, 9.18593],
			"rotation": {"angle": -45, "axis": "x", "origin": [8, -5.01712, 8]},
			"faces": {
				"north": {"uv": [10, 0, 10.5, 1], "texture": "#1"},
				"east": {"uv": [10.66667, 7.5, 9.66667, 7], "rotation": 270, "texture": "#1"},
				"south": {"uv": [10, 2, 10.5, 1], "rotation": 180, "texture": "#1"},
				"west": {"uv": [10.66667, 9.83333, 9.66667, 9.33333], "rotation": 90, "texture": "#1"},
				"up": {"uv": [5.16667, 11.83333, 4.66667, 11.33333], "rotation": 180, "texture": "#1"},
				"down": {"uv": [11.83333, 4.83333, 11.33333, 4.33333], "texture": "#1"}
			}
		},
		{
			"from": [7.34203, -2.2325, 9.60918],
			"to": [8.65516, 0.59375, 10.82043],
			"rotation": {"angle": 0, "axis": "x", "origin": [8, -5.01712, 8]},
			"faces": {
				"north": {"uv": [10.5, 0, 10, 1], "rotation": 180, "texture": "#1"},
				"east": {"uv": [10.66667, 7, 9.66667, 7.5], "rotation": 90, "texture": "#1"},
				"south": {"uv": [10.5, 2, 10, 1], "texture": "#1"},
				"west": {"uv": [10.66667, 9.33333, 9.66667, 9.83333], "rotation": 270, "texture": "#1"},
				"up": {"uv": [11.83333, 4.33333, 11.33333, 4.83333], "texture": "#1"},
				"down": {"uv": [5.16667, 11.33333, 4.66667, 11.83333], "rotation": 180, "texture": "#1"}
			}
		},
		{
			"from": [7.34203, -2.2325, 5.17957],
			"to": [8.65516, 0.59375, 6.39082],
			"rotation": {"angle": 0, "axis": "x", "origin": [8, -5.01712, 8]},
			"faces": {
				"north": {"uv": [10, 2, 10.5, 1], "texture": "#1"},
				"east": {"uv": [10.66667, 7.5, 9.66667, 7], "rotation": 90, "texture": "#1"},
				"south": {"uv": [10, 0, 10.5, 1], "rotation": 180, "texture": "#1"},
				"west": {"uv": [10.66667, 9.83333, 9.66667, 9.33333], "rotation": 270, "texture": "#1"},
				"up": {"uv": [11.83333, 4.83333, 11.33333, 4.33333], "texture": "#1"},
				"down": {"uv": [5.16667, 11.83333, 4.66667, 11.33333], "rotation": 180, "texture": "#1"}
			}
		},
		{
			"from": [7.29203, -3.88, 6.81407],
			"to": [8.70516, -1.05375, 8.02532],
			"rotation": {"angle": 45, "axis": "x", "origin": [8, -5.01712, 8]},
			"faces": {
				"north": {"uv": [10.5, 2, 10, 1], "rotation": 180, "texture": "#1"},
				"east": {"uv": [10.66667, 7, 9.66667, 7.5], "rotation": 270, "texture": "#1"},
				"south": {"uv": [10.5, 0, 10, 1], "texture": "#1"},
				"west": {"uv": [10.66667, 9.33333, 9.66667, 9.83333], "rotation": 90, "texture": "#1"},
				"up": {"uv": [5.16667, 11.33333, 4.66667, 11.83333], "rotation": 180, "texture": "#1"},
				"down": {"uv": [11.83333, 4.33333, 11.33333, 4.83333], "texture": "#1"}
			}
		},
		{
			"from": [7.39203, -7.39067, 7.39438],
			"to": [8.60516, -4.56442, 8.60563],
			"rotation": {"angle": 0, "axis": "y", "origin": [8, -5.01712, 8]},
			"faces": {
				"north": {"uv": [10, 0, 10.5, 1], "texture": "#1"},
				"east": {"uv": [10.66667, 7.5, 9.66667, 7], "rotation": 270, "texture": "#1"},
				"south": {"uv": [10, 2, 10.5, 1], "rotation": 180, "texture": "#1"},
				"west": {"uv": [10.66667, 9.83333, 9.66667, 9.33333], "rotation": 90, "texture": "#1"},
				"up": {"uv": [5.16667, 11.83333, 4.66667, 11.33333], "rotation": 180, "texture": "#1"},
				"down": {"uv": [11.83333, 4.83333, 11.33333, 4.33333], "texture": "#1"}
			}
		},
		{
			"from": [7.39203, -10.19067, 7.39438],
			"to": [8.60516, -7.36442, 8.60563],
			"rotation": {"angle": 0, "axis": "y", "origin": [8, -5.01712, 8]},
			"faces": {
				"north": {"uv": [10, 2, 10.5, 1], "texture": "#1"},
				"east": {"uv": [10.66667, 7.5, 9.66667, 7], "rotation": 90, "texture": "#1"},
				"south": {"uv": [10, 0, 10.5, 1], "rotation": 180, "texture": "#1"},
				"west": {"uv": [10.66667, 9.83333, 9.66667, 9.33333], "rotation": 270, "texture": "#1"},
				"up": {"uv": [11.83333, 4.83333, 11.33333, 4.33333], "texture": "#1"},
				"down": {"uv": [5.16667, 11.83333, 4.66667, 11.33333], "rotation": 180, "texture": "#1"}
			}
		},
		{
			"from": [7.1939, -4.53963, 7.20647],
			"to": [8.8089, -2.92463, 8.82147],
			"rotation": {"angle": 0, "axis": "y", "origin": [8, -5.01712, 8]},
			"faces": {
				"north": {"uv": [11, 6, 11.5, 6.5], "texture": "#1"},
				"east": {"uv": [6.66667, 11, 7.16667, 11.5], "texture": "#1"},
				"south": {"uv": [7.66667, 11, 8.16667, 11.5], "texture": "#1"},
				"west": {"uv": [11, 8, 11.5, 8.5], "texture": "#1"},
				"up": {"uv": [8.83333, 11.5, 8.33333, 11], "texture": "#1"},
				"down": {"uv": [11.5, 9.66667, 11, 10.16667], "texture": "#1"}
			}
		},
		{
			"from": [7.1939, -5.75088, 7.20647],
			"to": [8.8089, -4.94338, 8.82147],
			"rotation": {"angle": 0, "axis": "y", "origin": [8, -5.01712, 8]},
			"faces": {
				"north": {"uv": [11.66667, 4, 12.16667, 4.33333], "texture": "#1"},
				"east": {"uv": [11.66667, 6.33333, 12.16667, 6.66667], "texture": "#1"},
				"south": {"uv": [1.66667, 12, 2.16667, 12.33333], "texture": "#1"},
				"west": {"uv": [12, 2, 12.5, 2.33333], "texture": "#1"},
				"up": {"uv": [11.5, 10.83333, 11, 10.33333], "texture": "#1"},
				"down": {"uv": [11.5, 11, 11, 11.5], "texture": "#1"}
			}
		},
		{
			"from": [6.99203, -10.46301, 11.03939],
			"to": [9.01078, -8.03676, 13.46564],
			"rotation": {"angle": 45, "axis": "x", "origin": [8, -5.01712, 8]},
			"faces": {
				"north": {"uv": [4.66667, 9, 5.33333, 10], "texture": "#1"},
				"east": {"uv": [8.33333, 1.66667, 9.33333, 2.66667], "texture": "#1"},
				"south": {"uv": [9, 4.66667, 9.66667, 5.66667], "texture": "#1"},
				"west": {"uv": [8.33333, 2.66667, 9.33333, 3.66667], "texture": "#1"},
				"up": {"uv": [9.66667, 6.66667, 9, 5.66667], "texture": "#1"},
				"down": {"uv": [9.66667, 6.66667, 9, 7.66667], "texture": "#1"}
			}
		},
		{
			"from": [6.99203, -1.97773, 2.55411],
			"to": [9.01078, 0.44852, 4.98036],
			"rotation": {"angle": 45, "axis": "x", "origin": [8, -5.01712, 8]},
			"faces": {
				"north": {"uv": [4.66667, 9, 5.33333, 10], "texture": "#1"},
				"east": {"uv": [8.33333, 1.66667, 9.33333, 2.66667], "texture": "#1"},
				"south": {"uv": [9, 4.66667, 9.66667, 5.66667], "texture": "#1"},
				"west": {"uv": [8.33333, 2.66667, 9.33333, 3.66667], "texture": "#1"},
				"up": {"uv": [9.66667, 6.66667, 9, 5.66667], "texture": "#1"},
				"down": {"uv": [9.66667, 6.66667, 9, 7.66667], "texture": "#1"}
			}
		},
		{
			"from": [7.1939, -0.1648, 7.36555],
			"to": [8.8089, 1.65208, 10.1918],
			"rotation": {"angle": -22.5, "axis": "x", "origin": [8, -5.01712, 8]},
			"faces": {
				"north": {"uv": [6, 10.33333, 6.5, 11], "texture": "#1"},
				"east": {"uv": [9, 1, 10, 1.66667], "texture": "#1"},
				"south": {"uv": [10.33333, 6, 10.83333, 6.66667], "texture": "#1"},
				"west": {"uv": [9, 7.66667, 10, 8.33333], "texture": "#1"},
				"up": {"uv": [2.16667, 10.66667, 1.66667, 9.66667], "texture": "#1"},
				"down": {"uv": [2.83333, 9.66667, 2.33333, 10.66667], "texture": "#1"}
			}
		},
		{
			"from": [7.62559, -10.0264, 5.92116],
			"to": [8.37721, -8.81515, 7.93991],
			"rotation": {"angle": 0, "axis": "y", "origin": [8, -5.01712, 8]},
			"faces": {
				"north": {"uv": [7.66667, 11.66667, 8.16667, 12.16667], "texture": "#1"},
				"east": {"uv": [10.33333, 10, 11, 10.5], "texture": "#1"},
				"south": {"uv": [11.66667, 8, 12.16667, 8.5], "texture": "#1"},
				"west": {"uv": [10.66667, 0, 11.33333, 0.5], "texture": "#1"},
				"up": {"uv": [11.16667, 1.33333, 10.66667, 0.66667], "texture": "#1"},
				"down": {"uv": [11.16667, 1.33333, 10.66667, 2], "texture": "#1"}
			}
		},
		{
			"from": [7.62559, -8.5264, 6.42116],
			"to": [8.37721, -7.31515, 8.43991],
			"rotation": {"angle": 0, "axis": "y", "origin": [8, -5.01712, 8]},
			"faces": {
				"north": {"uv": [7.66667, 11.66667, 8.16667, 12.16667], "texture": "#1"},
				"east": {"uv": [10.33333, 10, 11, 10.5], "texture": "#1"},
				"south": {"uv": [11.66667, 8, 12.16667, 8.5], "texture": "#1"},
				"west": {"uv": [10.66667, 0, 11.33333, 0.5], "texture": "#1"},
				"up": {"uv": [11.16667, 1.33333, 10.66667, 0.66667], "texture": "#1"},
				"down": {"uv": [11.16667, 1.33333, 10.66667, 2], "texture": "#1"}
			}
		},
		{
			"from": [7.1939, -0.1648, 5.8082],
			"to": [8.8089, 1.65208, 8.63445],
			"rotation": {"angle": 22.5, "axis": "x", "origin": [8, -5.01712, 8]},
			"faces": {
				"north": {"uv": [10.83333, 6, 10.33333, 6.66667], "texture": "#1"},
				"east": {"uv": [10, 1, 9, 1.66667], "texture": "#1"},
				"south": {"uv": [6.5, 10.33333, 6, 11], "texture": "#1"},
				"west": {"uv": [10, 7.66667, 9, 8.33333], "texture": "#1"},
				"up": {"uv": [2.16667, 9.66667, 1.66667, 10.66667], "texture": "#1"},
				"down": {"uv": [2.83333, 10.66667, 2.33333, 9.66667], "texture": "#1"}
			}
		}
	],
	"gui_light": "front",
	"display": {
		"thirdperson_righthand": {
			"rotation": [-178.25, 0, 0],
			"translation": [0, -2.5, 0.5],
			"scale": [0.44, 0.44, 0.44]
		},
		"thirdperson_lefthand": {
			"rotation": [-178.25, 0, 0],
			"translation": [0, -2.5, 0.5],
			"scale": [0.44, 0.44, 0.44]
		},
		"firstperson_righthand": {
			"rotation": [146.25, 0, 0],
			"translation": [24, -18.5, -14.5]
		},
		"firstperson_lefthand": {
			"rotation": [146.25, 0, 0],
			"translation": [24, -18.5, -14.5]
		},
		"ground": {
			"rotation": [0, 0, -77],
			"translation": [5.25, -0.25, 0],
			"scale": [0.42, 0.42, 0.42]
		},
		"gui": {
			"rotation": [-90, 45, 90],
			"translation": [-5.75, 5.75, 0],
			"scale": [0.67, 0.67, 0.67]
		},
		"head": {
			"scale": [0.06, 0.06, 0.06]
		},
		"fixed": {
			"rotation": [0, 90, 0],
			"translation": [0, 13.25, -0.25]
		}
	},
	"groups": [
		{
			"name": "key",
			"origin": [7.98783, 8, 20],
			"color": 0,
			"nbt": "{}",
			"children": [
				{
					"name": "group",
					"origin": [7.98783, -9.48549, 8.01589],
					"color": 0,
					"nbt": "{}",
					"children": [0, 1, 2, 3, 4, 5]
				},
				{
					"name": "group",
					"origin": [7.98783, -9.48549, 20.01589],
					"color": 0,
					"nbt": "{}",
					"children": [6, 7, 8, 9, 10, 11, 12, 13]
				},
				{
					"name": "group",
					"origin": [7.9986, 6.44946, 2],
					"color": 0,
					"nbt": "{}",
					"children": []
				}
			]
		}
	]
}